label_id,record,element,state,tru8_label,tru8_reasoning,source,url,tier,passage,gemini_verdict,gemini_confidence,gemini_reason,gemini_justified,gemini_kind,gemini_flash_verdict,gemini_flash_confidence,gemini_flash_reason,gemini_flash_justified,gemini_flash_kind
t01_brexit/c1/e1/ev-06cbaa2b1b96,t01_brexit,The United Kingdom formally ceased to be a member state of the European Union on 31 January 2020.,supported,supports,States that the UK left the European Union on 31 January 2020 at midnight (CET) after 47 years.,ec.europa.eu,https://ec.europa.eu/newsroom/councileu/items/663312/en,primary,- The UK left the EU on 31 January 2020 at midnight (CET) after 47 years. - The transition period provided for in the withdrawal agreement is due to last until 31 December 2020.,supports,1.0,"The passage explicitly states that the UK left the EU on 31 January 2020, which aligns with the claim that it formally ceased to be a member state on that date.",Y,,supports,0.98,The passage explicitly states that the UK left the EU on 31 January 2020.,Y,
t01_brexit/c1/e1/ev-8729f7046e57,t01_brexit,The United Kingdom formally ceased to be a member state of the European Union on 31 January 2020.,supported,supports,Confirms that Northern Ireland and the rest of the UK left the EU on 31 January 2020.,niassembly.gov.uk,https://www.niassembly.gov.uk/assembly-business/brexit-and-beyond/brexit-questions-and-answers/,primary,"” The UK in a Changing Europe has published a report on potential paths for the review of the TCA. Is Northern Ireland in the EU. Northern Ireland and the rest of the UK left the EU on 31 January 2020. However, under the terms of the EU-UK agreements, special arrangements apply in Northern Ireland. Under the Windsor Framework, Northern Ireland remains aligned with EU single market rules for goods and therefore maintains access to this market",supports,1.0,"The passage explicitly states that the UK left the EU on 31 January 2020, which directly supports the element.",Y,,supports,0.98,The passage explicitly states that Northern Ireland and the rest of the UK left the EU on 31 January 2020.,Y,
t01_brexit/c1/e1/ev-84b4128c32f9,t01_brexit,The United Kingdom formally ceased to be a member state of the European Union on 31 January 2020.,supported,supports,"Identifies January 31, 2020 as the date Brexit occurred before entering the transition period.",guides.loc.gov,https://guides.loc.gov/brexit,primary,"- January 31, 2020: BREXIT. - The next phase is an 11-month transition period, during which time the UK will continue to follow most EU rules but will not have any decision-making power in the EU. - January 1, 2021: The final split between the UK and EU.",supports,1.0,"The passage confirms the date of Brexit as January 31, 2020, which aligns with the UK formally ceasing to be a member state of the EU.",Y,,error,,no response,,
t01_brexit/c1/e1/ev-373f6f35ad1a,t01_brexit,The United Kingdom formally ceased to be a member state of the European Union on 31 January 2020.,supported,supports,"Records that at 11pm on 31 January 2020, the UK left the EU and entered a transition period.",commonslibrary.parliament.uk,https://commonslibrary.parliament.uk/research-briefings/cbp-7960/,primary,"At 11pm on 31 January 2020, the UK left the EU and entered a transition period. At 11pm on 31 December 2020, the transition period ended and the ...",supports,1.0,"The passage explicitly states that the UK left the EU on 31 January 2020, which aligns with the claim.",Y,,supports,0.98,The passage directly confirms that the UK left the EU at 11pm on 31 January 2020.,Y,
t01_brexit/c1/e1/ev-125b142005c8,t01_brexit,The United Kingdom formally ceased to be a member state of the European Union on 31 January 2020.,supported,supports,Lists official timeline record confirming the United Kingdom officially left the EU at 11pm on 31 January 2020.,niassembly.gov.uk,https://www.niassembly.gov.uk/assembly-business/brexit-and-beyond/timeline-and-key-documents/,primary,"- 2 March 2020 - Negotiations on Future Relationship Negotiations on the Future Relationship formally begin. - 1 February 2020 - Transition period begins The Withdrawal Agreement enters into force and the UK enters the transition period. - 31 January 2020 - UK leaves the EU The United Kingdom officially leaves the European Union at 11pm. - 24 January 2020 - Withdrawal Agreement signed The Withdrawal Agreement is signed by the EU and UK. - 11 January 2020 - Assembly Restored The Northern Ireland Assembly is restored with the ‘New Decade, New Approach’ agreement",supports,1.0,"The passage explicitly states that on 31 January 2020, the United Kingdom officially leaves the European Union.",Y,,supports,1.0,The passage explicitly states that the United Kingdom officially left the European Union on 31 January 2020.,Y,
t01_brexit/c1/e2/ev-4e951257bf82,t01_brexit,The United Kingdom remained bound by and participated in the EU single market from 31 January 2020 until 31 December 2020.,supported,supports,Confirms the UK left the EU single market at the end of the Brexit transition period on 31 December 2020.,lordslibrary.parliament.uk,https://lordslibrary.parliament.uk/uk-eu-relations-proposals-for-customs-union-and-connections-with-the-eu-single-market/,primary,The UK left the EU customs union and single market at the end of the Brexit transition period on 31 December 2020. There has been debate ...,supports,1.0,The passage confirms that the UK remained in the single market until the end of the transition period on 31 December 2020.,Y,,error,,,,
t01_brexit/c1/e2/ev-637951569c4d,t01_brexit,The United Kingdom remained bound by and participated in the EU single market from 31 January 2020 until 31 December 2020.,supported,supports,States the UK remained a member of the single market and subject to EU law from 31 January 2020 until 31 December 2020.,instituteforgovernment.org.uk,https://www.instituteforgovernment.org.uk/article/explainer/brexit-transition-period,commentary,"- The transition period started immediately after the UK left the EU on 31 January 2020. - The Withdrawal Agreement specifies that the transition period will last until 31 December 2020. - The Brexit transition is the period agreed in the UK–EU Withdrawal Agreement in which the UK is no longer a member of the EU but remains a member of the single market and customs union. - During this time, the EU has continued to treat the UK as a member of the single market and customs union. - The UK remains subject to EU law and the rulings of the European Court of Justice throughout the transition period.",supports,1.0,"The passage explicitly states that during the transition period from 31 January 2020 to 31 December 2020, the UK remained a member of the single market.",Y,,supports,1.0,The passage confirms that during the transition period from 31,Y,
t01_brexit/c1/e2/ev-14d5df4efbfd,t01_brexit,The United Kingdom remained bound by and participated in the EU single market from 31 January 2020 until 31 December 2020.,supported,supports,"Confirms that during the transition period running until 31 December 2020, the UK remained part of the EU single market.",aeb.com,https://www.aeb.com/en/glossary/transition-period.php,commentary,"- The transition period started on February 1, 2020 and will end on December 31, 2020. - During the transition period, the United Kingdom is not a Member State of the European Union anymore, however, it is still part of the EU customs union and single market.",supports,1.0,"The passage explicitly states that during the transition period from February 1, 2020, to December 31, 2020, the United Kingdom remained part of the EU single market.",Y,,error,,no response,,
t01_brexit/c1/e2/ev-fca1275ef5cd,t01_brexit,The United Kingdom remained bound by and participated in the EU single market from 31 January 2020 until 31 December 2020.,supported,supports,Confirms the UK remained in the single market until its scheduled exit at 11pm GMT on 31 December 2020.,commonslibrary.parliament.uk,https://commonslibrary.parliament.uk/end-of-the-brexit-transition-period-what-will-change/,primary,The UK is due to leave the single market and customs union at 11pm GMT on 31 December 2020.This would be the case both under the UK Government's ...,supports,0.9,The passage confirms that the UK remained in the single market until 31 December 2020.,Y,,error,,no response,,
t01_brexit/c1/e3/ev-851396749a43,t01_brexit,The United Kingdom remained bound by and participated in the EU customs union from 31 January 2020 until 31 December 2020.,supported,supports,Confirms the UK remained a member of the EU customs union until leaving at the end of the transition period in December 2020.,ukandeu.ac.uk,https://ukandeu.ac.uk/explainers/explainer-customs-unions/,commentary,"- The UK was a member of the EU Customs Union until it left at the end of 2020. - The UK – along with Guernsey, Jersey and the Isle of Man – left the EU customs union at the end of the Brexit transition period at the end of December 2020.",supports,1.0,"The passage confirms that the UK remained in the EU Customs Union until the end of December 2020, which aligns with the timeframe stated in the element.",Y,,supports,0.9,"The passage states that the UK was in the EU customs union until it left at the end of December 2020, supporting the element.",Y,
t01_brexit/c1/e3/ev-4e951257bf82,t01_brexit,The United Kingdom remained bound by and participated in the EU customs union from 31 January 2020 until 31 December 2020.,supported,supports,States that the UK left the EU customs union at the end of the transition period on 31 December 2020.,lordslibrary.parliament.uk,https://lordslibrary.parliament.uk/uk-eu-relations-proposals-for-customs-union-and-connections-with-the-eu-single-market/,primary,The UK left the EU customs union and single market at the end of the Brexit transition period on 31 December 2020. There has been debate ...,supports,1.0,The passage confirms that the UK remained in the EU customs union until the end of the transition period on 31 December 2020.,Y,,error,,no response,,
t01_brexit/c1/e3/ev-637951569c4d,t01_brexit,The United Kingdom remained bound by and participated in the EU customs union from 31 January 2020 until 31 December 2020.,supported,supports,States the UK remained a member of the customs union throughout the transition period ending 31 December 2020.,instituteforgovernment.org.uk,https://www.instituteforgovernment.org.uk/article/explainer/brexit-transition-period,commentary,"- The transition period started immediately after the UK left the EU on 31 January 2020. - The Withdrawal Agreement specifies that the transition period will last until 31 December 2020. - The Brexit transition is the period agreed in the UK–EU Withdrawal Agreement in which the UK is no longer a member of the EU but remains a member of the single market and customs union. - During this time, the EU has continued to treat the UK as a member of the single market and customs union. - The UK remains subject to EU law and the rulings of the European Court of Justice throughout the transition period.",supports,1.0,"The passage explicitly states that during the transition period from 31 January 2020 to 31 December 2020, the UK remained a member of the customs union.",Y,,supports,1.0,"The passage confirms that during the transition period from 31 January 2020 until 31 December 2020, the UK remained a member of the customs union and subject to EU law.",Y,
t01_brexit/c1/e3/ev-14d5df4efbfd,t01_brexit,The United Kingdom remained bound by and participated in the EU customs union from 31 January 2020 until 31 December 2020.,supported,supports,Affirms the UK remained part of the EU customs union during the transition period ending 31 December 2020.,aeb.com,https://www.aeb.com/en/glossary/transition-period.php,commentary,"- The transition period started on February 1, 2020 and will end on December 31, 2020. - During the transition period, the United Kingdom is not a Member State of the European Union anymore, however, it is still part of the EU customs union and single market.",supports,1.0,"The passage explicitly states that during the transition period from February 1, 2020, to December 31, 2020, the United Kingdom remained part of the EU customs union.",Y,,supports,0.95,The passage confirms that during the,Y,
t01_brexit/c1/e3/ev-fca1275ef5cd,t01_brexit,The United Kingdom remained bound by and participated in the EU customs union from 31 January 2020 until 31 December 2020.,supported,supports,Confirms the UK remained in the customs union until exiting at 11pm GMT on 31 December 2020.,commonslibrary.parliament.uk,https://commonslibrary.parliament.uk/end-of-the-brexit-transition-period-what-will-change/,primary,The UK is due to leave the single market and customs union at 11pm GMT on 31 December 2020.This would be the case both under the UK Government's ...,supports,0.9,The passage confirms that the UK remained in the customs union throughout the transition period leading up to 31 December 2020.,Y,,error,,,,
t02_select/c1/e1/ev-de0e2c3ecaff,t02_select,The SELECT trial demonstrated a causal link between semaglutide administration and the prevention of heart attacks.,supported,supports,"Reports that over 40 months of follow-up in the SELECT trial, cardiovascular death, nonfatal heart attack, or nonfatal stroke occurred 20% less often in the semaglutide group.",imedic.health,https://imedic.health/en/health/news/semaglutide-heart-benefits-infection-mortality-signal,reporting,"- The SELECT trial enrolled 17,604 adults aged 45 or older who had established cardiovascular disease and a body mass index of at least 27 but did not have diabetes. - Participants in the SELECT trial received once-weekly semaglutide 2.4 mg or placebo alongside usual medical care. - Over approximately 40 months of follow-up, cardiovascular death, nonfatal heart attack, or nonfatal stroke occurred 20% less often in the semaglutide group.",supports,0.9,"The passage reports that nonfatal heart attacks occurred 20% less often in the semaglutide group in the SELECT trial, which supports the claim of a link between semaglutide and heart attack prevention.",Y,,error,,no response,,
t02_select/c1/e1/ev-3307641904ff,t02_select,The SELECT trial demonstrated a causal link between semaglutide administration and the prevention of heart attacks.,supported,supports,"Confirms the SELECT trial demonstrated semaglutide significantly reduced nonfatal myocardial infarction, stroke, or CV mortality compared to placebo (6.5% vs 8.0%, HR 0.80, P<0.001).",wikijournalclub.org,https://www.wikijournalclub.org/wiki/SELECT,commentary,"- The 2023 SELECT trial randomized 17,604 adults with overweight or obesity and prior cardiovascular disease events but no diabetes to semaglutide or placebo. - At 34 months, semaglutide was associated with a lower risk of cardiovascular mortality, nonfatal myocardial infarction, or nonfatal stroke when compared to placebo (6.5% vs. 8.0%; HR 0.80; 95% CI 0.72-0.90; P<0.001; NNT=67).",supports,1.0,"The passage reports the SELECT trial's finding that semaglutide was associated with a lower risk of nonfatal myocardial infarction, supporting the causal link with the prevention of heart attacks.",Y,,supports,,,Y,
t02_select/c1/e1/ev-b6cd882c2f82,t02_select,The SELECT trial demonstrated a causal link between semaglutide administration and the prevention of heart attacks.,supported,supports,States that the SELECT trial data showed semaglutide reduced the risk of major adverse cardiac events by 20% in participants aged 45 and over.,theguardian.com,https://www.theguardian.com/science/2025/oct/22/weight-loss-drug-cuts-heart-attack-risk-no-matter-how-many-kgs-are-shed-study-finds,reporting,"- The SELECT trial looked at whether people taking semaglutide went on to suffer a major adverse cardiac event, examining data on 17,604 people aged 45 and over who were either overweight or obese. - Previous analysis of the SELECT data found that semaglutide reduced the risk of major adverse cardiac events by 20%. - According to researchers, even people who were only mildly overweight, with a body mass index (BMI) score of 27, experienced similar benefits to those with the highest BMI scores.",supports,0.95,"The passage reports that the SELECT trial found semaglutide reduced the risk of major adverse cardiac events, which directly supports the claim of a causal link in preventing heart attacks.",Y,,error,,no response,,
t02_select/c1/e1/ev-4c5d36a45a4a,t02_select,The SELECT trial demonstrated a causal link between semaglutide administration and the prevention of heart attacks.,supported,supports,Notes that semaglutide improved cardiovascular outcomes in this clinical trial compared to prior interventions.,nejm.org,https://www.nejm.org/doi/full/10.1056/NEJMoa2307563,primary,"Semaglutide improved cardiovascular outcomes in this trial, whereas lifestyle and pharmacologic interventions for overweight or obesity tested in previous ...",supports,0.9,"The passage reports that semaglutide improved cardiovascular outcomes in the trial, which supports the claim of a causal link to preventing heart attacks.",Y,,error,,no response,,
t02_select/c1/e2/ev-d9da31f9ffaa,t02_select,"The heart attack prevention benefit of semaglutide applies universally to every individual who is overweight, compared to a placebo or no treatment baseline.",disputed,challenges,"Shows the SELECT trial was restricted to adults aged 45 or older with a BMI >= 27, established CVD, and no diabetes, contradicting universal applicability to all overweight individuals.",onedaymd.aestheticsadvisor.com,https://onedaymd.aestheticsadvisor.com/2026/08/SELECT-STEP-SURPASS-FLOW-GLP1-clinical-trials.html,commentary,"- According to the SELECT trial, semaglutide 2.4 mg cuts major cardiovascular events by 20% in people with overweight or obesity and existing heart disease who do not have diabetes. - The SELECT trial enrolled 17,604 adults across 804 sites in 41 countries who were at least 45 years old, had a BMI of 27 or higher, established cardiovascular disease, and no diagnosis of diabetes. - In the SELECT trial, the primary outcome of 3-point MACE occurred in 6.5% of participants with semaglutide versus 8.0% with placebo, representing a hazard ratio of 0.80 and a 20% relative risk reduction.",challenges,1.0,"The element claims the benefit applies universally to every individual who is overweight, whereas the passage specifies it applies to a specific subset with existing heart disease and obesity or overweight.",Y,,error,,no response,,
t02_select/c1/e2/ev-d41af90ab2b5,t02_select,"The heart attack prevention benefit of semaglutide applies universally to every individual who is overweight, compared to a placebo or no treatment baseline.",disputed,challenges,"Highlights that participants were required to have established cardiovascular disease and were aged 45 or older with diabetes excluded, refuting universality.",vitalsdaily.com,https://vitalsdaily.com/2026/08/19/semaglutide-select-trial-anti-inflammatory-cardiovascular-protection/,commentary,"- The SELECT trial enrolled more than 17,600 adults aged 45 or older with established cardiovascular disease and a body mass index of 27 or higher, but without diabetes. - Participants in the SELECT trial were randomized to receive either once-weekly subcutaneous 2.4 mg semaglutide or a placebo and were followed for a median of approximately 40 months. - By week 104, semaglutide had reduced hsCRP levels by 37.8% compared to placebo in a prespecified analysis of the SELECT trial. - The SELECT trial excluded patients with diabetes. - The SELECT trial analysis on inflammation was a prespecified secondary analysis rather than the primary endpoint.",challenges,0.9,"The element claims the benefit applies universally to every individual who is overweight, whereas the passage specifies that the trial only enrolled adults with established cardiovascular disease and without diabetes, meaning it does not t…",Y,,neither,0.95,"The passage discusses the SELECT trial's design and its effect on hsCRP levels, but does not address heart attack prevention or universal efficacy across all overweight individuals.",N,neither
t02_select/c1/e2/ev-af3f6c39eea3,t02_select,"The heart attack prevention benefit of semaglutide applies universally to every individual who is overweight, compared to a placebo or no treatment baseline.",disputed,challenges,"Confirms trial participants all had pre-existing established atherosclerotic cardiovascular disease and no diabetes, limiting the population scope.",news-medical.net,https://www.news-medical.net/news/20260824/Semaglutidee28099s-heart-benefits-may-partly-involve-reduced-inflammation.aspx,reporting,"- The SELECT trial included 17,604 participants, all of whom had overweight or obesity and established atherosclerotic cardiovascular disease without diabetes. - Once-weekly semaglutide (2.4 mg) treatment led to a 37.8% placebo-corrected reduction in geometric mean high-sensitivity C-reactive protein (hsCRP) levels at week 104 in the SELECT trial.",neither,1.0,"The passage discusses C-reactive protein reduction in a specific subset of overweight individuals with cardiovascular disease, but does not address whether the heart attack prevention benefit applies universally to every individual who is …",N,neither,neither,0.9,The passage only discusses the reduction of hsCRP levels in trial participants and does not mention heart attack prevention or universal applicability to every overweight individual.,N,neither
t02_select/c1/e2/ev-e034ece5a149,t02_select,"The heart attack prevention benefit of semaglutide applies universally to every individual who is overweight, compared to a placebo or no treatment baseline.",disputed,challenges,"Specifies that SELECT eligibility required patients to be at least 45 years old with established cardiovascular disease, directly contradicting a universal benefit.",news-medical.net,https://www.news-medical.net/news/20251026/Semaglutide-protects-the-heart-beyond-weight-loss-SELECT-trial-shows.aspx,reporting,"- The SELECT trial evaluated whether semaglutide as an adjunct to standard of care was superior to placebo in decreasing MACE risk in 17,604 non-diabetic patients with obesity or overweight and cardiovascular disease. - Eligible patients in the SELECT trial were aged 45 years or older, with a body mass index of 27 kg/m2 or higher and established cardiovascular disease. - Over the SELECT trial period, semaglutide reduced MACE incidence, with no heterogeneity in effect across baseline body habitus measures.",challenges,0.95,"The passage restricts the studied population to those with established cardiovascular disease, whereas the element claims the benefit applies universally to every individual who is overweight.",Y,,error,,no response,,
t02_select/c1/e2/ev-62dde1ceb4a5,t02_select,"The heart attack prevention benefit of semaglutide applies universally to every individual who is overweight, compared to a placebo or no treatment baseline.",disputed,challenges,"The SELECT trial population was restricted to patients with cardiovascular disease, directly challenging the claim that the benefit applies universally to every overweight individual.",thelancet.com,https://www.thelancet.com/journals/lancet/article/PIIS0140-6736(25)01375-3/fulltext,primary,The SELECT trial found semaglutide reduced major adverse cardiovascular events (MACE) in patients with overweight or obesity with cardiovascular disease but ...,challenges,1.0,"The passage restricts the benefit to patients with cardiovascular disease, whereas the element claims it applies universally to every individual who is overweight.",Y,,error,,,,
t02_select/c1/e3/ev-8448f5a1b7f0,t02_select,Semaglutide treatment achieves an absolute risk reduction of 20% for heart attacks compared to the control baseline in the specified population.,disputed,challenges,Reports that the 20% reduction was a relative risk reduction (HR 0.80) and that the absolute risk reduction was only 1.5 percentage points (6.5% vs 8.0%).,news-medical.net,https://www.news-medical.net/news/20260402/Wegovyc2ae-(semaglutide-injection)-24-mg-recommended-by-NICE-to-reduce-risk-of-major-adverse-cardiovascular-events-including-heart-attacks-and-strokes-in-adults-with-established-cardiovascular-disease-and-overweight-or-obesity.aspx,reporting,"- NICE recommended Wegovy (semaglutide injection) 2.4 mg to reduce the risk of major adverse cardiovascular events in adults with established cardiovascular disease and either obesity or overweight (BMI >= 27 kg/m2). - The SELECT trial demonstrated that semaglutide 2.4 mg on top of standard of care reduced the risk for the first occurrence of MACE by 20% compared to placebo, with a hazard ratio of 0.80. - Over the trial period, MACE occurred in 6.5% of participants receiving semaglutide compared with 8.0% receiving placebo, representing an absolute risk reduction of 1.5 percentage points.",challenges,1.0,"The passage explicitly states that the absolute risk reduction was 1.5 percentage points, which directly contradicts the element's claim of a 20% absolute risk reduction.",Y,,challenges,0.95,,Y,
t02_select/c1/e3/ev-76218fac2751,t02_select,Semaglutide treatment achieves an absolute risk reduction of 20% for heart attacks compared to the control baseline in the specified population.,disputed,challenges,Explicitly notes that semaglutide demonstrated a 20% relative risk reduction (RRR) but an absolute risk reduction (ARR) of only 1.5%.,novomedlink.com,https://www.novomedlink.com/obesity/products/treatments/wegovy/efficacy-safety/reduce-mace-risk.html,primary,"- The SELECT trial included 17,604 patients without diabetes who had established cardiovascular disease and obesity or overweight. - The SELECT trial demonstrated a 20% relative risk reduction (RRR) and a 1.5% absolute risk reduction (ARR) of major adverse cardiovascular events (MACE) when semaglutide was added to standard of care. - In the SELECT trial, 6.5% (569 of 8,803) of patients on the semaglutide pen experienced a MACE event compared with 8.0% (701 of 8,801) with placebo (HR 0.80, 95% CI 0.72-0.90).",challenges,1.0,"The passage states that the absolute risk reduction was 1.5%, which directly contradicts the claim of a 20% absolute risk reduction.",Y,,challenges,0.95,"The passage specifies that semaglutide achieved a 20% relative risk reduction and a 1.5% absolute risk reduction, directly contradicting the claim that the",Y,
t02_select/c1/e3/ev-75357b9b7190,t02_select,Semaglutide treatment achieves an absolute risk reduction of 20% for heart attacks compared to the control baseline in the specified population.,disputed,challenges,"Shows the primary composite endpoint occurred in 6.5% of semaglutide patients versus 8.0% of placebo patients, contradicting an absolute reduction of 20%.",cardionerds.com,https://www.cardionerds.com/cardsjc-semaglutide-and-cardiovascular-outcomes-in-obesity-without-diabetes-select-trial/,primary,"- The SELECT trial randomized 17,604 patients between October 2018 and March 2021 into 8,803 in the semaglutide arm and 8,801 in the placebo arm. - Patients in the semaglutide study arm experienced a significantly lower rate of the primary cardiovascular composite end-point compared to placebo (6.5% vs 8.0%, HR 0.80, 95% CI 0.72-0.90). - The SELECT trial evaluated adults with a mean age of 61.6 years, mean BMI of 33.3, and established cardiovascular disease without diabetes.",challenges,1.0,"The passage reports an absolute rate of 6.5% vs 8.0% (an absolute risk reduction of 1.5%), which contradicts the claim of a 20% absolute risk reduction.",Y,,error,,no response,,
t03_creatine/c1/e2/ev-0dc82cde920b,t03_creatine,The intervention involves taking a daily dose of exactly 5g of creatine.,supported,supports,Confirms that the standard typical daily dosage of creatine is 5 grams.,livehealthy.muhealth.org,https://livehealthy.muhealth.org/stories/want-bigger-gains-your-brain-6-facts-about-creatine-and-brain-health,reporting,"- Dr. Ashraf says the typical dose of creatine is 5 grams (g) per day, which is the scoop-size found in most containers of creatine powder.",supports,0.9,"The passage confirms that the typical dose of creatine is 5 grams per day, which aligns with the element's requirement of taking a daily dose of exactly 5g.",Y,,error,,no response,,
t03_creatine/c1/e2/ev-89f3b48b21a4,t03_creatine,The intervention involves taking a daily dose of exactly 5g of creatine.,supported,supports,States that a daily dose of 5 grams per day is appropriate for most individuals.,urmc.rochester.edu,https://www.urmc.rochester.edu/news/publications/health-matters/creatine-for-beginners-should-you-take-it,reporting,"- For most people, a daily dose of 5 grams per day is appropriate.",supports,1.0,"The passage explicitly states that a daily dose of 5 grams is appropriate, which aligns with the element's requirement of taking a daily dose of exactly 5g.",Y,,error,,,,
t03_creatine/c1/e2/ev-3a3cfa12d41b,t03_creatine,The intervention involves taking a daily dose of exactly 5g of creatine.,supported,supports,Reports that the general recommendation and safe adult dose for creatine supplementation is 3 to 5 grams per day.,health.harvard.edu,https://www.health.harvard.edu/exercise-and-fitness/what-is-creatine-potential-benefits-and-risks-of-this-popular-supplement,reporting,"- The general recommendation for people who do take a creatine supplement is 3 to 5 grams per day. - An adult dose of 3 to 5 grams of creatine daily is safe, though people with kidney disease should consult with their doctor prior to taking it.",neither,1.0,"The passage recommends a range of 3 to 5 grams per day, which does not specifically support or challenge the requirement of taking *exactly* 5g daily.",N,neither,neither,0.9,The passage discusses general daily recommendations and safety ranges (3 to 5 grams per day) rather than confirming an intervention with a dose of exactly 5g.,N,neither
t03_creatine/c1/e2/ev-1d0a841f8aae,t03_creatine,The intervention involves taking a daily dose of exactly 5g of creatine.,supported,supports,Identifies the standard clinically effective dose of creatine as 3 to 5 grams per day.,cedars-sinai.org,https://www.cedars-sinai.org/stories-and-insights/healthy-living/should-you-take-creatine-what-to-know-before-you-supplement,reporting,"- The clinically effective dose of creatine is typically 3-5 grams per day, according to experts.",neither,1.0,"The passage mentions a general dose range of 3-5 grams per day, which does not specifically support or challenge the requirement of taking exactly 5g daily.",N,neither,neither,0.9,The passage discusses a general recommended dosage range of 3-5 grams per day rather than specifying an intervention involving a daily dose of exactly 5g.,N,neither
t03_creatine/c1/e2/ev-6f5afaebeedd,t03_creatine,The intervention involves taking a daily dose of exactly 5g of creatine.,supported,supports,Notes that 3 to 5 grams daily is sufficient for most adults taking creatine.,uclahealth.org,https://www.uclahealth.org/news/article/why-everyones-talking-about-creatine,reporting,"- According to Yasi Ansari, 3 to 5 grams daily is sufficient for most adults taking creatine. - Emerging data suggests creatine may help with cognitive function and fatigue, particularly in people experiencing sleep loss, vegetarians, and older adults.",neither,1.0,"The passage states that 3 to 5 grams daily is sufficient for most adults, which does not specifically confirm a daily dose of exactly 5g as stated in the element.",N,neither,error,,no response,,
t03_creatine/c1/e2/ev-af39352b160a,t03_creatine,The intervention involves taking a daily dose of exactly 5g of creatine.,supported,supports,"This commentary notes that most clinical studies use 3 to 5 grams of creatine monohydrate per day, supporting the dose specified in the element.",cooperaerobics.com,https://www.cooperaerobics.com/blog/how-much-creatine-should-i-take-a-simple-guide-for-adults/,commentary,- Most clinical studies use 3 to 5 grams of creatine monohydrate per day.,neither,1.0,"The passage mentions a general range of 3 to 5 grams used in most studies, but does not state that the specific intervention in question involves taking exactly 5g daily.",N,neither,error,,no response,,
t03_creatine/c1/e4/ev-0cec55266aec,t03_creatine,The administration of 5g of creatine daily successfully prevents the development of dementia in healthy adults.,disputed,challenges,Reports that clinical trials to date have not shown any protective effect against neurodegenerative diseases from creatine supplementation.,alzdiscovery.org,https://www.alzdiscovery.org/cognitive-vitality/ratings/creatine,commentary,"- Trials to date have not shown a protective effect for neurodegenerative disease from creatine supplementation. - No clear benefits have been observed in clinical trials conducted to date in patients with Parkinson’s disease, Huntington’s disease, or amyotrophic lateral sclerosis (ALS).",challenges,0.9,"The passage states that trials to date have not shown a protective effect for neurodegenerative disease from creatine supplementation, which contradicts the claim that it successfully prevents dementia.",Y,,error,,no response,,
t04_jwst/c1/e1/ev-13160ec05246,t04_jwst,The James Webb Space Telescope orbits the Earth with a period of 90 minutes.,disputed,challenges,"Confirms that Webb orbits the Sun at the second Lagrange point (L2) 1.5 million km away, while Hubble is the telescope orbiting Earth every 90 minutes.",science.nasa.gov,https://science.nasa.gov/mission/webb/orbit/,primary,"- Unlike Hubble, which goes in and out of Earth shadow every 90 minutes, Webb has an unimpeded view that allows science operations 24/7. - The James Webb Space Telescope is not in orbit around the Earth, like the Hubble Space Telescope is - it actually orbits the Sun, 1.5 million kilometers (1 million miles) away from the Earth at what is called the second Lagrange point or L2.",challenges,1.0,"The passage explicitly states that the James Webb Space Telescope is not in orbit around the Earth, but rather orbits the Sun at the second Lagrange point.",Y,,challenges,1.0,"The passage explicitly states that the James Webb Space Telescope does not orbit the Earth, but instead orbits the Sun at",Y,
t04_jwst/c1/e1/ev-bc0879787253,t04_jwst,The James Webb Space Telescope orbits the Earth with a period of 90 minutes.,disputed,challenges,"Explains that Hubble orbits Earth every 90 minutes, whereas the James Webb Space Telescope is positioned at L2.",skyatnightmagazine.com,https://www.skyatnightmagazine.com/space-missions/nasa-james-webb-space-telescope-observe-universe,reporting,"- The James Webb Space Telescope has a 6.5m primary mirror. - JWST launched from the Guiana Space Centre on an Ariane 5 rocket on 25 December 2021. - Unlike Hubble, which orbits Earth, going in and out of our shadow every 90 minutes, the James Webb Space Telescope is hovering at L2.",challenges,1.0,"The passage explicitly states that, unlike Hubble which orbits Earth every 90 minutes, the James Webb Space Telescope hovers at L2.",Y,,challenges,1.0,"The passage states that Hubble orbits Earth every 90 minutes, whereas the James Webb Space Telescope hovers at L2.",Y,
t04_jwst/c1/e1/ev-d0bd1487cd5f,t04_jwst,The James Webb Space Telescope orbits the Earth with a period of 90 minutes.,disputed,challenges,"Clarifies that Hubble goes in and out of Earth's shadow every 90 minutes, unlike Webb.",reddit.com,https://www.reddit.com/r/jameswebb/comments/rxkach/why_doesnt_the_jwst_stay_in_the_earths_shadow/,commentary,"Unlike Hubble, which goes in and out of Earth shadow every 90 minutes, Webb will have an unimpeded view that will allow science operations 24/7",challenges,1.0,"The passage contrasts Hubble's 90-minute orbit with Webb's continuous view, directly contradicting the claim that Webb orbits the Earth with a period of 90 minutes.",Y,,challenges,0.95,"The passage contrasts Webb with Hubble, which enters Earth's shadow every 90 minutes, stating that Webb will instead have an unimpeded view allowing 24/7 operations.",Y,
t04_jwst/c1/e1/ev-8d4392521c0e,t04_jwst,The James Webb Space Telescope orbits the Earth with a period of 90 minutes.,disputed,challenges,States that JWST orbits the Sun-Earth L2 Lagrange point approximately 1.5 million km from Earth rather than orbiting Earth.,orbitalradar.com,https://orbitalradar.com/satellites/james-webb,primary,"- The James Webb Space Telescope (JWST) was launched on 25 December 2021. - It has a primary mirror with a 6.5 m diameter. - It orbits the Sun-Earth L2 Lagrange point, approximately 1.5 million km from Earth.",challenges,1.0,"The passage states that the telescope orbits the Sun-Earth L2 Lagrange point, which contradicts the claim that it orbits the Earth with a 90-minute period.",Y,,challenges,0.95,The passage explicitly states that the telescope orbits the Sun-Earth L2 Lagrange point rather than orbiting the Earth.,Y,
t04_jwst/c1/e1/ev-70b58f16587d,t04_jwst,The James Webb Space Telescope orbits the Earth with a period of 90 minutes.,disputed,challenges,Notes that JWST orbits the Sun around L2 nearly 1.5 million kilometres from Earth.,space.com,https://www.space.com/21925-james-webb-space-telescope-jwst.html,reporting,"- The James Webb Space Telescope (JWST) launch date was Dec. 25, 2021. - JWST orbits the sun, around the second Lagrange point (L2), nearly 1 million miles (1.5 million kilometers) from Earth. - The primary mirror size is 21.3 feet (6.5 meters) across.",challenges,1.0,"The passage states that the telescope orbits the sun around the second Lagrange point, which directly contradicts the claim that it orbits the Earth with a 90-minute period.",Y,,challenges,0.95,"The passage states that the James Webb Space Telescope orbits the Sun around the second Lagrange point, which directly contradicts the claim that it orbits the Earth.",Y,
t04_jwst/c1/e1/ev-3c5d95ad6d09,t04_jwst,The James Webb Space Telescope orbits the Earth with a period of 90 minutes.,disputed,challenges,"Reports that Webb orbits the L2 Lagrange point 1.5 million kilometres from Earth, not Earth itself.",esahubble.org,https://esahubble.org/wordbank/james-webb-space-telescope/,primary,"- The James Webb Space Telescope was launched in December 2021. - Webb is equipped with a primary mirror that spans 6.5 metres in diameter. - Webb will be orbiting a point in space beyond the orbit of the Moon known as a Lagrange point, roughly 1.5 million kilometres from Earth.",challenges,1.0,"The passage states that the telescope orbits a Lagrange point 1.5 million kilometres from Earth, which contradicts the claim that it orbits the Earth with a period of 90 minutes.",Y,,challenges,0.95,"The passage states that the telescope orbits a Lagrange point roughly 1.5 million kilometres from Earth, directly contradicting the claim that it orbits the Earth with a 90-minute period.",Y,
t04_jwst/c1/e2/ev-be8a234081c1,t04_jwst,The primary mirror of the James Webb Space Telescope has a diameter of 6.5 metres.,supported,supports,Confirms that Webb's primary mirror measures 6.5 meters across.,science.nasa.gov,https://science.nasa.gov/mission/webb/webbs-mirrors/,primary,- Webb's primary mirror is 6.5 meters (21 feet 4 inches) across.,supports,1.0,"The passage explicitly confirms that Webb's primary mirror is 6.5 meters across, which directly matches the claim.",Y,,supports,1.0,The passage directly confirms that Webb's primary mirror measures 6.5 meters across.,Y,
t04_jwst/c1/e2/ev-39463b5da542,t04_jwst,The primary mirror of the James Webb Space Telescope has a diameter of 6.5 metres.,supported,supports,States that the James Webb Space Telescope primary mirror is 6.5 meters across.,svs.gsfc.nasa.gov,https://svs.gsfc.nasa.gov/13521,primary,- The James Webb Space Telescope primary mirror is 6.5 meters (21 feet 4-inches) across.,supports,1.0,"The passage explicitly states that the primary mirror of the James Webb Space Telescope is 6.5 meters across, which directly matches the element's claim.",Y,,supports,1.0,"The passage explicitly states that the primary mirror of the James Webb Space Telescope is 6.5 meters across, directly supporting the element.",Y,
t04_jwst/c1/e2/ev-985384df10e7,t04_jwst,The primary mirror of the James Webb Space Telescope has a diameter of 6.5 metres.,supported,supports,Confirms the total diameter of Webb's primary mirror spans 6.5 metres.,esawebb.org,https://esawebb.org/about/general/mirrors/,primary,- The total diameter of Webb’s primary mirror spans 6.5 metres.,supports,1.0,"The passage explicitly states that Webb’s primary mirror spans 6.5 metres, which directly matches the element.",Y,,supports,1.0,The passage directly confirms that the diameter of Webb's primary mirror spans 6.5 metres.,Y,
t04_jwst/c1/e2/ev-265c30d77216,t04_jwst,The primary mirror of the James Webb Space Telescope has a diameter of 6.5 metres.,supported,supports,Reports that JWST features a 6.5-meter mirror.,eoportal.org,https://www.eoportal.org/satellite-missions/jwst,reporting,"- The James Webb Space Telescope (JWST) was launched in December 2021. - JWST operates from the second Lagrange point (L2) and features a large, 6.5-meter mirror. - In 2000/1, the NGST project experienced a rescoping of the telescope size (from 8 m aperture to 6.5 m) to keep projected costs in bounds.",supports,1.0,"The passage explicitly states that the James Webb Space Telescope features a 6.5-meter mirror, which directly confirms the element.",Y,,supports,0.95,The passage directly states that the James Webb Space Telescope features a 6.5-meter mirror with a 6.5 m aperture.,Y,
t04_jwst/c1/e2/ev-c8d6d11875c5,t04_jwst,The primary mirror of the James Webb Space Telescope has a diameter of 6.5 metres.,supported,supports,Confirms JWST is equipped with a 6.5-meter primary mirror.,planetary.org,https://www.planetary.org/space-missions/james-webb-space-telescope,reporting,"- NASA’s James Webb Space Telescope, JWST, is a multipurpose observatory launched in December 2021. - That still was not wide enough for JWST’s 6.5-meter mirror, which consists of 18 hexagonal segments arranged like a honeycomb.",supports,1.0,"The passage explicitly states that the JWST has a 6.5-meter mirror, which directly confirms the element.",Y,,supports,0.95,The passage directly confirms that the James Webb Space Telescope has a 6.5-meter mirror.,Y,
t04_jwst/c1/e3/ev-4a795b1ef4d5,t04_jwst,The James Webb Space Telescope was launched in December 2021.,supported,supports,"Confirms Webb was launched on December 25, 2021 on an Ariane 5 rocket.",science.nasa.gov,https://science.nasa.gov/mission/webb/launch/,primary,"- Webb was launched on December 25, 2021 on board an Ariane 5 rocket from Ariane Space Spaceport in French Guiana.",supports,1.0,"The passage explicitly states that Webb was launched on December 25, 2021, which directly confirms the element.",Y,,supports,0.98,"The passage directly confirms that Webb was launched on December 25, 2021.",Y,
t04_jwst/c1/e3/ev-5bb6f1e2cfb7,t04_jwst,The James Webb Space Telescope was launched in December 2021.,supported,supports,States that the telescope was launched on an Ariane 5 rocket in December 2021.,jwst.arizona.edu,https://jwst.arizona.edu/mission,commentary,- The telescope was launched on an Ariane 5 rocket from French Guiana in December 2021. - The James Webb Space Telescope is a large infrared telescope with a 6.5-meter primary mirror.,supports,1.0,"The passage explicitly states that the telescope was launched in December 2021, which directly confirms the element.",Y,,supports,1.0,"The passage directly states that the telescope, identified as the James Webb Space Telescope, was launched in December 2021.",Y,
t04_jwst/c1/e3/ev-992db65965fc,t04_jwst,The James Webb Space Telescope was launched in December 2021.,supported,supports,Reports that JWST was launched on 25 December 2021 from French Guiana.,orbitalradar.com,https://orbitalradar.com/jwst-tracker,primary,"- The James Webb Space Telescope (JWST) was launched on 25 December 2021 aboard an Ariane 5 rocket from the Guiana Space Centre in Kourou, French Guiana. - JWST's primary mirror spans 6.5 metres in diameter.",supports,1.0,The passage explicitly states that the James Webb Space Telescope was launched on 25 December 2021.,Y,,supports,1.0,The,Y,
t04_jwst/c1/e3/ev-71a86954d832,t04_jwst,The James Webb Space Telescope was launched in December 2021.,supported,supports,"Confirms the James Webb Space Telescope launched on Dec. 25, 2021.",livescience.com,https://www.livescience.com/space/science-history-james-webb-space-telescope-launches-and-promptly-cracks-our-view-of-the-universe-dec-25-2021,reporting,"- The James Webb Space Telescope left Earth on Dec. 25, 2021. - The James Webb Space Telescope has a 21.3 feet (6.5 meter) mirror. - The project cost was $10 billion.",supports,1.0,"The passage explicitly states that the James Webb Space Telescope left Earth on Dec. 25, 2021, which confirms the launch date.",Y,,supports,1.0,"The passage states that the James Webb Space Telescope left Earth on Dec. 25, 2021, which directly confirms it was launched in December 2021.",Y,
t04_jwst/c1/e3/ev-3b1c2ec15952,t04_jwst,The James Webb Space Telescope was launched in December 2021.,supported,supports,"Records the exact launch of Webb at 7:20 a.m. EST on December 25, 2021.",science.nasa.gov,https://science.nasa.gov/mission/webb/webb-mission-timeline/,primary,"- At 7:20 a.m. EST (1220 GMT) on December 25, 2021, Webb launched from CSG.",supports,1.0,"The passage explicitly states that Webb launched on December 25, 2021, which directly supports the element that the telescope was launched in December 2021.",Y,,supports,0.98,"The passage explicitly states that Webb was launched on December 25, 202",Y,
t05_bankrate_425/c1/e1/ev-4679b0262a85,t05_bankrate_425,The Bank of England officially sets its Bank Rate to 4.25% on 7 September 2026.,disputed,challenges,"States that the official Bank of England Bank Rate was 3.75% on 7 September 2026, directly contradicting the claimed 4.25%.",sofrrate.com,https://www.sofrrate.com/global-rates,primary,"- According to sofrrate.com data, the United Kingdom policy rate was 3.75% on Sep 7, 2026. - According to sofrrate.com, the policy rate source for the United Kingdom is the Bank of England official Bank Rate, BOE database series IUDBEDR.",challenges,1.0,"The passage states that the United Kingdom policy rate was 3.75% on September 7, 2026, which contradicts the element's claim that the Bank Rate was set to 4.25%.",Y,,challenges,0.95,The passage indicates that the Bank of England's official Bank Rate was 3.75% on September 7,Y,
t05_bankrate_425/c1/e1/ev-25ce14b0c549,t05_bankrate_425,The Bank of England officially sets its Bank Rate to 4.25% on 7 September 2026.,disputed,challenges,Confirms the Bank of England maintained the Bank Rate at 3.75% through September 2026 rather than 4.25%.,tradingeconomics.com,https://tradingeconomics.com/united-kingdom/interest-rate,primary,"- The Bank of England left its Bank Rate unchanged at 3.75% at its July meeting, with a 6-3 majority in favor of holding rates steady. - According to Trading Economics, the benchmark interest rate in the United Kingdom was last recorded at 3.75 percent in September of 2026.",challenges,1.0,"The passage states that the benchmark interest rate was 3.75 percent in September 2026, which contradicts the claim that it was 4.25%.",Y,,challenges,0.9,"The passage states that the benchmark interest rate in the UK was recorded at 3.75% in September 2026, which contradicts the claim that it was set to 4.25",Y,
t05_bankrate_425/c1/e1/ev-18bfd14497d4,t05_bankrate_425,The Bank of England officially sets its Bank Rate to 4.25% on 7 September 2026.,disputed,challenges,Official parliamentary evidence from 8 September 2026 confirms the MPC's decision to hold the Bank Rate at 3.75%.,committees.parliament.uk,https://committees.parliament.uk/event/28071/formal-meeting-oral-evidence-session/,primary,8 September 2026 - Bank of England Monetary Policy Reports - Oral evidence ... MPC's most recent decision to hold the Bank Rate at 3.75%. The Governor of ...,challenges,1.0,"The passage states that the Bank Rate is held at 3.75% around September 2026, which contradicts the claim that it was set to 4.25% on 7 September 2026.",Y,,challenges,0.95,"The passage dated 8 September 2026 refers to the MPC's most recent decision as holding the Bank Rate at 3.75%, which contradicts setting it to 4.25% on 7 September",Y,
t06_sweden_focus/c1/e1/ev-842a98804320,t06_sweden_focus,Sweden did not impose a general lockdown during the 2020-2022 period.,supported,supports,States that Sweden decided not to implement a mandatory lockdown and instead relied on voluntary recommendations.,nature.com,https://www.nature.com/articles/s41598-023-45934-2,primary,"- According to Scientific Reports, Sweden decided not to implement a mandatory lockdown and instead allowed people free choice regarding government recommendations to limit contact. - According to Scientific Reports, an analysis estimated that up to about 4,411 of the 46,554 deaths registered in Sweden between the end of February 2020 and the end of September 2020 could have been avoided had Sweden implemented a mandatory lockdown. - According to Scientific Reports, 7,144 more Swedes died in the year 2020 compared to the average number of deaths in the previous 5 years.",supports,1.0,The passage explicitly states that Sweden decided not to implement a mandatory lockdown during the relevant period.,Y,,supports,0.95,"The passage explicitly states that Sweden chose not to implement a mandatory lockdown, instead relying on voluntary recommendations.",Y,
t06_sweden_focus/c1/e1/ev-c34671aaaa72,t06_sweden_focus,Sweden did not impose a general lockdown during the 2020-2022 period.,supported,supports,"Confirms Sweden stood out during the pandemic by refusing lockdowns, school closures, and mask mandates.",cato.org,https://www.cato.org/policy-analysis/sweden-during-pandemic,commentary,"During the COVID-19 pandemic, Sweden stood out from other countries, stubbornly refusing lockdowns, school closures, and mask mandates.",supports,1.0,"The passage explicitly states that Sweden refused lockdowns during the pandemic, which directly aligns with the claim that it did not impose a general lockdown.",Y,,supports,0.95,"The passage directly states that Sweden refused lockdowns during the COVID-19 pandemic, which supports the claim that it did not impose a general lockdown.",Y,
t06_sweden_focus/c1/e1/ev-9ffa8d538702,t06_sweden_focus,Sweden did not impose a general lockdown during the 2020-2022 period.,supported,supports,"Notes that Sweden did not impose lockdowns during the COVID-19 pandemic, relying instead on public health recommendations.",preventionweb.net,https://www.preventionweb.net/news/did-swedens-controversial-covid-strategy-pay-many-ways-it-did-it-let-elderly-down,reporting,"- According to preventionweb.net, Sweden did not impose lockdowns during the COVID-19 pandemic and instead aimed to achieve social distancing through public health recommendations. - According to preventionweb.net, Sweden's total excess deaths during the first two years of the pandemic were among the lowest in Europe. - According to preventionweb.net, Norway was noted as one of the few countries in Europe with lower excess mortality than Sweden.",supports,1.0,The passage explicitly states that Sweden did not impose lockdowns during the COVID-19 pandemic.,Y,,supports,0.95,"The passage explicitly states that Sweden did not impose lockdowns during the COVID-19 pandemic, relying instead on public health recommendations.",Y,
t06_sweden_focus/c1/e1/ev-486a5114439c,t06_sweden_focus,Sweden did not impose a general lockdown during the 2020-2022 period.,supported,supports,"Confirms Sweden did not enforce strict lockdown measures, relying on voluntary mitigation recommendations.",frontiersin.org,https://www.frontiersin.org/journals/public-health/articles/10.3389/fpubh.2023.1206732/full,primary,"- According to Frontiers, Sweden did not enforce strict lockdown measures during the COVID-19 pandemic but instead relied on voluntary and sustainable mitigation recommendations. - According to Frontiers, Sweden's cumulative excess all-cause mortality rate from January 2020 to December 2022 was 158 deaths per 100,000 inhabitants. - According to Frontiers, Sweden's excess mortality rate in 2020 was estimated to be 85 per 100,000 inhabitants, while it was 69 per 100,000 inhabitants in 2021–2022.",supports,1.0,"The passage explicitly states that Sweden did not enforce strict lockdown measures during the COVID-19 pandemic, which supports the claim that Sweden did not impose a general lockdown during the 2020-2022 period.",Y,,supports,0.95,"The passage confirms that Sweden did not enforce strict lockdown measures during the COVID-19 pandemic, relying instead on voluntary mitigation recommendations.",Y,
t06_sweden_focus/c1/e1/ev-0ef47dcd1457,t06_sweden_focus,Sweden did not impose a general lockdown during the 2020-2022 period.,supported,supports,Reports that Sweden never enacted a lockdown involving legally binding stay-at-home orders or severe restrictions.,bbc.com,https://www.bbc.com/future/article/20250304-the-countries-that-never-locked-down-for-covid-19,reporting,"- According to bbc.com, Sweden, Taiwan, Uruguay, Iceland, and a few others never enacted a lockdown involving severe restrictions on the movement of people such as legally binding stay-at-home orders. - According to bbc.com, researchers found a noticeable spike in excess deaths in Sweden during the initial waves of the pandemic in the spring and winter of 2020. - According to bbc.com, excess mortality fell in Norway, Finland, and Denmark in 2020, but rose compared to Sweden in 2021 and 2022.",supports,1.0,The passage explicitly states that Sweden never enacted a lockdown involving severe restrictions on movement.,Y,,supports,0.95,The passage explicitly states that Sweden never enacted a lockdown involving severe restrictions on movement or stay-at-home orders.,Y,
t06_sweden_focus/c1/e1/ev-3ebb1b81c81c,t06_sweden_focus,Sweden did not impose a general lockdown during the 2020-2022 period.,supported,supports,Highlights Sweden's policy difference where no mandatory lockdown was imposed upon the population.,ons.gov.uk,https://www.ons.gov.uk/peoplepopulationandcommunity/birthsdeathsandmarriages/deaths/articles/comparisonsofallcausemortalitybetweeneuropeancountriesandregions/januarytojune2020,primary,"France is close to the UK for two indicators, namely: ""gross value added/gross domestic product (GVA/GDP) per head (2019)"", and ""percentage of population in ""urban"" areas"" (Eurostat definition). Hungary is also close to the UK for two indicators, namely: ""percentage population aged over 65 years"" and ""percentage of elderly living in care homes"". Sweden was selected because of its governmental policy difference during the coronavirus pandemic where no mandatory lockdown was imposed upon the population, in stark contrast with most of Europe. The only Sweden indicator value close to the UK's is ""percentage of elderly in care homes"". |Nation State |Mortality Per 100,000 persons (2016) |Percentage Pop over 65 years |Percentage Urban Pop |Percentage Elderly in Care Homes |GDP/GVA Per head (2019) |Doctors per 1,000 pop (2018) |Ireland |n/a |14",supports,1.0,The passage explicitly states that no mandatory lockdown was imposed upon the population in Sweden during the coronavirus pandemic.,Y,,supports,0.95,The passage explicitly states that Sweden did not impose a mandatory lockdown on its population during the coronavirus pandemic.,Y,
t06_sweden_focus/c1/e2/ev-842a98804320,t06_sweden_focus,Sweden's lack of a general lockdown was the primary driver of its relative mortality outcomes.,disputed,challenges,"Estimates that up to 4,411 deaths could have been avoided in Sweden between February and September 2020 had a mandatory lockdown been implemented, contradicting the claim that avoiding lockdown drove positive mortality outcomes.",nature.com,https://www.nature.com/articles/s41598-023-45934-2,primary,"- According to Scientific Reports, Sweden decided not to implement a mandatory lockdown and instead allowed people free choice regarding government recommendations to limit contact. - According to Scientific Reports, an analysis estimated that up to about 4,411 of the 46,554 deaths registered in Sweden between the end of February 2020 and the end of September 2020 could have been avoided had Sweden implemented a mandatory lockdown. - According to Scientific Reports, 7,144 more Swedes died in the year 2020 compared to the average number of deaths in the previous 5 years.",supports,0.9,"The passage reports a study estimating that thousands of deaths could have been avoided with a mandatory lockdown, directly supporting the idea that Sweden's lack of a general lockdown drove its relative mortality outcomes.",N,direction,error,,no response,,
t06_sweden_focus/c1/e2/ev-db780f394c50,t06_sweden_focus,Sweden's lack of a general lockdown was the primary driver of its relative mortality outcomes.,disputed,challenges,"Finds that despite vastly different policy approaches across Nordic countries, the long-term impact on excess mortality was similar, challenging the causal role of the no-lockdown policy.",link.springer.com,https://link.springer.com/article/10.1186/s13690-025-01531-5,primary,"- The investigated time period was 1 January 2020 to 30 April 2022. - Excess mortality over the whole study period was lowest in Iceland. - The Nordic countries took vastly different approaches to contain the spread of the pandemic, but the long-term impact on excess mortality was similar.",challenges,0.9,"The passage states that Nordic countries took vastly different approaches to contain the pandemic but had similar long-term impacts on excess mortality, which contradicts the claim that Sweden's lack of a general lockdown was the primary d…",Y,,challenges,0.85,,Y,
t06_sweden_focus/c1/e3/ev-cf9a71f6f6ee,t06_sweden_focus,Sweden experienced lower cumulative excess mortality compared to every other European country between 2020 and 2022.,disputed,challenges,"Official data shows Norway had the lowest relative cumulative excess mortality in Europe (-4.1%), placing Sweden second lowest (-4.0%).",ons.gov.uk,https://www.ons.gov.uk/peoplepopulationandcommunity/birthsdeathsandmarriages/deaths/articles/comparisonsofallcausemortalitybetweeneuropeancountriesandregions/28december2019toweekending1july2022,primary,"- According to the Office for National Statistics, between the week ending 3 January 2020 and the week ending 1 July 2022, Norway had the lowest relative cumulative excess mortality in Europe at 4.1% below average. - According to the Office for National Statistics, Sweden had the second lowest relative cumulative excess mortality in Europe at 4.0% below average. - According to the Office for National Statistics, Iceland had the third lowest relative cumulative excess mortality in Europe at 3.9% below average.",challenges,1.0,"The passage states that Norway had the lowest relative cumulative excess mortality, while Sweden had the second lowest, which contradicts the claim that Sweden experienced lower excess mortality compared to every other European country.",Y,,challenges,0.95,"The passage states that Norway had the lowest cumulative excess mortality in Europe, placing Sweden second, which directly contradicts the claim that Sweden had lower excess mortality than every other European country.",Y,
t06_sweden_focus/c1/e3/ev-9ffa8d538702,t06_sweden_focus,Sweden experienced lower cumulative excess mortality compared to every other European country between 2020 and 2022.,disputed,challenges,"Reports that Norway recorded lower excess mortality than Sweden, contradicting the claim that Sweden had lower mortality than every other European country.",preventionweb.net,https://www.preventionweb.net/news/did-swedens-controversial-covid-strategy-pay-many-ways-it-did-it-let-elderly-down,reporting,"- According to preventionweb.net, Sweden did not impose lockdowns during the COVID-19 pandemic and instead aimed to achieve social distancing through public health recommendations. - According to preventionweb.net, Sweden's total excess deaths during the first two years of the pandemic were among the lowest in Europe. - According to preventionweb.net, Norway was noted as one of the few countries in Europe with lower excess mortality than Sweden.",challenges,1.0,"The passage states that Norway had lower excess mortality than Sweden, which directly contradicts the claim that Sweden had lower cumulative excess mortality compared to every other European country.",Y,,challenges,0.95,"The passage contradicts the element by stating that Norway had lower excess mortality than Sweden, meaning Sweden did not have lower excess mortality than every other European country.",Y,
t06_sweden_focus/c1/e3/ev-db780f394c50,t06_sweden_focus,Sweden experienced lower cumulative excess mortality compared to every other European country between 2020 and 2022.,disputed,challenges,Reports that cumulative excess mortality between January 2020 and April 2022 was lowest in Iceland among Nordic countries.,link.springer.com,https://link.springer.com/article/10.1186/s13690-025-01531-5,primary,"- The investigated time period was 1 January 2020 to 30 April 2022. - Excess mortality over the whole study period was lowest in Iceland. - The Nordic countries took vastly different approaches to contain the spread of the pandemic, but the long-term impact on excess mortality was similar.",challenges,1.0,"The passage states that excess mortality over the study period was lowest in Iceland, which contradicts the claim that Sweden experienced the lowest cumulative excess mortality compared to every other European country.",Y,,challenges,0.95,"The passage contradicts the claim by stating that excess mortality over the study period was lowest in Iceland, not Sweden.",Y,
t06_sweden_focus/c1/e3/ev-223a9355ba33,t06_sweden_focus,Sweden experienced lower cumulative excess mortality compared to every other European country between 2020 and 2022.,disputed,challenges,"Contradicts the element by reporting that all-cause mortality increased in Sweden during 2020 compared to previous years, challenging the claim of universally lower excess mortality.",journals.sagepub.com,https://journals.sagepub.com/doi/10.1177/14034948211047137,primary,Conclusions: All-cause mortality in 2020 decreased in Norway and increased in Sweden compared with previous years. The observed excess deaths in Sweden during ...,challenges,1.0,"The passage states that all-cause mortality increased in Sweden while it decreased in Norway in 2020, which contradicts the claim that Sweden experienced lower cumulative excess mortality compared to every other European country.",Y,,error,,no response,,
t07_sqlite_busy/c1/e1/ev-296b8fe725bc,t07_sqlite_busy,Enabling write-ahead logging in SQLite completely eliminates reader-to-writer and writer-to-reader blocking.,supported,supports,"Confirms that in WAL mode, a writer operates without blocking readers and readers do not block the writer.",sqliteforum.com,https://www.sqliteforum.com/p/sqlite-wal-internals-frames-commits,commentary,"- WAL stands for Write-Ahead Logging. - In WAL mode, multiple readers can run simultaneously. - In WAL mode, a single writer operates without blocking readers. - In WAL mode, readers do not block the writer. - WAL mode only allows one writer at a time.",supports,1.0,"The passage confirms that in WAL mode, readers do not block writers and writers do not block readers, which directly supports the element.",Y,,error,,no response,,
t07_sqlite_busy/c1/e1/ev-6f010fe465d3,t07_sqlite_busy,Enabling write-ahead logging in SQLite completely eliminates reader-to-writer and writer-to-reader blocking.,supported,supports,States that readers and writers do not block each other in WAL mode.,reddit.com,https://www.reddit.com/r/learnprogramming/comments/1l82ohn/confused_about_sqlite_and_concurrency/,commentary,"readers and writers do not block each other any more, and reading doesn't block other readers",supports,0.9,"The passage confirms that readers and writers no longer block each other, which aligns with the element's claim that write-ahead logging eliminates reader-to-writer and writer-to-reader blocking.",Y,,error,,no response,,
t07_sqlite_busy/c1/e1/ev-452faa47894f,t07_sqlite_busy,Enabling write-ahead logging in SQLite completely eliminates reader-to-writer and writer-to-reader blocking.,supported,supports,Notes SQLite's concurrency promise in WAL mode that readers do not block writers and a writer does not block readers.,berthub.eu,https://berthub.eu/articles/posts/a-brief-post-on-sqlite3-database-locked-despite-timeout/,commentary,"- When running in WAL mode, SQLite makes concurrency promises that readers do not block writers and a writer does not block readers. - If you leave a transaction open for too long, the other side will get a SQLITE_BUSY error. - If you later in a read-only transaction try to write to the database somehow, SQLite will attempt to upgrade your transaction to a write transaction. - When the transaction on the left wanted to upgrade itself to a read-write transaction, SQLite could not allow this since the transaction on the right might already have made changes that the transaction on the left had not yet seen.",challenges,0.9,"The passage challenges the claim by stating that leaving a transaction open too long or attempting to upgrade a transaction can result in a SQLITE_BUSY error, meaning blocking still occurs under certain conditions in WAL mode.",N,direction,error,,,,
t07_sqlite_busy/c1/e1/ev-52694c1c64a1,t07_sqlite_busy,Enabling write-ahead logging in SQLite completely eliminates reader-to-writer and writer-to-reader blocking.,supported,supports,Explains that WAL journal mode allows read transactions to execute concurrently with a write transaction.,powersync.com,https://powersync.com/blog/sqlite-persistence-on-the-web,commentary,"- When using the WAL journal mode instead, the concurrency restrictions are relaxed somewhat: read transactions can be executed concurrently with a single write transaction. - This works by appending changes to a log file, readers can consult that log (up to the offset active when the read transaction was started) without conflicts.",challenges,1.0,"The passage states that readers can run concurrently with a 'single write transaction' and relaxes restrictions 'somewhat', which contradicts the claim that write-ahead logging 'completely' eliminates all writer-related blocking.",N,direction,error,,no response,,
t07_sqlite_busy/c1/e1/ev-35c130f56f3f,t07_sqlite_busy,Enabling write-ahead logging in SQLite completely eliminates reader-to-writer and writer-to-reader blocking.,supported,supports,Confirms that setting PRAGMA journal_mode=WAL allows concurrent reads during writes.,github.com,https://github.com/cashubtc/nutshell/issues/907,primary,- The default SQLite journal mode (delete) serializes all writes and readers block on writers. - Using PRAGMA journal_mode=WAL allows concurrent reads during writes. - Using PRAGMA busy_timeout=5000 waits for locks at the driver level instead of failing immediately.,challenges,0.9,"The passage states that WAL allows concurrent reads during writes, but it does not mention eliminating reader-to-reader or writer-to-reader blocking, making the broad claim of complete elimination too broad.",N,direction,error,,no response,,
t07_sqlite_busy/c1/e2/ev-d545fde7c51e,t07_sqlite_busy,The absence of reader-writer blocking makes it impossible for any operation to trigger an SQLITE_BUSY error under write-ahead logging.,disputed,challenges,Demonstrates that SQLite still serializes writes in WAL mode and raises SQLITE_BUSY if two connections attempt to write at the same time.,coddy.tech,https://coddy.tech/docs/sqlite/wal-mode-and-concurrency,commentary,"- By default, SQLite uses a rollback journal where writers and readers fight for the same file. - In WAL mode, a writer and any number of readers can be active at the same moment. - SQLite still serializes writes, meaning at any moment, exactly one transaction holds the write lock. - If two connections both try to write at the same time, the second one gets SQLITE_BUSY. - Setting a busy timeout, such as busy_timeout=5000, tells SQLite to wait up to 5 seconds for a lock before raising an error.",challenges,0.95,"The passage explicitly states that if two connections try to write at the same time in WAL mode, the second one gets SQLITE_BUSY, which directly contradicts the claim that it is impossible to trigger this error.",Y,,challenges,0.98,"The passage explicitly states that in WAL mode, if two connections attempt to write simultaneously, the second",Y,
t07_sqlite_busy/c1/e2/ev-5a70701234a8,t07_sqlite_busy,The absence of reader-writer blocking makes it impossible for any operation to trigger an SQLITE_BUSY error under write-ahead logging.,disputed,challenges,Explains that SQLITE_BUSY occurs whenever a transaction attempts to write while another write transaction is in progress.,sqlite.org,https://sqlite.org/rescode.html,primary,"- The SQLITE_BUSY result code indicates that the database file could not be written or read because of concurrent activity by some other database connection, usually in a separate process. - Process B will get back an SQLITE_BUSY result if process A is in the middle of a large write transaction and process B attempts to start a new write transaction, because SQLite only supports one writer at a time. - The sqlite3_busy_timeout() and sqlite3_busy_handler() interfaces and the busy_timeout pragma are available to help deal with SQLITE_BUSY errors. - An SQLITE_BUSY error can occur at any point in a transaction: when first started, during write or update operations, or when the transaction commits. - The BEGIN IMMEDIATE command might itself return SQLITE_BUSY, but if it succeeds, SQLite guarantees no subsequent operations on the same database through the next COMMIT will return SQLITE_BUSY. - The SQLITE_BUSY result code differs from SQLITE_LOCKED in that SQLITE_BUSY indicates a conflict with a separate database connection, whereas SQLITE_LOCKED indicates a conflict within the same database connection or a connection with a shared cache.",neither,1.0,"The passage discusses SQLITE_BUSY errors and write transactions, but it does not mention reader-writer blocking or write-ahead logging in relation to making SQLITE_BUSY impossible.",N,neither,neither,0.9,The passage discusses the causes of SQLITE_BUSY errors in general but does not mention write-ahead logging or reader-writer blocking.,N,neither
t07_sqlite_busy/c1/e3/ev-d8d272177c2b,t07_sqlite_busy,"Writer-to-writer concurrency conflicts, which can still generate SQLITE_BUSY errors in write-ahead logging mode, do not occur or are irrelevant.",disputed,challenges,Notes that only one writer is allowed at a time in WAL mode and write lock contention triggers SQLITE_BUSY errors.,news.ycombinator.com,https://news.ycombinator.com/item?id=45781519,commentary,"- You get SQLITE_BUSY when transaction #1 starts in read mode, transaction #2 starts in write mode, and then transaction #1 attempts to upgrade from read to write mode while transaction #2 still holds the write lock. - In WAL mode, writers and readers don’t interfere with each other, so you can still do pure read queries in parallel. - Only one writer is allowed at a time no matter what, so writers queue up and you have to take the write lock at some point anyway.",challenges,1.0,"The passage explicitly states that only one writer is allowed at a time and writers queue up, directly contradicting the claim that writer-to-writer concurrency conflicts do not occur or are irrelevant.",Y,,error,,,,
t07_sqlite_busy/c1/e3/ev-ff66f2f5502e,t07_sqlite_busy,"Writer-to-writer concurrency conflicts, which can still generate SQLITE_BUSY errors in write-ahead logging mode, do not occur or are irrelevant.",disputed,challenges,Explicitly confirms that writers conflict with other writers in WAL mode.,reddit.com,https://www.reddit.com/r/golang/comments/1exk981/sqlite_database_is_locked_with_wal_mode/,commentary,"In WAL mode , writers only conflict with other writers",challenges,0.9,"The passage states that writers conflict with other writers in WAL mode, which contradicts the element's assertion that writer-to-writer concurrency conflicts do not occur or are irrelevant.",Y,,challenges,0.95,"The passage states that writers do conflict with other writers in WAL mode, contradicting the claim that writer-to-writer concurrency conflicts do not occur or are irrelevant.",Y,
t07_sqlite_busy/c1/e3/ev-4c0379fc2c14,t07_sqlite_busy,"Writer-to-writer concurrency conflicts, which can still generate SQLITE_BUSY errors in write-ahead logging mode, do not occur or are irrelevant.",disputed,challenges,States that concurrent write transactions can fail with database locked errors even in WAL mode due to the single-writer limit.,tenthousandmeters.com,https://tenthousandmeters.com/blog/sqlite-concurrent-writes-and-database-is-locked-errors/,commentary,"- SQLite handles concurrent writes with a global write lock allowing only one writer at a time. - If you have many concurrent write transactions, some will take a long time and some may even fail with the 'database is locked' error. - Both rollback mode and WAL mode allow multiple parallel readers and both allow one writer at a time. - WAL mode supports having readers simultaneously with a writer, while in rollback mode, writers and readers block each other.",challenges,1.0,"The passage states that both rollback and WAL modes allow only one writer at a time and that many concurrent write transactions may fail with a locked error, contradicting the claim that writer-to-writer concurrency conflicts do not occur …",Y,,error,,no response,,
t07_sqlite_busy/c1/e3/ev-302b4841bc95,t07_sqlite_busy,"Writer-to-writer concurrency conflicts, which can still generate SQLITE_BUSY errors in write-ahead logging mode, do not occur or are irrelevant.",disputed,challenges,Notes that SQLite fails with lock errors as soon as write concurrency exceeds one.,shivekkhurana.com,https://shivekkhurana.com/blog/sqlite-in-production/,commentary,"- Out of the box, SQLite starts failing as soon as write concurrency exceeds one. - Setting PRAGMA busy_timeout instructs the connection to retry for a specified duration before throwing a lock error. - Increasing the busy timeout prevents lock errors without affecting latency. - SQLite's Write-Ahead Logging (WAL) mode allows writers to append sequentially and readers never block on writers.",challenges,1.0,"The passage states that SQLite starts failing as soon as write concurrency exceeds one and mentions setting a busy timeout to prevent lock errors, which contradicts the claim that writer-to-writer concurrency conflicts do not occur or are …",Y,,error,,no response,,
t08_ev/c1/e1/ev-2c86c0df9d6f,t08_ev,Electric cars generate fewer greenhouse gas emissions per mile driven over their entire lifecycle compared to petrol cars.,supported,supports,Reports that EU life-cycle emissions for battery electric vehicles are 63 g CO2e/km compared to 235 g CO2e/km for gasoline cars (a 73% reduction).,theicct.org,https://theicct.org/publication/electric-cars-life-cycle-analysis-emissions-europe-jul25/,primary,"- According to an International Council on Clean Transportation report, life-cycle emissions of battery electric cars are nearly 4 times less than, or 73% lower than, gasoline cars in the European Union. - When using only renewable electricity, the reduction in life-cycle emissions for battery electric cars is up to 78% compared to gasoline cars. - Battery electric vehicles operating on the projected 2025-2044 average EU electricity mix had estimated life-cycle GHG emissions of 63 g CO2e/km, compared to 235 g CO2e/km for gasoline internal combustion engine vehicles. - Although BEVs were estimated to have about 40% higher production emissions than ICEVs due to battery manufacturing, these additional emissions are more than offset after about 17,000 km of use in the first one or two years. - Hybrid and plug-in hybrid electric vehicles have 20% and 30% lower life-cycle emissions, respectively, than gasoline internal combustion engine vehicles.",supports,1.0,The passage provides evidence that battery electric cars have significantly lower life-cycle greenhouse gas emissions compared to gasoline cars.,Y,,supports,0.98,The passage directly shows that battery electric vehicles have significantly lower lifecycle greenhouse gas emissions per kilometer than gasoline cars.,Y,
t08_ev/c1/e1/ev-7847753c9c44,t08_ev,Electric cars generate fewer greenhouse gas emissions per mile driven over their entire lifecycle compared to petrol cars.,supported,supports,"States that over the entire vehicle lifetime, electric cars produce 110 grams of CO2 per mile compared to 410 grams for gasoline cars.",recurrentauto.com,https://www.recurrentauto.com/research/just-how-dirty-is-your-ev,commentary,"- When looking at carbon emissions alone, manufacturing an EV is worse for the planet than making a conventional car due to battery material mining, transporting, and refining. - Manufacturing an average gas powered sedan creates about six metric tons of carbon dioxide emissions, but manufacturing an electric vehicle of the same size creates more than 10 metric tons. - Electric vehicles produce zero tailpipe emissions during use. - For a single mile, gas cars produce about 400 grams of CO2, and 8,887 grams of CO2 per gallon burned. - Over a car's entire lifetime, a new gasoline car will produce an average of 410 grams of carbon dioxide per mile, while a new electric car will produce only 110 grams. - It takes less than 2 years (about 1.4 to 1.9 years) for electric vehicles to catch up and start surpassing gas-fueled cars when it comes to lifetime reduction in emissions.",supports,1.0,"The passage explicitly states that over a car's entire lifetime, a new electric car produces fewer carbon dioxide emissions per mile than a new gasoline car.",Y,,supports,0.99,"The passage explicitly states that over an entire lifetime, a new electric car produces 110 grams of carbon dioxide per mile compared to 410 grams for a gasoline car.",Y,
t08_ev/c1/e1/ev-c1ac0356bdd8,t08_ev,Electric cars generate fewer greenhouse gas emissions per mile driven over their entire lifecycle compared to petrol cars.,supported,supports,Finds that electrifying light vehicles in the US yields a 59% reduction in life-cycle emissions across all modeled scenarios.,nature.com,https://www.nature.com/articles/s44458-025-00032-4,primary,"- Under all modeled scenarios, including varying climate, electricity grids, and battery lifetime, battery electric vehicles reduce greenhouse gases relative to comparable internal combustion vehicles, including hybrids. - Electrifying all vehicles sold in the US in 2023 would lead to a 59% (820 teragrams carbon dioxide-equivalent) reduction in life cycle emissions for those vehicles. - In the United States, the transportation sector accounts for nearly 30% of annual greenhouse gas emissions, with light-duty vehicles contributing the majority of these emissions. - In 2024, more than 1.5 million EVs were sold in the US, representing a 7% increase over 2023. - Vehicle production and the electricity used to power EVs remain major sources of greenhouse gas emissions from a life cycle perspective.",supports,1.0,The passage explicitly states that battery electric vehicles reduce greenhouse gases relative to comparable internal combustion vehicles across all modeled scenarios.,Y,,supports,0.95,The passage confirms that battery electric vehicles reduce greenhouse gas emissions relative to internal combustion vehicles across all modeled scenarios and reduce life cycle emissions.,Y,
t08_ev/c1/e1/ev-20b9fa3c2122,t08_ev,Electric cars generate fewer greenhouse gas emissions per mile driven over their entire lifecycle compared to petrol cars.,supported,supports,"Calculates that battery electric vehicles emit 41% less carbon over a 200,000-mile lifetime than comparable internal combustion engine vehicles.",transportationenergy.org,https://www.transportationenergy.org/resources/the-commute/life-cycle-carbon-emissions-of-electric-and-combus,commentary,"- Under generic conditions with a U.S. average grid, a battery electric vehicle (BEV) delivers nearly 41% fewer tons of carbon over its lifetime than a comparable internal combustion engine vehicle (ICEV). - A typical hybrid electric vehicle (HEV) delivers nearly 29% fewer tons of carbon over its lifetime than a comparable ICEV. - Because the BEV emits zero carbon when in operation, all of its carbon emissions occur before vehicle operation. - Over a 200,000-mile lifetime, the combustion cycle adds 48 tons of greenhouse gas emissions and increases the ICEV total emissions to a level that is 41% higher than the BEV. - BEVs emit less carbon than ICEVs when operating in all but extremely high carbon grids.",supports,1.0,The passage provides data showing that battery electric vehicles produce roughly 41% fewer tons of carbon over their lifetime compared to internal combustion engine vehicles.,Y,,supports,0.95,The passage explicitly states that battery electric vehicles deliver,Y,
t08_ev/c1/e1/ev-a74865b09b8f,t08_ev,Electric cars generate fewer greenhouse gas emissions per mile driven over their entire lifecycle compared to petrol cars.,supported,supports,Reports academic consensus that life-cycle studies show battery electric vehicles achieve substantial CO2 reductions compared to combustion vehicles.,science.org,https://www.science.org/doi/10.1126/science.adv5441,primary,Life cycle studies show that battery electric vehicles (BEVs) can achieve large CO2 reductions relative to ICE vehicles (3–10). These studies account for the ...,supports,1.0,The passage states that life cycle studies show battery electric vehicles achieve large CO2 reductions relative to internal combustion engine vehicles.,Y,,supports,0.95,The passage directly cites life cycle studies showing that battery electric vehicles achieve substantial CO2 reductions compared to internal combustion engine vehicles.,Y,
t08_ev/c1/e1/ev-1bb7f173d5a6,t08_ev,Electric cars generate fewer greenhouse gas emissions per mile driven over their entire lifecycle compared to petrol cars.,supported,supports,"Shows that even with a coal-heavy grid and cold climate in China, BEVs emit 14.2% to 25.3% fewer greenhouse gases than gasoline vehicles.",nature.com,https://www.nature.com/articles/s41598-026-38471-1,primary,"- BEVs emit 25.3% fewer greenhouse gases annually than GVs but cause 2.6 times higher land transformation impacts due to coal-intensive electricity. - In Heilongjiang Province, sub-zero conditions reduce BEV charging efficiency to 59% in winter, raising seasonal emissions by up to 70% and lowering the overall GHG advantage to 14.2%.",supports,0.9,"The passage reports that battery electric vehicles emit 25.3% fewer greenhouse gases annually and maintain an overall greenhouse gas advantage even in winter conditions, which aligns with the claim that electric cars generate fewer emissio…",Y,,error,,no response,,
t08_ev/c1/e1/ev-196c16e67cbe,t08_ev,Electric cars generate fewer greenhouse gas emissions per mile driven over their entire lifecycle compared to petrol cars.,supported,supports,This analysis supports the claim that driving an electric car releases less CO2 than driving a gas-powered car over its lifecycle.,climate.mit.edu,https://climate.mit.edu/ask-mit/how-much-co2-emitted-manufacturing-batteries,commentary,even the dirtiest batteries emit less CO2 than using no battery at all. driving an electric car releases less CO2 than driving a gas-powered car. electric cars ...,supports,1.0,"The passage explicitly states that driving an electric car releases less CO2 than driving a gas-powered car, which aligns with the claim about lower greenhouse gas emissions.",Y,,error,,no response,,
t08_ev/c1/e1/ev-0d3b56922d00,t08_ev,Electric cars generate fewer greenhouse gas emissions per mile driven over their entire lifecycle compared to petrol cars.,supported,supports,This primary data source confirms that driving the average electric vehicle produces fewer global warming emissions and is better on climate-changing emissions.,blog.ucs.org,https://blog.ucs.org/dave-reichmuth/how-much-cleaner-is-your-ev-than-a-gasoline-car/,primary,"- Driving the average electric vehicle produces global warming emissions equal to a gasoline car with 100 mile per gallon efficiency. - 97 percent of the country lives where driving the average EV is better on climate-changing emissions than the most efficient gasoline vehicle. - Fully electric vehicles are best for emissions, but plug-in hybrids can be better than conventional vehicles as long as they are regularly plugged in.",supports,1.0,"The passage provides evidence that driving an electric vehicle produces fewer global warming emissions compared to gasoline cars, which directly aligns with the element.",Y,,error,,,,
t08_ev/c1/e2/ev-0205b0fdd8ff,t08_ev,The electricity generation and battery manufacturing processes for electric cars do not offset their operational emission advantages compared to petrol cars.,supported,supports,Confirms electric vehicles release fewer lifetime emissions even after accounting for the energy required to manufacture batteries.,factcheck.org,https://www.factcheck.org/2024/02/electric-vehicles-contribute-fewer-emissions-than-gasoline-powered-cars-over-their-lifetimes/,reporting,"Q: Are electric cars really better for the environment than gasoline-powered cars over their lifetimes? A: Yes. Electric vehicles typically release fewer greenhouse gas emissions than internal combustion engine vehicles during their life cycles, even after accounting for the increased energy required to make their batteries. And their carbon footprints are expected to get smaller in the near future. FULL QUESTION Hi. I have been sent this facebook post regarding Electric car battery information which does not seem factual to me but I would like to know for sure. FULL ANSWER After seeing various versions of a viral post on social media that plays up the environmental costs of electric vehicles, readers have been asking us if EVs are really better for the environment than conventional gasoline-powered cars. The post, which includes false and misleading claims, shares a photo of a Tesla car battery and is accompanied by a long caption highlighting the minerals and energy needed to manufacture the battery — ultimately claiming that EVs take a full seven years to begin lowering carbon emissions compared with a conventional car. The production and use of all kinds of vehicles and fuels have environmental costs. Large amounts of raw minerals and other materials have to be extracted, manufactured and transported globally to make automobile bodies, engines, batteries and other components. Then the vehicles need to run — either on fuels such as gasoline or diesel, which also need to be extracted, refined, produced and distributed, or on electricity, which is generated from fossil fuels, nuclear power or renewables. And when vehicles no longer work, materials need to be recycled or disposed of. At each of these stages, vehicles are responsible for producing heat-trapping gases, known as greenhouse gases, that contribute to climate change. The total emissions across a vehicle’s lifetime are called life cycle or cradle-to-grave emissions. The transportation sector had the",supports,1.0,"The passage explicitly states that electric vehicles typically release fewer greenhouse gas emissions over their life cycles than gasoline-powered cars, even after accounting for battery manufacturing.",Y,,error,,no response,,
t08_ev/c1/e2/ev-edf2c81bddbf,t08_ev,The electricity generation and battery manufacturing processes for electric cars do not offset their operational emission advantages compared to petrol cars.,supported,supports,"States that total lifetime greenhouse gas emissions from EV manufacturing, charging, and driving are lower than those of gasoline cars.",epa.gov,https://www.epa.gov/greenvehicles/electric-vehicle-myths,primary,"- Electric vehicles (EVs) typically have a smaller carbon footprint than gasoline cars, even when accounting for the electricity used for charging, and have no tailpipe emissions. - Electric vehicles use approximately 87% to 91% of the energy from the battery and regenerative braking to propel the vehicle, while gasoline vehicles only convert about 16% to 25% of the energy from gasoline into movement. - Over the lifetime of the vehicle, total greenhouse gas emissions associated with manufacturing, charging, and driving an EV are typically lower than the total GHGs associated with a gasoline car. - A study of about 15,000 vehicles showed that electric vehicle battery replacements due to failure have been rare, at an average of 2.5% outside of major recalls, and the replacement rate falls to under 1% for EVs made from 2016 onward. - In California, which leads the country with more than 1 million electric vehicles, EV charging currently makes up less than 1% of the state's grid total load during peak hours.",supports,1.0,"The passage states that total greenhouse gas emissions from manufacturing, charging, and driving EVs are typically lower than those of gasoline cars over their lifetime, meaning generation and manufacturing do not offset their operational …",Y,,error,,,,
t08_ev/c1/e2/ev-0d19ce309ff7,t08_ev,The electricity generation and battery manufacturing processes for electric cars do not offset their operational emission advantages compared to petrol cars.,supported,supports,"Notes that higher manufacturing emissions (50-70% higher) are offset within about two years or 70,000 km of driving.",theguardian.com,https://www.theguardian.com/business/2023/dec/23/do-electric-cars-really-produce-fewer-carbon-emissions-than-petrol-or-diesel-vehicles,reporting,"- Volvo research suggests greenhouse gas emissions during production of an electric car are almost 70% higher than when manufacturing a petrol one. - Analysis by the Argonne National Laboratory suggests that manufacturing battery cars produces about 60% more carbon emissions than their fossil fuel cousins. - The carbon debt from manufacturing an electric vehicle is paid off within about two years of driving the vehicle, according to Eoin Devane. - Transport & Environment calculates that a new petrol car will produce about 27 tonnes of carbon if driven for 100,000 kilometres, and 49 tonnes over 200,000km. - Even in a worst-case scenario where vehicles are made and driven with electricity largely from coal, the electric car will win out on carbon emissions after about 70,000km. - The scientific consensus is overwhelming that on any realistic like-for-like comparison a battery car will be cleaner than its petrol or diesel equivalent.",supports,1.0,"The passage confirms that despite higher manufacturing emissions, electric vehicles pay off this carbon debt and ultimately result in lower overall emissions compared to petrol cars.",Y,,error,,no response,,
t08_ev/c1/e2/ev-1e35c6b4aee1,t08_ev,The electricity generation and battery manufacturing processes for electric cars do not offset their operational emission advantages compared to petrol cars.,supported,supports,"Reports that the extra energy required for building an EV is recovered in under 18,000 miles of driving.",blog.ucs.org,https://blog.ucs.org/dave-reichmuth/epa-stopped-updating-the-data-behind-electric-vehicle-emissions-the-numbers-still-show-evs-are-winners/,commentary,"- Replacing gasoline with electricity greatly reduces carbon emissions from driving, even when emissions from generating electricity are included. - Driving the average electric vehicle in the US produces heat-trapping emissions equal to a hypothetical 100 mile per gallon gasoline car. - The average EV makes up the extra energy required for its building phase in under 18,000 miles of driving and still produces less than half the lifetime emissions of a comparable gasoline car. - Wherever you plug in, the average EV is cleaner than the average new gasoline car. - In grid regions covering 96 percent of the United States population, the average EV beats the most efficient gasoline car you can buy. - Driving an EV in California results in 64 g/mi of climate-changing emissions, compared to 409 g/mi for the average new gasoline car. - Charging the average EV in Michigan means effective emissions equal to a 62 mpg gasoline car, while choosing an EV like the Lucid Air can reduce emissions to that of an 87 mpg conventional vehicle.",supports,1.0,"The passage states that EVs make up the extra energy required for their building phase and produce less than half the lifetime emissions of comparable gasoline cars, directly supporting the element that manufacturing and generation emissio…",Y,,supports,0.95,The passage states that electric vehicles make up for manufacturing emissions quickly and maintain lower lifetime emissions than gasoline cars even,Y,
t08_ev/c1/e2/ev-1fdbafd4debe,t08_ev,The electricity generation and battery manufacturing processes for electric cars do not offset their operational emission advantages compared to petrol cars.,supported,supports,"Details that while EVs have 30% higher initial emissions due to production, cumulative emissions become lower than gasoline vehicles after two years.",eurekalert.org,https://www.eurekalert.org/news-releases/1102315,reporting,"- According to a study published in PLOS Climate by Pankaj Sadavarte and colleagues, lithium-ion battery electric vehicles (BEVs) result in a reduction in cumulative carbon dioxide emissions compared to fossil-based internal combustion engine (ICE) vehicles after two years of use. - The study concluded that during the first two years of operation, electric vehicles produce 30% higher CO2 emissions than gasoline vehicles when all lifecycle factors are considered. - After the second year of on-road use, electric vehicles begin reducing cumulative emissions compared to gasoline alternatives. - Accounting for both air pollution and climate change impacts, the economic value of environmental damage from ICE vehicles over their lifetime currently ranges from 2 to 3.5 times that of BEVs. - Co-author Dr. Drew Shindell states that internal combustion vehicles lead to about 2 to 3 times more damage than EVs when considering both climate and air quality.",supports,1.0,"The passage confirms that despite higher initial emissions from manufacturing, electric vehicles offset those emissions and reduce cumulative CO2 compared to petrol cars after two years of use.",Y,,error,,no response,,
t08_ev/c1/e2/ev-89bb503eeb39,t08_ev,The electricity generation and battery manufacturing processes for electric cars do not offset their operational emission advantages compared to petrol cars.,supported,supports,Confirms EV lifecycle emissions outperform petrol cars after the first two years of operation despite higher upfront production emissions.,connectsci.au,https://connectsci.au/news/news-parent/7001/Electric-vehicles-emissions-outperform-petrol-cars,reporting,The researchers found that EVs produce 30% higher CO2 emissions than petrol-powered cars during the first 2 years of operation when all lifecycle factors are ...,challenges,0.9,"The passage states that EVs produce higher CO2 emissions during the first two years, which challenges the idea that manufacturing emissions do not offset their operational advantages.",N,direction,error,,no response,,
t08_ev/c1/e3/ev-d697a509eb47,t08_ev,Electric cars produce lower particulate matter and local air pollutants during operation than petrol cars.,supported,supports,Confirms switching from internal combustion engine vehicles to BEVs eliminates direct tailpipe pollutants including nitrogen oxides (NOx).,transportenvironment.org,https://www.transportenvironment.org/articles/electric-vehicles-are-far-better-than-combustion-engine-cars-when-it-comes-to-air-pollution-heres-why,commentary,"EVs eliminate all toxic emissions from engines Switching from an ICE to a BEV instantly eliminates all toxictailpipe pollution such as nitrogen oxides (NOx), ...",supports,1.0,"The passage states that switching to a battery electric vehicle eliminates toxic tailpipe pollution, which supports the claim that electric cars produce lower local air pollutants during operation than petrol cars.",Y,,supports,0.95,"The passage states that switching from an internal combustion engine to a battery electric vehicle eliminates all toxic tailpipe pollution such as nitrogen oxides, directly supporting the claim that electric cars produce lower local air po…",Y,
t08_ev/c1/e3/ev-c72b0732c895,t08_ev,Electric cars produce lower particulate matter and local air pollutants during operation than petrol cars.,supported,supports,Notes all-electric vehicles produce zero tailpipe or direct evaporative emissions during operation.,afdc.energy.gov,https://afdc.energy.gov/vehicles/electric-emissions,primary,"- All-electric vehicles, plug-in hybrid electric vehicles (PHEVs), and hybrid electric vehicles (HEVs) typically produce lower tailpipe emissions than conventional vehicles do, and zero tailpipe emissions when running only on electricity. - In geographic areas that use relatively low-polluting energy sources for electricity generation, all-electric vehicles and PHEVs typically have an especially large life cycle emissions advantage over similar conventional vehicles running on gasoline or diesel. - Conventional vehicles with an internal combustion engine (ICE) produce direct emissions through the tailpipe, through evaporation from the fuel system, and during the fueling process, whereas all-electric vehicles produce zero direct emissions. - PHEVs produce zero direct emissions when in all-electric mode and typically have lower direct emissions than comparable conventional vehicles when using the internal combustion engine. - Cradle-to-grave emissions include well-to-wheel fuel emissions as well as vehicle-cycle emissions associated with vehicle and battery manufacturing, recycling, and disposal.",supports,0.9,"The passage states that electric vehicles produce lower tailpipe emissions and zero direct emissions compared to conventional gasoline vehicles, which aligns with the claim that they produce lower local air pollutants during operation.",Y,,supports,0.9,"The passage states that all-electric vehicles produce zero direct and tailpipe emissions during operation, which directly supports the claim that they produce lower operational emissions than petrol cars.",Y,
t08_ev/c1/e3/ev-6716d9b657f8,t08_ev,Electric cars produce lower particulate matter and local air pollutants during operation than petrol cars.,supported,supports,States that electric vehicles operate with an electric motor and do not emit tailpipe emissions.,epa.gov,https://www.epa.gov/greenvehicles/greenhouse-gas-emissions-typical-passenger-vehicle,primary,"- A typical passenger vehicle emits about 4.6 metric tons of carbon dioxide per year. - Electric vehicles (EVs) have a battery instead of a gasoline tank, and an electric motor instead of an internal combustion engine, and do not emit any tailpipe emissions.",supports,0.9,"The passage states that electric vehicles do not emit any tailpipe emissions, which supports the claim that they produce lower local air pollutants during operation than petrol cars.",Y,,error,,no response,,
t09_sqlite_url/c1/e1/ev-e68b3db1d678,t09_sqlite_url,SQLite introduced the Write-Ahead Log option starting with version 3.7.0.,supported,supports,Confirms that support for WAL in SQLite is available starting from version 3.7.0.,drupal.org,https://www.drupal.org/node/2769027,primary,- Support for WAL on SQLite is available from version 3.7.0.,supports,1.0,"The passage explicitly states that support for WAL on SQLite is available from version 3.7.0, which directly aligns with the element.",Y,,supports,0.95,The passage confirms that support for WAL on SQLite is available starting from version 3.7.0.,Y,
t09_sqlite_url/c1/e1/ev-db950fc9865f,t09_sqlite_url,SQLite introduced the Write-Ahead Log option starting with version 3.7.0.,supported,supports,Affirms that the Write Ahead Log journaling mechanism was introduced from version 3.7.0.,digitalinvestigation.wordpress.com,https://digitalinvestigation.wordpress.com/2012/05/04/the-forensic-implications-of-sqlites-write-ahead-log/,commentary,"- From version 3.7.0 of the SQLite engine an alternative journal mechanism was introduced called ""Write Ahead Log"" (ubiquitously shortened to ""WAL"").",supports,1.0,The passage explicitly confirms that the Write Ahead Log mechanism was introduced starting from version 3.7.0 of the SQLite engine.,Y,,supports,1.0,The passage directly confirms that SQLite introduced the Write Ahead Log mechanism starting with version 3.7.0.,Y,
t09_sqlite_url/c1/e1/ev-3fe1877e9cb7,t09_sqlite_url,SQLite introduced the Write-Ahead Log option starting with version 3.7.0.,supported,supports,"States that starting with version 3.7.0, SQLite has supported the write-ahead log mechanism.",loc.gov,https://www.loc.gov/preservation/digital/formats/fdd/fdd000461.shtml,primary,"Starting with version 3.7.0, SQLite has supported an alternative mechanism, using a write-ahead log (WAL). The write-ahead log is stored ...",supports,1.0,"The passage explicitly states that SQLite has supported a write-ahead log starting with version 3.7.0, which directly aligns with the element.",Y,,supports,0.98,The passage explicitly states that SQLite has supported a write-ahead log starting with version 3.7.0.,Y,
t09_sqlite_url/c1/e1/ev-rec-e2_6_1623c89e,t09_sqlite_url,SQLite introduced the Write-Ahead Log option starting with version 3.7.0.,supported,supports,"States that SQLite's WAL (Write-Ahead Logging) mode was introduced in version 3.7.0, confirming the element.",tech-insider.org,https://tech-insider.org/sqlite-vs-mysql-2026/,commentary,"SQLite's WAL (Write-Ahead Logging) mode, introduced in version 3.7.0 and refined through the 3.53.x series – including the 3.53.0 release on April 9, 2026",supports,1.0,"The passage explicitly states that SQLite's Write-Ahead Logging mode was introduced in version 3.7.0, which directly aligns with the element.",Y,,supports,1.0,The passage explicitly states that SQLite's Write-Ahead Logging (WAL) mode was introduced in version 3.7.0.,Y,
t09_sqlite_url/c1/e2/ev-rec-e2_4_159f8b0c,t09_sqlite_url,"Version 3.7.0 of SQLite was released on July 21, 2010.",unresolved,supports,Confirms version 3.7.0 of SQLite was released in July 2010.,theregister.com,https://www.theregister.com/databases/2026/08/12/deeply-buried-16-year-old-sqlite-bug-caused-last-years-tailscale-outages/5287004,reporting,"SQLite maintainers believe the bug was present going all the way back to version 3.7.0, released in July 2010; it's now fixed, and the SQLite team recommends ...",supports,0.95,"The passage confirms that version 3.7.0 of SQLite was released in July 2010, which directly supports the element.",Y,,error,,no response,,
t09_sqlite_url/c2/e1/ev-2feb7dcca39c,t09_sqlite_url,SQLite automatically performs a checkpoint when the WAL file reaches a default threshold size of 1000 pages.,supported,supports,"States that by default, SQLite performs an automatic checkpoint when reaching 1000 pages.",github.com,https://github.com/Agoric/agoric-sdk/issues/7069,primary,"- By default, SQLite performs a checkpoint/merge when it reaches some size (1000 pages, probably 1 or 2 MB of data).",supports,1.0,The passage confirms that SQLite performs a checkpoint by default when it reaches the threshold size of 1000 pages.,Y,,supports,0.95,"The passage explicitly states that by default, SQLite performs a checkpoint when it reaches a size of 1000 pages.",Y,
t09_sqlite_url/c2/e1/ev-f3c97123d356,t09_sqlite_url,SQLite automatically performs a checkpoint when the WAL file reaches a default threshold size of 1000 pages.,supported,supports,"Confirms that by default, WAL checkpointing occurs once the WAL exceeds 1,000 pages.",powersync.com,https://powersync.com/blog/sqlite-optimizations-for-ultra-high-performance,commentary,"SQLite has support for indexes on expressions and partial indexes, which may be very useful in some cases. For example, an index can be created on a field inside a JSON document using: CREATE INDEX myindex ON mytable(json_document ->> 'subfield'); # 9: Use Background WAL Checkpoints Effect: Remove the occasional fsync overhead on a transaction, typically 30-100ms. WAL checkpoints are where data is moved from the write-ahead log to the main database. This is one place that does wait synchronously for the filesystem to sync. By default, this occurs once the WAL is greater than 1,000 pages, as part of a COMMIT statement",supports,1.0,"The passage explicitly states that by default, a WAL checkpoint occurs once the WAL is greater than 1,000 pages.",Y,,supports,0.95,"The passage confirms that WAL checkpoints occur by default once the WAL is greater than 1,000 pages as part of a COMMIT statement.",Y,
t09_sqlite_url/c2/e1/ev-rec-e2_4_4c6a0432,t09_sqlite_url,SQLite automatically performs a checkpoint when the WAL file reaches a default threshold size of 1000 pages.,supported,supports,"States that SQLite checkpoints automatically when the WAL passes approximately 1000 pages, matching the default wal_autocheckpoint.",coddy.tech,https://coddy.tech/docs/sqlite/wal-mode-and-concurrency,primary,"Checkpoints: Folding the WAL Back The WAL file can't grow forever. Checkpointing is the process of taking the committed pages in the WAL and writing them into the main database, then resetting the WAL. SQLite checkpoints automatically when the WAL passes ~1000 pages (the default wal_autocheckpoint). For most apps you can leave that alone. If you want to tune it or trigger one manually: The wal_checkpoint pragma takes a mode: PASSIVE- checkpoint as much as possible without disrupting readers/writ",supports,1.0,"The passage explicitly states that SQLite checkpoints automatically when the WAL passes ~1000 pages, which matches the claim.",Y,,supports,0.98,The passage explicitly states that SQLite checkpoints automatically when the WAL reaches the default threshold of around 1000 pages.,Y,
t09_sqlite_url/c2/e2/ev-267302cd92e7,t09_sqlite_url,An SQLite database connection defaults to journal_mode equals DELETE.,unresolved,supports,Confirms that under default settings SQLite operates in rollback journal mode and returns delete.,avi.im,https://avi.im/blag/2025/sqlite-fsync/,commentary,"- Under the default settings, SQLite operates in rollback journal mode. - According to an example output in the article, PRAGMA journal_mode returns delete by default.",supports,1.0,The passage explicitly states that SQLite operates in rollback journal mode by default and that PRAGMA journal_mode returns delete by default.,Y,,supports,0.95,The passage explicitly notes that PRAGMA journal_mode returns delete by default under SQLite's default settings.,Y,
t09_sqlite_url/c2/e2/ev-rec-e2_2_02b5f8a4,t09_sqlite_url,An SQLite database connection defaults to journal_mode equals DELETE.,unresolved,supports,States that the default journaling mode of SQLite was set to DELETE.,superuser.com,https://superuser.com/questions/1938008/why-is-sqlite-wal-mode-so-much-faster-than-default-delete-mode-for-concurrent-wr,commentary,"The default journaling mode was set to DELETE. The write performance improved drastically, almost by a factor of 4 or 5, and the disk activity dropped ...",supports,1.0,"The passage explicitly states that the default journaling mode was set to DELETE, which directly matches the claim.",Y,,error,,no response,,
t09_sqlite_url/c2/e3/ev-a7bbc0e5fe82,t09_sqlite_url,The PRAGMA journal_mode equals WAL setting in SQLite persists across closing and reopening the database.,disputed,supports,Confirms that setting PRAGMA journal_mode=wal permanently changes the mode for that database file.,news.ycombinator.com,https://news.ycombinator.com/item?id=32581375,commentary,- When you run PRAGMA journal_mode=wal; against a database file the mode is permanently changed for that file.,supports,1.0,"The passage explicitly states that the journal mode is permanently changed for the database file when PRAGMA journal_mode=wal is run, which supports the claim that the setting persists across closing and reopening.",Y,,supports,0.95,"The passage explicitly states that setting PRAGMA journal_mode=wal permanently changes the mode for that database file, which directly supports persistence across closing and reopening.",Y,
t09_sqlite_url/c2/e3/ev-e9d97aabd926,t09_sqlite_url,The PRAGMA journal_mode equals WAL setting in SQLite persists across closing and reopening the database.,disputed,supports,Explains that journal_mode is persistent specifically for WAL mode across sessions.,til.simonwillison.net,https://til.simonwillison.net/sqlite/enabling-wal-mode,commentary,"- According to Ben Johnson in a Hacker News comment, the journal_mode is only persistent for WAL, while the DELETE, TRUNCATE, and PERSIST modes are per-connection.",supports,1.0,"The passage explicitly states that the journal_mode is persistent for WAL, which directly aligns with the element's claim.",Y,,supports,0.95,"The passage explicitly notes that the journal_mode setting is persistent for WAL, which supports the claim that it persists across closing and reopening the database.",Y,
t09_sqlite_url/c2/e3/ev-rec-e3_6_358a01b1,t09_sqlite_url,The PRAGMA journal_mode equals WAL setting in SQLite persists across closing and reopening the database.,disputed,supports,States that WAL mode is persistent once enabled and remains active until explicitly changed.,freebsdsoftware.org,https://freebsdsoftware.org/blog/sqlite-freebsd-review.html,commentary,"Enable WAL mode: WAL mode is persistent -- once enabled, it remains active until explicitly changed. You only need to set it once.",supports,1.0,"The passage explicitly states that WAL mode is persistent and remains active once enabled, which directly supports the claim that the setting persists across closing and reopening.",Y,,supports,0.95,"The passage explicitly states that WAL mode is persistent once enabled and only needs to be set once, confirming it remains active until changed.",Y,
t09_sqlite_url/c2/e3/ev-rec-e3_6_ef3318a4,t09_sqlite_url,The PRAGMA journal_mode equals WAL setting in SQLite persists across closing and reopening the database.,disputed,supports,"Confirms that WAL mode persists per database after it is enabled, remaining active after reopening the database.",linuxcapable.com,https://linuxcapable.com/how-to-install-sqlite-on-arch-linux/,commentary,Confirm the persistent journal mode after reopening the database: wal WAL mode persists per database after it is enabled. The -wal and -shm sidecar files ...,supports,1.0,The passage explicitly confirms that the WAL journal mode persists per database after reopening.,Y,,supports,0.95,The passage explicitly states that WAL journal mode persists per database after it is enabled and can be confirmed after reopening the database.,Y,
t09_sqlite_url/c2/e3/ev-rec-e3_4_f0ed8242,t09_sqlite_url,The PRAGMA journal_mode equals WAL setting in SQLite persists across closing and reopening the database.,disputed,challenges,States that PRAGMA settings like journal_mode must be set on each database connection because they do not persist across connections.,litestream.io,https://litestream.io/v0.3/tips/,primary,"This pragma must be set on each database connection, as it does not persist across connections. Enabling foreign key constraints will ensure that your ...",challenges,1.0,"The passage explicitly states that the pragma does not persist across connections, which directly contradicts the claim that it persists across closing and reopening the database.",Y,,neither,0.95,"The passage refers to a pragma related to foreign key constraints rather than PRAGMA journal_mode, making it about a different setting.",N,neither
t09_sqlite_url/c3/e2/ev-513ce89951c2,t09_sqlite_url,"Version 3.22.0 of SQLite was released on January 22, 2018.",supported,supports,"Confirms that SQLite version 3.22.0 was released on January 22, 2018.",compathub.com,https://compathub.com/software/sqlite/3.22,commentary,- SQLite version 3.22.0 was released on 22 Jan 2018.,supports,1.0,"The passage explicitly states that SQLite version 3.22.0 was released on 22 Jan 2018, which directly aligns with the element.",Y,,supports,1.0,"The passage directly confirms that SQLite version 3.22.0 was released on January 22, 2018.",Y,
t09_sqlite_url/c3/e2/ev-rec-e2_4_21824e58,t09_sqlite_url,"Version 3.22.0 of SQLite was released on January 22, 2018.",supported,supports,"States that SQLite version 3.22.0 was approved/released on Tuesday, January 23, 2018, which conflicts slightly with the claimed January 22 date, but FreshPorts and chocolatey log entries place the release around January 22-23, 2018.",community.chocolatey.org,https://community.chocolatey.org/packages/SQLite,primary,"SQLite 3.23.1, 10815, Wednesday, April 11, 2018, Approved. SQLite 3.23.0, 2547, Monday, April 2, 2018, Approved. SQLite 3.22.0, 7873, Tuesday, January 23, 2018 ...",challenges,1.0,"The passage states that SQLite version 3.22.0 was released on Tuesday, January 23, 2018, which contradicts the element's claim that it was released on January 22, 2018.",N,direction,challenges,0.9,"The passage lists the date for SQLite 3.22.0 as January 23, 2018, which contradicts the element's date of January 22, 2018.",N,direction
t11_inflation/c1/e1/ev-f6b638871e47,t11_inflation,The inflation rate represents the absolute change in the general price level rather than the rate of change of prices.,disputed,challenges,"Explains that inflation specifically measures the rate of change in prices over a period rather than absolute price levels, directly contradicting the claim.",bankofcanada.ca,https://www.bankofcanada.ca/2025/10/difference-between-price-level-and-inflation/,primary,"- Price levels are a measure of the average cost of goods and services in the economy at a particular point in time, according to the Bank of Canada. - Inflation measures the rate of change in prices over a specific period, according to the Bank of Canada. - Even if inflation is only 1%, it means the price level has increased 1% from the year before, according to the Bank of Canada. - Sometimes, the rate of inflation decreases but the price level itself does not fall, a phenomenon called disinflation, according to the Bank of Canada. - During times of disinflation, the price level still rises but more slowly than it did before, according to the Bank of Canada. - When deflation occurs, the price level actually falls and the rate of change in the price level is negative, according to the Bank of Canada.",challenges,1.0,The passage explicitly states that inflation measures the rate of change in prices rather than the absolute change in the general price level.,Y,,challenges,0.95,"The passage explicitly states that inflation measures the rate of change in prices, directly contradicting the element's claim that it represents the absolute change rather than the rate of change.",Y,
t11_inflation/c1/e1/ev-53f02185c498,t11_inflation,The inflation rate represents the absolute change in the general price level rather than the rate of change of prices.,disputed,challenges,States that the inflation rate measures how fast prices rise over time rather than representing an absolute change in the general price level.,public.com,https://public.com/learn/inflation-rate-formula,commentary,"- The inflation rate measures how fast prices rise, usually year over year.",challenges,1.0,"The element claims inflation represents the absolute change rather than the rate of change, whereas the passage states that the inflation rate measures how fast prices rise (the rate of change).",Y,,challenges,0.95,"The passage states that the inflation rate measures how fast prices rise (the rate of change), which contradicts the claim that it is the absolute change rather than the rate of change.",Y,
t11_inflation/c1/e1/ev-745c3d5a9c10,t11_inflation,The inflation rate represents the absolute change in the general price level rather than the rate of change of prices.,disputed,challenges,"Defines inflation as the increase in prices of goods and services over time, confirming it is a rate of change.",federalreserve.gov,https://www.federalreserve.gov/faqs/economy_14419.htm?s=cl,primary,- Inflation is the increase in the prices of goods and services over time.,challenges,1.0,"The passage defines inflation as the rate of change in prices over time, which contradicts the element's claim that it represents the absolute change rather than the rate of change.",Y,,neither,0.9,"The passage defines inflation as an increase in prices over time, but it does not specify whether the inflation rate represents an absolute change or a rate of change.",N,neither
t11_inflation/c1/e1/ev-2150b6f4fb7a,t11_inflation,The inflation rate represents the absolute change in the general price level rather than the rate of change of prices.,disputed,supports,"The classroom activity title explicitly demonstrates that a falling inflation rate does not mean prices themselves fall, supporting the idea that inflation is the rate of change rather than the absolute level.",federalreserveeducation.org,https://www.federalreserveeducation.org/resources/lessons/lesson--inflation-rate-is-falling.pdf,primary,"Classroom Activity: The Inflation Rate Is Falling but Prices Are Not • Notice 2009, when the price level did not increase. Review the graphs and determine why this might have occurred",challenges,0.9,"The passage highlights the distinction between a falling inflation rate and prices themselves not falling, which contradicts the claim that the inflation rate represents the absolute change in the price level rather than the rate of change.",N,direction,error,,,,
t12_venus_image/c1/e1/ev-14c453e3dce5,t12_venus_image,Venus possesses a measurable planetary surface temperature.,supported,supports,"States that the greenhouse effect raises Venus's surface temperatures to around 740 K (467 °C), confirming it has a measurable surface temperature.",ebsco.com,https://www.ebsco.com/research-starters/astronomy-and-astrophysics/venuss-atmosphere,primary,"- Venus's atmosphere is primarily composed of carbon dioxide, with traces of nitrogen and sulfur dioxide. - The greenhouse effect raises Venus's surface temperatures to around 740 K (approximately 467 °C or 872 °F).",supports,1.0,"The passage explicitly states that Venus's surface temperatures reach around 740 K, which directly supports the claim that Venus possesses a measurable planetary surface temperature.",Y,,supports,0.98,The passage explicitly provides a specific measurement for Venus's surface temperature (around 740 K / 467 °C).,Y,
t12_venus_image/c1/e1/ev-1fd6a682054b,t12_venus_image,Venus possesses a measurable planetary surface temperature.,supported,supports,Reports scientific measurements of Venus's global average nightside surface temperature at approximately 698 K.,nature.com,https://www.nature.com/articles/s41598-018-38117-x,primary,"- In our solar system, Venus is the second planet and orbiting at a distance of about 0.72 AU from Sun. - The global average nightside surface temperature of Venus is about 698 K with a spatial variation of over 230 K.",supports,1.0,"The passage explicitly provides a measurable planetary surface temperature for Venus (698 K), which directly supports the element.",Y,,supports,1.0,"The passage provides specific measurements for Venus's surface temperature, directly supporting the claim that it possesses a measurable planetary surface temperature.",Y,
t12_venus_image/c1/e1/ev-8d8e42ecb361,t12_venus_image,Venus possesses a measurable planetary surface temperature.,supported,supports,Documents that Venus has an average measured surface temperature exceeding 450 °C (840 °F).,climate.mit.edu,https://climate.mit.edu/ask-mit/what-makes-climate-venus-so-hot,commentary,"And its average surface temperature blazes above 450 degrees Celsius, or roughly 840 degrees Fahrenheit.2. Venus, which is closer to the Sun, ...",supports,1.0,"The passage explicitly states that Venus has an average surface temperature of over 450 degrees Celsius, which directly supports the claim that it possesses a measurable planetary surface temperature.",Y,,supports,0.95,"The passage provides specific measurements for Venus's average surface temperature (above 450 degrees Celsius / 840 degrees Fahrenheit), supporting that it has a measurable surface temperature.",Y,
t12_venus_image/c1/e1/ev-604637313999,t12_venus_image,Venus possesses a measurable planetary surface temperature.,supported,supports,"The evidence provides a specific measurable surface temperature value for Venus, supporting the element that Venus possesses a measurable surface temperature.",reddit.com,https://www.reddit.com/r/space/comments/1ep2gd/one_of_the_first_photos_of_the_surface_of_venus/,commentary,The average temperature of the surface is around 460 degrees Celsius,supports,1.0,"The passage provides a specific numerical surface temperature for Venus, directly supporting the claim that it has a measurable planetary surface temperature.",Y,,neither,0.9,,N,neither
t12_venus_image/c1/e3/ev-fe24ffebe866,t12_venus_image,The surface temperature of Venus is higher than the surface temperature of every other planet in the Solar System.,supported,supports,Directly confirms that Venus is the hottest planet in our solar system.,science.nasa.gov,https://science.nasa.gov/venus/,primary,- Venus is the hottest planet in our solar system. - Venus has a surface hot enough to melt lead.,supports,1.0,The statement that Venus is the hottest planet in our solar system directly supports the claim that its surface temperature is higher than that of every other planet.,Y,,supports,0.95,"The passage explicitly states that Venus is the hottest planet in our solar system, supporting the claim that its temperature is higher than every other planet's.",Y,
t12_venus_image/c1/e3/ev-22b457bf6120,t12_venus_image,The surface temperature of Venus is higher than the surface temperature of every other planet in the Solar System.,supported,supports,NASA data confirms Venus is the solar system's hottest planet with a mean surface temperature of 867 °F (464 °C).,science.nasa.gov,https://science.nasa.gov/resource/solar-system-temperatures/,primary,"- Venus is the exception, as its proximity to the Sun, and its dense atmosphere make it our solar system's hottest planet. - The mean temperature of Venus is 867°F (464°C). - Venus is an exception because its dense atmosphere acts as a greenhouse and heats the surface to above the melting point of lead.",supports,1.0,"The passage explicitly states that Venus is the solar system's hottest planet, which directly supports the claim that its surface temperature is higher than that of every other planet.",Y,,supports,0.95,The passage explicitly states that Venus is our solar system's hottest planet and details the high temperature of its surface.,Y,
t12_venus_image/c1/e3/ev-bb86ce72ee6d,t12_venus_image,The surface temperature of Venus is higher than the surface temperature of every other planet in the Solar System.,supported,supports,NASA official source states Venus is the hottest planet in our solar system with surface temperatures around 872 °F (467 °C).,science.nasa.gov,https://science.nasa.gov/venus/venus-facts/,primary,"- It's the hottest planet in our solar system, and is sometimes called Earth's twin. - Its thick atmosphere traps heat in a runaway greenhouse effect, making it the hottest planet in our solar system with surface temperatures hot enough to melt lead — about 872 degrees Fahrenheit (467 Celsius).",supports,1.0,"The passage states that Venus is the hottest planet in our solar system with surface temperatures around 872 degrees Fahrenheit, which supports the claim that its temperature is higher than that of every other planet.",Y,,supports,0.98,The passage explicitly states that Venus is the hottest planet in our solar system with extremely high surface temperatures.,Y,
t12_venus_image/c1/e3/ev-158c84c69cd6,t12_venus_image,The surface temperature of Venus is higher than the surface temperature of every other planet in the Solar System.,supported,supports,"States that Venus has the hottest surface of any planet in the Solar System, averaging 470 °C.",planetary.org,https://www.planetary.org/worlds/venus,commentary,- With average surface temperatures of 470 degrees Celsius (878 degrees Fahrenheit) — hot enough to melt lead — Venus has the hottest surface of any planet in the Solar System.,supports,1.0,"The passage explicitly states that Venus has the hottest surface of any planet in the Solar System, which directly supports the element.",Y,,supports,1.0,The passage directly states that Venus has the hottest surface of any planet in the Solar System.,Y,
t12_venus_image/c1/e3/ev-aba751eb759c,t12_venus_image,The surface temperature of Venus is higher than the surface temperature of every other planet in the Solar System.,supported,supports,"Academic research confirms Venus is the hottest planet in the Solar System, sustaining an average surface temperature of 464 °C.",nature.com,https://www.nature.com/articles/s44172-026-00647-y,primary,- Venus is the hottest planet in the Solar System. - Venus sustains an average surface temperature of 464 °C. - Venus has a dense atmosphere rich in carbon dioxide and sulphuric acid. - Venus generates atmospheric pressures up to 92 bar.,supports,1.0,"The passage explicitly states that Venus is the hottest planet in the Solar System, which directly supports the claim that its surface temperature is higher than that of every other planet.",Y,,supports,0.95,The passage explicitly states that Venus is the hottest planet in the Solar System and provides its average surface temperature.,Y,
t12_venus_image/c1/e3/ev-4f4acedeeca3,t12_venus_image,The surface temperature of Venus is higher than the surface temperature of every other planet in the Solar System.,supported,supports,"The evidence explains that Venus retains more heat than Mercury due to greenhouse gases, supporting the claim that its temperature is higher than other planets.",reddit.com,https://www.reddit.com/r/explainlikeimfive/comments/vc0n1g/eli5_why_is_venus_hotter_than_mercury/,commentary,Venus is wearing a blanket of greenhouse gases and has been absorbing and retaining a LOT more of the incoming heat from the sun than Mercury,neither,0.9,"The passage discusses Venus retaining more heat than Mercury due to greenhouse gases, but it does not provide a comparison with all other planets in the Solar System regarding surface temperature.",N,neither,neither,0.85,The passage only compares Venus's heat,N,neither
t13_sweden/c1/e1/ev-9ffa8d538702,t13_sweden,Sweden did not impose a general lockdown during the 2020-22 period.,supported,supports,Confirms Sweden avoided general lockdowns and instead used voluntary public health recommendations.,preventionweb.net,https://www.preventionweb.net/news/did-swedens-controversial-covid-strategy-pay-many-ways-it-did-it-let-elderly-down,commentary,"- Sweden avoided general lockdowns and instead aimed to achieve social distancing through public health recommendations. - Sweden's total excess deaths during the first two years of the pandemic were among the lowest in Europe, according to the article. - Norway was cited as one of the few countries in Europe with lower excess mortality than Sweden.",supports,1.0,"The passage explicitly states that Sweden avoided general lockdowns, which directly aligns with the element.",Y,,supports,0.95,The passage explicitly states that Sweden avoided general lockdowns during the pandemic.,Y,
t13_sweden/c1/e1/ev-842a98804320,t13_sweden,Sweden did not impose a general lockdown during the 2020-22 period.,supported,supports,States that Sweden decided not to implement a mandatory lockdown between February and September 2020.,nature.com,https://www.nature.com/articles/s41598-023-45934-2,primary,"- Sweden decided not to implement a mandatory lockdown during the period from the end of February 2020 to the end of September 2020. - Not imposing a mandatory lockdown in Sweden resulted in a lower reduction of mobility and a substantial increase in mortality, according to the study. - Up to about 4,411 of the 46,554 deaths registered in Sweden during the study period could have been avoided had Sweden implemented a mandatory lockdown, the study estimates. - 7,144 more Swedes died in the year 2020 compared to the average number of deaths in the previous 5 years.",supports,1.0,The passage confirms that Sweden decided not to implement a mandatory lockdown during a portion of the 2020-22 period.,Y,,error,,no response,,
t13_sweden/c1/e1/ev-0ef47dcd1457,t13_sweden,Sweden did not impose a general lockdown during the 2020-22 period.,supported,supports,Identifies Sweden as one of the countries that never enacted legally binding stay-at-home lockdown orders.,bbc.com,https://www.bbc.com/future/article/20250304-the-countries-that-never-locked-down-for-covid-19,reporting,"- Sweden, Taiwan, Uruguay, Iceland, and a few others never enacted a lockdown involving severe restrictions on the movement of people like legally binding stay-at-home orders. - Neighbouring nations Norway, Finland, and Denmark imposed strict lockdowns in the early stages of the pandemic. - While Sweden experienced a noticeable spike in excess deaths during the initial waves in spring and winter 2020, excess mortality rose compared to Sweden in the other three countries in 2021 and 2022. - According to Ingeborg Forthun, the four Nordic countries have a comparable number of excess deaths when accounting for population size differences.",supports,1.0,The passage explicitly states that Sweden never enacted a lockdown involving severe restrictions on the movement of people like legally binding stay-at-home orders during the pandemic.,Y,,supports,0.95,The passage explicitly states that Sweden never enacted a lockdown involving severe restrictions on movement like stay-at-home orders.,Y,
t13_sweden/c1/e2/ev-842a98804320,t13_sweden,Sweden's choice not to impose a general lockdown was the primary driver of its relative mortality outcome compared to other European countries.,disputed,challenges,"Finds that not imposing a mandatory lockdown increased Swedish mortality and estimated up to 4,411 deaths could have been avoided with a lockdown.",nature.com,https://www.nature.com/articles/s41598-023-45934-2,primary,"- Sweden decided not to implement a mandatory lockdown during the period from the end of February 2020 to the end of September 2020. - Not imposing a mandatory lockdown in Sweden resulted in a lower reduction of mobility and a substantial increase in mortality, according to the study. - Up to about 4,411 of the 46,554 deaths registered in Sweden during the study period could have been avoided had Sweden implemented a mandatory lockdown, the study estimates. - 7,144 more Swedes died in the year 2020 compared to the average number of deaths in the previous 5 years.",supports,0.9,"The passage reports that not imposing a mandatory lockdown in Sweden resulted in a substantial increase in mortality, which supports the claim that Sweden's choice regarding the lockdown was the primary driver of its relative mortality out…",N,direction,error,,no response,,
t13_sweden/c1/e3/ev-9ffa8d538702,t13_sweden,Sweden achieved lower cumulative excess mortality per capita in 2020-22 compared to every other European country.,disputed,challenges,"Notes that Norway had lower excess mortality than Sweden during the first two pandemic years, contradicting the claim that Sweden had lower mortality than every other European country.",preventionweb.net,https://www.preventionweb.net/news/did-swedens-controversial-covid-strategy-pay-many-ways-it-did-it-let-elderly-down,commentary,"- Sweden avoided general lockdowns and instead aimed to achieve social distancing through public health recommendations. - Sweden's total excess deaths during the first two years of the pandemic were among the lowest in Europe, according to the article. - Norway was cited as one of the few countries in Europe with lower excess mortality than Sweden.",challenges,1.0,"The element states that Sweden achieved lower cumulative excess mortality than every other European country, but the passage explicitly contradicts this by noting that Norway had lower excess mortality than Sweden.",Y,,challenges,0.95,"The passage explicitly states that Norway had lower excess mortality than Sweden, contradicting the claim that Sweden had lower excess mortality than every other European country.",Y,
t13_sweden/c1/e3/ev-db780f394c50,t13_sweden,Sweden achieved lower cumulative excess mortality per capita in 2020-22 compared to every other European country.,disputed,challenges,Finds that cumulative excess mortality from January 2020 to April 2022 was lowest in Iceland rather than Sweden.,link.springer.com,https://link.springer.com/article/10.1186/s13690-025-01531-5,primary,"- Sweden had more infections, deaths, hospitalizations, and ICU admissions than the other Nordic countries during the first three waves of the pandemic. - Excess mortality over the whole study period (1 January 2020 to 30 April 2022) was lowest in Iceland.",challenges,1.0,"The passage states that excess mortality over the study period was lowest in Iceland, which contradicts the claim that Sweden achieved lower cumulative excess mortality than every other European country.",Y,,challenges,0.95,"The passage states that excess mortality over the 2020-2022 period was lowest in Iceland, which contradicts the claim that Sweden had lower excess mortality than every other European country.",Y,
t13_sweden/c1/e3/ev-1ad667455370,t13_sweden,Sweden achieved lower cumulative excess mortality per capita in 2020-22 compared to every other European country.,disputed,challenges,Data showing Sweden had higher total excess mortality than Norway contradicts the claim that Sweden had lower cumulative excess mortality than every other European country.,portal.research.lu.se,https://portal.research.lu.se/en/publications/swedens-excess-mortality-in-20202022-and-reporting-in-the-media,primary,"- Total excess mortality for the years 2020–2022 was 11,897 individuals in Sweden and 6089 in Norway. - In Sweden, 60% of excess mortality was observed in 2020, 8% in 2021 and 32% in 2022.",neither,1.0,"The passage provides excess mortality data for Sweden and Norway only, which is insufficient to evaluate Sweden's standing compared to every other European country.",N,neither,neither,0.9,The passage provides raw total excess,N,neither
t13_sweden/c1/e3/ev-818d6871061b,t13_sweden,Sweden achieved lower cumulative excess mortality per capita in 2020-22 compared to every other European country.,disputed,challenges,Data showing Sweden ranks 30th out of 47 European countries in per capita deaths contradicts the claim that Sweden had lower mortality than every other European country.,en.wikipedia.org,https://en.wikipedia.org/wiki/COVID-19_pandemic_in_Sweden,primary,"The COVID-19 pandemic in Sweden is a part of the pandemic of coronavirus disease 2019 caused by severe acute respiratory syndrome coronavirus 2. As of 22 March 2023, there have been 2,701,192 confirmed cumulative cases and 23,851 deaths with confirmed COVID-19 in Sweden. Sweden ranks 57th in per capita deaths worldwide, and out of 47 European countries, Sweden places 30th. A 2022 estimate of excess mortality during the pandemic using IHME COVID model estimated 18,300 excess deaths during 2020–2021 The Economist model value estimated 13,670 excess deaths between 16th 2020-Mar 6th 2022.",challenges,1.0,"The passage states that Sweden places 30th out of 47 European countries in per capita deaths, which contradicts the claim that it achieved lower cumulative excess mortality than every other European country.",Y,,error,,no response,,
t14_bankrate_375/c1/e1/ev-188f8f5d5d9b,t14_bankrate_375,The Bank of England's Bank Rate is set at 3.75% as of 7 September 2026.,supported,supports,States that current Bank of England interest rates are 3.75%.,titanwci.com,https://www.titanwci.com/news-insights/2026/september/meet-the-committee-behind-uk-interest-rates/,commentary,- Current interest rates are 3.75% according to market updates.,neither,1.0,The passage mentions current interest rates are 3.75% but does not specify that this is the Bank of England's Bank Rate as of 7 September 2026.,N,neither,neither,0.9,"The passage mentions current interest rates of 3.75% generally, but does not specify the Bank of England's Bank Rate or the date of 7 September 2026.",N,neither
t14_bankrate_375/c1/e1/ev-7212239c72ba,t14_bankrate_375,The Bank of England's Bank Rate is set at 3.75% as of 7 September 2026.,supported,supports,Reports the Bank of England held the Bank Rate at 3.75% on 30 July 2026 and confirms the current UK interest rate is 3.75%.,cambridgecurrencies.com,https://cambridgecurrencies.com/next-bank-of-england-interest-rate-decision/,reporting,- The Bank of England held Bank Rate at 3.75% on 30 July 2026. - The next Bank of England interest rate decision is on Thursday 17 September 2026. - The current UK interest rate (Bank Rate) is 3.75%.,supports,1.0,The passage explicitly states that the current UK interest rate (Bank Rate) is 3.75% as of the referenced period leading up to September 2026.,Y,,supports,0.95,,Y,
t14_bankrate_375/c1/e1/ev-53fa1f6d1a26,t14_bankrate_375,The Bank of England's Bank Rate is set at 3.75% as of 7 September 2026.,supported,supports,Notes the Bank of England's recent decision to hold the Bank Rate at 3.75%.,theguardian.com,https://www.theguardian.com/business/live/2026/sep/08/oil-price-approaches-100-a-barrel-saudi-attacks-bank-of-england-latest-news-updates?CMP=share_btn_url&page=with%3Ablock-6a9fa3a38f08b1fc6ac22c25,reporting,"- MPs in London will question Bank of England governor Andrew Bailey, and colleagues, about their recent decision to hold the Bank Rate at 3.75%.",supports,1.0,The passage confirms the specific Bank Rate of 3.75% referenced in the element.,Y,,error,,,,
t14_bankrate_375/c1/e1/ev-7774ffde2805,t14_bankrate_375,The Bank of England's Bank Rate is set at 3.75% as of 7 September 2026.,supported,supports,Reports that the Bank of England interest rate currently sits at 3.75%.,inews.co.uk,https://inews.co.uk/inews-lifestyle/money/property-and-mortgages/mortgage-rate-warning-more-price-rises-expected-4747123?srsltid=AfmBOooOygwdhoyVPlhD6oKTIL75tq7uZrCI9lyFF8hl2wne9nMLDHdM,reporting,- The Bank of England interest rate currently sits at 3.75 per cent.,neither,0.9,"The passage mentions the current interest rate of 3.75 per cent, but does not provide the specific date of 7 September 2026 required by the element.",N,neither,neither,0.85,The passage mentions that the interest rate currently sits at 3.,N,neither
t14_bankrate_375/c1/e2/ev-7212239c72ba,t14_bankrate_375,The next decision date for the Bank of England's Bank Rate is 17 September 2026.,supported,supports,Explicitly states that the next Bank of England interest rate decision is scheduled for Thursday 17 September 2026.,cambridgecurrencies.com,https://cambridgecurrencies.com/next-bank-of-england-interest-rate-decision/,reporting,- The Bank of England held Bank Rate at 3.75% on 30 July 2026. - The next Bank of England interest rate decision is on Thursday 17 September 2026. - The current UK interest rate (Bank Rate) is 3.75%.,supports,1.0,The passage explicitly states that the next Bank of England interest rate decision is on Thursday 17 September 2026.,Y,,supports,1.0,The passage explicitly states that the next Bank of England interest rate decision is on Thursday 17 September 2026.,Y,
t14_bankrate_375/c1/e2/ev-3fad8d76706e,t14_bankrate_375,The next decision date for the Bank of England's Bank Rate is 17 September 2026.,supported,supports,Confirms the Bank of England is set to vote on interest rates on 17 September.,independent.co.uk,https://www.independent.co.uk/money/best-cash-isas-savings-accounts-september-2026-b3047053.html,commentary,- The base rate has remained at 3.75% since December 2025. - The Bank of England (BoE) is set to vote on interest rates on 17 September.,neither,0.9,"The passage mentions a vote on 17 September without specifying the year 2026, making it too thin to confirm the exact date in the element.",N,neither,error,,no response,,
