label_id,record,element,state,tru8_label,tru8_reasoning,source,url,tier,passage,gemini_verdict,gemini_confidence,gemini_reason,gemini_justified,gemini_kind,gemini_flash_verdict,gemini_flash_confidence,gemini_flash_reason,gemini_flash_justified,gemini_flash_kind
t01_brexit/c1/e1/ev-06cbaa2b1b96,t01_brexit,The UK officially left the European Union on 31 January 2020.,supported,supports,Confirms the UK left the European Union on 31 January 2020 at midnight CET.,ec.europa.eu,https://ec.europa.eu/newsroom/councileu/items/663312/en,primary,"- The UK left the EU on 31 January 2020 at midnight (CET) after 47 years. - The transition period provided for in the withdrawal agreement will allow more time for citizens and businesses to adapt, and is due to last until 31 December 2020.",supports,1.0,"The passage explicitly states that the UK left the EU on 31 January 2020, which directly aligns with the element.",Y,,supports,1.0,The passage explicitly states that the UK left the EU on 31 January 2020.,Y,
t01_brexit/c1/e1/ev-125b142005c8,t01_brexit,The UK officially left the European Union on 31 January 2020.,supported,supports,States that the United Kingdom officially left the EU at 11pm on 31 January 2020.,niassembly.gov.uk,https://www.niassembly.gov.uk/assembly-business/brexit-and-beyond/timeline-and-key-documents/,primary,"- 2 March 2020 - Negotiations on Future Relationship Negotiations on the Future Relationship formally begin. - 1 February 2020 - Transition period begins The Withdrawal Agreement enters into force and the UK enters the transition period. - 31 January 2020 - UK leaves the EU The United Kingdom officially leaves the European Union at 11pm. - 24 January 2020 - Withdrawal Agreement signed The Withdrawal Agreement is signed by the EU and UK. - 11 January 2020 - Assembly Restored The Northern Ireland Assembly is restored with the ‘New Decade, New Approach’ agreement",supports,1.0,The passage explicitly states that the United Kingdom officially leaves the European Union on 31 January 2020.,Y,,supports,1.0,The passage explicitly states that the United Kingdom officially left the European Union on 31 January 2020.,Y,
t01_brexit/c1/e1/ev-12ef48113030,t01_brexit,The UK officially left the European Union on 31 January 2020.,supported,supports,Documents that the United Kingdom formally withdrew from the EU at 11:00 pm London time on 31 January 2020.,britannica.com,https://www.britannica.com/topic/Brexit,commentary,"At 11:00 pm London time on January 31, the United Kingdom formally withdrew from the European Union. The freedom to work and move freely between the U.K. and ...",supports,1.0,The passage explicitly states that the United Kingdom formally withdrew from the European Union on January 31 at 11:00 pm London time.,Y,,error,,no response,,
t01_brexit/c1/e1/ev-13042e152c79,t01_brexit,The UK officially left the European Union on 31 January 2020.,supported,supports,States that the UK formally left the EU on Friday 31 January 2020 at 11pm GMT.,tandfonline.com,https://www.tandfonline.com/doi/full/10.1080/09615768.2021.1891617,primary,The UK formally left the EU on Friday 31 January 2020 at 11pm GMT. ... continued to apply to and within the United Kingdom until 31 December 2020.,supports,1.0,"The passage explicitly states that the UK formally left the EU on 31 January 2020, which directly aligns with the element.",Y,,supports,1.0,The passage explicitly confirms that the UK formally left the EU on 31 January 2020.,Y,
t01_brexit/c1/e1/ev-ae5aa59ea56d,t01_brexit,The UK officially left the European Union on 31 January 2020.,supported,supports,Confirms that the UK's withdrawal took legal effect on 31 January 2020.,lexisnexis.com,https://www.lexisnexis.com/en-gb/legal/guidance/brexit-timeline-transition-archived,primary,"On 31 January 2020, the UK's withdrawal took legal effect. The transition period ended on 31 December 2020. This Practice Note sets out the ...",supports,1.0,The passage explicitly confirms that the UK's withdrawal took legal effect on 31 January 2020.,Y,,error,,,,
t01_brexit/c1/e1/ev-b8fba0c27777,t01_brexit,The UK officially left the European Union on 31 January 2020.,supported,supports,Confirms the UK left the EU on 31 January 2020 under the Withdrawal Agreement.,fca.org.uk,https://www.fca.org.uk/firms/eu-withdrawal-transition-period,primary,"- The UK left the EU on 31 January 2020 with a Withdrawal Agreement. - The UK entered a transition period, which operated until 31 December 2020.",supports,1.0,"The passage explicitly states that the UK left the EU on 31 January 2020, which directly aligns with the element.",Y,,supports,1.0,The passage directly confirms that the UK left the EU on 31 January 2020 with a Withdrawal Agreement.,Y,
t01_brexit/c1/e1/ev-d56edbb4abcf,t01_brexit,The UK officially left the European Union on 31 January 2020.,supported,supports,Reports that the UK officially left the EU trading bloc on 31 January 2020.,bbc.co.uk,https://www.bbc.co.uk/news/uk-politics-32810887,reporting,- The UK voted to leave the EU in 2016 and officially left the trading bloc on 31 January 2020. - Both sides agreed to keep many things the same until 31 December 2020 to allow enough time to agree to the terms of a new trade deal.,supports,1.0,"The passage explicitly states that the UK officially left the trading bloc on 31 January 2020, which directly validates the element.",Y,,supports,1.0,The passage explicitly states that the UK officially left the EU on 31 January 2020.,Y,
t01_brexit/c1/e2/ev-46ebd6ccbd2c,t01_brexit,The UK remained in the EU single market until 31 December 2020.,supported,supports,Explicitly states that the UK left the EU single market at 11pm on 31 December 2020 when the transition period ended.,commonslibrary.parliament.uk,https://commonslibrary.parliament.uk/research-briefings/cbp-7960/,primary,"At 11pm on 31 December 2020, the transition period ended and the United Kingdom left the EU single market and customs union.",supports,1.0,The passage confirms that the United Kingdom remained in the EU single market until the transition period ended at 11pm on 31 December 2020.,Y,,supports,1.0,"The passage explicitly states that the UK left the EU single market on 31 December 2020, which confirms that it remained in it until that date.",Y,
t01_brexit/c1/e2/ev-796ab6c6477f,t01_brexit,The UK remained in the EU single market until 31 December 2020.,supported,supports,Documents that Britain remained part of the European single market during the transition period ending at 23:00 on 31 December 2020.,en.wikipedia.org,https://en.wikipedia.org/wiki/Timeline_of_Brexit,primary,"- The UK officially left the EU at 23:00 GMT on 31 January 2020. - A transition period—in which Britain remained a part of the European single market and the European Union Customs Union—began following the UK's departure. - At 23:00 on 31 December 2020, the transition period ended, and the UK formally completed its separation from the EU.",supports,1.0,The passage explicitly states that Britain remained a part of the European single market during a transition period that ended at 23:00 on 31 December 2020.,Y,,supports,1.0,The passage confirms that the UK remained part of the European single market during a transition period that ended on 31 December 2020,Y,
t01_brexit/c1/e2/ev-fca1275ef5cd,t01_brexit,The UK remained in the EU single market until 31 December 2020.,supported,supports,Confirms the UK was scheduled to leave the single market at 11pm GMT on 31 December 2020.,commonslibrary.parliament.uk,https://commonslibrary.parliament.uk/end-of-the-brexit-transition-period-what-will-change/,primary,The UK is due to leave the single market and customs union at 11pm GMT on 31 December 2020.This would be the case both under the UK Government's ...,supports,1.0,"The passage states that the UK leaves the single market at 11pm GMT on 31 December 2020, meaning it remained in it until that date.",Y,,supports,0.9,"The passage states that the UK was due to leave the single market on 31 December 2020, which supports that it remained in the single market until that date.",Y,
t01_brexit/c1/e2/ev-719f72820b1b,t01_brexit,The UK remained in the EU single market until 31 December 2020.,supported,supports,"The analysis specifies that the standstill period ending on 31 December 2020 followed the UK's departure, during which single market membership conditions conceptually continued under the transition framework.",uk.practicallaw.thomsonreuters.com,https://uk.practicallaw.thomsonreuters.com/w-023-9796?transitionType=Default&contextData=(sc.Default),primary,The standstill period which started when the UK left the EU on exit day and ended at 11.00 pm (UK time) on 31 December 2020. 31 December 2020 at 11.00 pm ( ...,supports,0.9,"The passage confirms that a standstill period lasted until 31 December 2020, which aligns with the UK remaining in the EU single market until that date.",Y,,neither,0.85,The passage mentions,N,neither
t01_brexit/c1/e3/ev-46ebd6ccbd2c,t01_brexit,The UK remained in the EU customs union until 31 December 2020.,supported,supports,States that the UK left the EU customs union when the transition period ended at 11pm on 31 December 2020.,commonslibrary.parliament.uk,https://commonslibrary.parliament.uk/research-briefings/cbp-7960/,primary,"At 11pm on 31 December 2020, the transition period ended and the United Kingdom left the EU single market and customs union.",supports,1.0,"The passage confirms that the United Kingdom left the EU customs union at 11pm on 31 December 2020, which directly implies it remained in it until that date.",Y,,supports,0.99,"The passage confirms that the United Kingdom left the EU customs union on 31 December 2020, directly supporting the element.",Y,
t01_brexit/c1/e3/ev-796ab6c6477f,t01_brexit,The UK remained in the EU customs union until 31 December 2020.,supported,supports,Confirms Britain remained part of the European Union Customs Union until the transition period ended at 23:00 on 31 December 2020.,en.wikipedia.org,https://en.wikipedia.org/wiki/Timeline_of_Brexit,primary,"- The UK officially left the EU at 23:00 GMT on 31 January 2020. - A transition period—in which Britain remained a part of the European single market and the European Union Customs Union—began following the UK's departure. - At 23:00 on 31 December 2020, the transition period ended, and the UK formally completed its separation from the EU.",supports,1.0,The passage confirms that the transition period during which the UK remained in the EU Customs Union ended at 23:00 on 31 December 2020.,Y,,supports,1.0,The passage states that Britain remained part of the European Union Customs Union during a transition period that ended on 31 December 2020.,Y,
t01_brexit/c1/e3/ev-fca1275ef5cd,t01_brexit,The UK remained in the EU customs union until 31 December 2020.,supported,supports,Confirms the UK was set to exit the customs union at 11pm GMT on 31 December 2020.,commonslibrary.parliament.uk,https://commonslibrary.parliament.uk/end-of-the-brexit-transition-period-what-will-change/,primary,The UK is due to leave the single market and customs union at 11pm GMT on 31 December 2020.This would be the case both under the UK Government's ...,supports,1.0,The passage confirms that the UK remained in the customs union until 31 December 2020 by stating it was due to leave at that specific time.,Y,,supports,0.9,"The passage states that the UK was scheduled to leave the customs union on 31 December 2020, which supports that it remained a member until that date.",Y,
t02_select/c1/e1/ev-62dde1ceb4a5,t02_select,The SELECT trial establishes that semaglutide prevents heart attacks.,supported,supports,Confirms the SELECT trial found semaglutide reduced major adverse cardiovascular events in patients with overweight or obesity.,thelancet.com,https://www.thelancet.com/journals/lancet/article/PIIS0140-6736(25)01375-3/fulltext,primary,The SELECT trial found semaglutide reduced major adverse cardiovascular events (MACE) in patients with overweight or obesity with cardiovascular disease but ...,supports,0.9,"The passage reports that the SELECT trial found semaglutide reduced major adverse cardiovascular events, which includes preventing heart attacks.",Y,,error,,no response,,
t02_select/c1/e1/ev-37f567139cd0,t02_select,The SELECT trial establishes that semaglutide prevents heart attacks.,supported,supports,Reports that the phase 3 SELECT trial showed semaglutide resulted in a 20% reduction in major adverse cardiovascular events.,docwirenews.com,https://www.docwirenews.com/post/select-trial-semaglutide-reduces-cardiovascular-events-independent-of-weight-loss,reporting,"- According to a prespecified analysis of the phase 3 SELECT trial published in The Lancet, semaglutide resulted in a 20% reduction in major adverse cardiovascular events (MACE) in patients with obesity (BMI >=27 kg/m2) and established cardiovascular disease but not diabetes. - The phase 3 SELECT trial enrolled adults aged 45 years or older with a BMI of 27 kg/m2 or higher and established cardiovascular disease. - The study team randomized participants from 41 countries 1:1 to receive once-weekly semaglutide 2.4 mg or placebo. - Among 17,604 participants, semaglutide significantly reduced the incidence of MACE compared with placebo, with consistent benefits observed across all baseline body weight and waist circumference categories.",supports,1.0,"The passage reports that the SELECT trial showed semaglutide resulted in a 20% reduction in major adverse cardiovascular events (MACE), which supports the claim that it prevents heart attacks.",Y,,error,,no response,,
t02_select/c1/e1/ev-4c5d36a45a4a,t02_select,The SELECT trial establishes that semaglutide prevents heart attacks.,supported,supports,States that semaglutide improved cardiovascular outcomes in the SELECT trial.,nejm.org,https://www.nejm.org/doi/full/10.1056/NEJMoa2307563,primary,"Semaglutide improved cardiovascular outcomes in this trial, whereas lifestyle and pharmacologic interventions for overweight or obesity tested in previous ...",supports,0.9,"The passage reports that semaglutide improved cardiovascular outcomes in the trial, which supports the claim that it prevents heart attacks.",Y,,error,,no response,,
t02_select/c1/e1/ev-31dbfe2c2bbb,t02_select,The SELECT trial establishes that semaglutide prevents heart attacks.,supported,supports,Notes that semaglutide consistently reduced cardiovascular outcomes in the SELECT trial.,jacc.org,https://www.jacc.org/doi/10.1016/j.jacc.2024.11.008,primary,Semaglutide consistently reduced all cardiovascular outcomes in these patients. In the SELECT (Semaglutide Effects on Cardiovascular Outcomes in ...,error,,no response,,,neither,0.85,The passage cuts off before providing the specific results or findings of the SELECT trial regarding heart attacks.,N,neither
t02_select/c1/e1/ev-8441c53cff48,t02_select,The SELECT trial establishes that semaglutide prevents heart attacks.,supported,supports,Confirms semaglutide reduced major adverse cardiovascular events compared with placebo in the SELECT trial.,thelancet.com,https://www.thelancet.com/journals/lancet/article/PIIS0140-6736(26)00255-2/fulltext,primary,"SELECT trial, semaglutide reduced major adverse cardiovascular events (MACE) compared with placebo, with only about one-third of benefit mediated by waist ...",supports,0.9,"The passage reports that the SELECT trial showed semaglutide reduced major adverse cardiovascular events, which supports the claim that it prevents heart attacks.",Y,,error,,,,
t02_select/c1/e1/ev-d8a1ba3b5fbe,t02_select,The SELECT trial establishes that semaglutide prevents heart attacks.,supported,supports,Reports semaglutide reduced major adverse cardiovascular events by 20% versus placebo in the SELECT trial.,nature.com,https://www.nature.com/articles/s41591-026-04281-1,primary,"- In the SELECT trial, once-weekly subcutaneous semaglutide reduced major adverse cardiovascular events (MACE) by 20% versus placebo in patients with atherosclerotic cardiovascular disease and obesity but without diabetes. - The SELECT trial included patients aged 45 years or older with a body mass index (BMI) ≥ 27.0 kg m−2 and established ASCVD but without diabetes. - ClinicalTrials.gov registration no. for the SELECT trial is NCT03574597.",supports,1.0,"The passage reports that the SELECT trial showed semaglutide reduced major adverse cardiovascular events by 20%, which supports the claim that it prevents heart attacks.",Y,,error,,,,
t02_select/c1/e1/ev-9243bcaa1734,t02_select,The SELECT trial establishes that semaglutide prevents heart attacks.,supported,supports,Documents a 20% reduction in major adverse cardiovascular events with semaglutide in the SELECT trial.,nature.com,https://www.nature.com/articles/s41591-024-02996-7,primary,"- In the SELECT cardiovascular outcomes trial, semaglutide showed a 20% reduction in major adverse cardiovascular events in 17,604 adults with preexisting cardiovascular disease, overweight or obesity, without diabetes. - At 208 weeks, semaglutide was associated with mean reductions in weight (-10.2%), waist circumference (-7.7 cm) and waist-to-height ratio (-6.9%) versus placebo (-1.5%, -1.3 cm and -1.0%, respectively; P < 0.0001 for all comparisons versus placebo). - At week 208, mean weight loss in the semaglutide group analyzed as first on-treatment was -11.7% compared with -1.5% for the placebo group (treatment difference -10.2%; 95% CI -11.0 to -9.42; P < 0.0001). - Among in-trial patients at week 104, weight loss of ≥5%, ≥10%, ≥15%, ≥20% and ≥25% was achieved by 67.8%, 44.2%, 22.9%, 11.0% and 4.9%, respectively, of those treated with semaglutide compared with 21.3%, 6.9%, 1.7%, 0.6% and 0.1% of those receiving placebo. - The SELECT study enrolled 17,604 patients (72.3% male) from 41 countries between October 2018 and March 2021, with a mean age of 61.6 years and BMI of 33.3 kg m−2. - ClinicalTrials.gov identifier for the SELECT trial is NCT03574597.",supports,0.9,"The passage states that the SELECT trial showed a 20% reduction in major adverse cardiovascular events, which supports the claim that semaglutide prevents heart attacks.",Y,,error,,no response,,
t02_select/c1/e1/ev-fac2f89ba745,t02_select,The SELECT trial establishes that semaglutide prevents heart attacks.,supported,supports,Confirms the SELECT trial demonstrated weekly semaglutide significantly reduced MACE risk.,link.springer.com,https://link.springer.com/article/10.1186/s40842-026-00299-z,primary,- The SELECT trial demonstrated that weekly subcutaneous semaglutide 2.4 mg significantly reduced the risk of major adverse cardiovascular events (MACE) even in individuals without diabetes but with established cardiovascular disease and overweight or obesity.,supports,1.0,"The passage reports that the SELECT trial demonstrated a significant reduction in major adverse cardiovascular events, which encompasses heart attacks, thus supporting the claim.",Y,,error,,no response,,
t02_select/c1/e1/ev-dd1846f319fd,t02_select,The SELECT trial establishes that semaglutide prevents heart attacks.,supported,supports,"This primary analysis of the SELECT trial indicates that semaglutide reduced rates of cardiovascular death, supporting the claim that it prevents heart attacks.",jamanetwork.com,https://jamanetwork.com/journals/jamacardiology/fullarticle/2843245,primary,"Importance The primary analysis of the SELECT randomized clinical trial suggests that semaglutide reduced the rates of cardiovascular (CV) death, ...",supports,0.9,"The passage reports that the SELECT trial suggests semaglutide reduced cardiovascular death rates, which supports the claim that the trial establishes its preventative cardiovascular benefits.",Y,,neither,0.85,The passage cuts off after mentioning cardiovascular death and does not explicitly state that semaglutide prevents heart attacks.,N,neither
t02_select/c1/e1/ev-de415d199077,t02_select,The SELECT trial establishes that semaglutide prevents heart attacks.,supported,supports,The mention of randomized trials showing reductions in major adverse cardiovascular events in the SELECT trial supports the preventive effect asserted.,nature.com,https://www.nature.com/articles/s44325-026-00146-1,primary,- The text mentions randomized trials showing reductions in major adverse cardiovascular events in the SELECT trial.,supports,1.0,"The passage reports that the SELECT trial showed reductions in major adverse cardiovascular events, which makes it more likely true that it prevents heart attacks.",Y,,error,,no response,,
t02_select/c1/e2/ev-b9975554d66e,t02_select,This preventive effect applies to everyone who is overweight.,disputed,challenges,"Shows the trial cohort was restricted to individuals aged 45+ with prior cardiovascular disease (MI, stroke, or PAD), not everyone who is overweight.",pmc.ncbi.nlm.nih.gov,https://pmc.ncbi.nlm.nih.gov/articles/PMC10107832/,primary,"- The SELECT study enrolled 17,605 participants (72.5% male) with an average age of 61.6 years and BMI of 33.34 kg/m2. - The most common prior CV event in SELECT was myocardial infarction (76.3% of participants), followed by stroke (23.3%) and peripheral artery disease (8.6%). - SELECT enrolled individuals with overweight or obesity without diabetes, with prior myocardial infarction, stroke, and/or peripheral artery disease. - The SELECT trial was designed to evaluate the effect of a once-weekly subcutaneously administered dose of 2.4 mg semaglutide on CV outcomes compared with placebo in people without diabetes but who were living with overweight or obesity and who suffered from a prior stroke and/or myocardial infarction and/or peripheral artery disease.",challenges,0.9,"The passage specifies that participants also had to have prior myocardial infarction, stroke, and/or peripheral artery disease, which means the preventive effect was studied in a specific subset rather than everyone who is overweight.",Y,,neither,0.9,,N,neither
t02_select/c1/e2/ev-e034ece5a149,t02_select,This preventive effect applies to everyone who is overweight.,disputed,challenges,"Specifies that SELECT enrolled patients aged 45 or older with established cardiovascular disease, contradicting universal application to all overweight individuals.",news-medical.net,https://www.news-medical.net/news/20251026/Semaglutide-protects-the-heart-beyond-weight-loss-SELECT-trial-shows.aspx,reporting,"- SELECT was a randomized, placebo-controlled, phase 3 trial evaluating whether semaglutide as an adjunct to standard of care was superior to placebo in decreasing MACE risk in 17,604 non-diabetic patients with obesity or overweight and cardiovascular disease. - Eligible patients in the SELECT trial were aged ≥ 45 years, with a body mass index (BMI) ≥ 27 kg/m² and established cardiovascular disease. - In the SELECT trial, the primary outcome was MACE, defined as a composite of non-fatal myocardial infarction, non-fatal stroke, or cardiovascular death. - At week 20, the mean changes in body weight and waist circumference were −6.4% and −5.0 cm for the semaglutide group, and −0.8% and −1.1 cm for the placebo group, respectively. - Early waist circumference reduction accounted for an estimated 33% of the effect of semaglutide on MACE reduction. - ClinicalTrials.gov identifier for the SELECT trial is NCT03574597.",neither,1.0,"The passage discusses a specific trial involving patients with overweight or obesity and cardiovascular disease, but does not provide evidence about whether the preventive effect applies to *everyone* who is overweight.",N,neither,error,,no response,,
t02_select/c1/e3/ev-8448f5a1b7f0,t02_select,The treatment reduces absolute risk by 20%.,disputed,challenges,"Demonstrates the absolute risk reduction was 1.5 percentage points (6.5% vs 8.0%), while 20% represented the relative risk reduction.",news-medical.net,https://www.news-medical.net/news/20260402/Wegovyc2ae-(semaglutide-injection)-24-mg-recommended-by-NICE-to-reduce-risk-of-major-adverse-cardiovascular-events-including-heart-attacks-and-strokes-in-adults-with-established-cardiovascular-disease-and-overweight-or-obesity.aspx,reporting,"- NICE recommended Wegovy (semaglutide injection) 2.4 mg to reduce the risk of major adverse cardiovascular events in adults with established cardiovascular disease and either obesity or overweight (BMI >= 27 kg/m2). - The SELECT trial demonstrated that semaglutide 2.4 mg on top of standard of care reduced the risk for first occurrence of MACE by 20% compared to placebo (hazard ratio, 0.80; 95% CI, 0.72 to 0.90; p < 0.001) and independent of weight loss. - Over the trial period, MACE occurred in 6.5% of participants receiving semaglutide compared with 8.0% receiving placebo, representing an absolute risk reduction of 1.5 percentage points.",challenges,1.0,"The passage explicitly states that the absolute risk reduction was 1.5 percentage points, which contradicts the claim of a 20% absolute risk reduction (20% refers to the relative risk reduction via hazard ratio).",Y,,challenges,0.95,"The passage states that the absolute risk reduction was 1.5 percentage points, whereas the 20% reduction",Y,
t02_select/c1/e3/ev-03a0602c821f,t02_select,The treatment reduces absolute risk by 20%.,disputed,challenges,Critiques coverage for conflating the 20% relative risk reduction with absolute risk reduction.,bmj.com,https://www.bmj.com/content/384/bmj.q53,primary,"Unfortunately, many news stories focused on the 20% relative risk reduction in the primary composite endpoint rather than the absolute risk ...",challenges,1.0,"The passage explicitly distinguishes between a relative risk reduction of 20% and absolute risk, contradicting the claim that the treatment reduces absolute risk by 20%.",Y,,challenges,0.85,The passage specifies,Y,
t02_select/c1/e3/ev-89c4bc6ba1da,t02_select,The treatment reduces absolute risk by 20%.,disputed,challenges,Clarifies that the 20% figure reflects a relative risk reduction (hazard ratio 0.80) with event rates of 6.5% versus 8.0%.,acc.org,https://www.acc.org/latest-in-cardiology/clinical-trials/2023/11/09/15/04/select,commentary,"- The SELECT trial evaluated patients with overweight or obesity and established cardiovascular disease without diabetes mellitus. - The total number of enrollees in the SELECT trial was 17,604, with 8,803 randomized to subcutaneous semaglutide and 8,801 to placebo. - The primary outcome of major adverse cardiovascular events (MACE) for semaglutide versus placebo was 6.5% vs. 8.0%, representing a hazard ratio of 0.80. - The SELECT trial included specific exclusion criteria such as a history of diabetes mellitus or hemoglobin A1c ≥6.5%. - The trial reported a 20% relative reduction in major adverse cardiac events (indicated by a hazard ratio of 0.80) during the study period. - The primary outcome evaluated MACE as a composite of CV death, nonfatal MI, and nonfatal stroke.",challenges,0.95,"The passage reports a 20% relative reduction, whereas the element claims an absolute risk reduction of 20%.",Y,,error,,no response,,
t03_creatine/c1/e1/ev-85114eadc75a,t03_creatine,The population consists of healthy adults.,supported,supports,Conducts a systematic review of randomized controlled trials specifically evaluating the cognitive effects of creatine in healthy individuals.,pmc.ncbi.nlm.nih.gov,https://pmc.ncbi.nlm.nih.gov/articles/PMC6093191/,primary,"Findings suggest potential benefit for aging and stressed individuals. Since creatine is safe, future studies should include larger sample sizes. It is imperative that creatine should be tested on patients with dementias or cognitive impairment. Keywords: Creatine, Memory, Cognitive function, Healthy individuals 1. Introduction Creatine is a naturally occurring compound that is synthesized from the amino acids arginine, glycine and methionine through a two-step reaction (Andres et al",supports,0.9,"The passage explicitly lists 'Healthy individuals' as a keyword, which aligns with the population consisting of healthy adults.",Y,,neither,0.85,The passage,N,neither
t03_creatine/c1/e1/ev-cb14658a5bf3,t03_creatine,The population consists of healthy adults.,supported,supports,Provides direct evidence of creatine supplementation studied in a healthy adult population.,alzdiscovery.org,https://www.alzdiscovery.org/uploads/cognitive_vitality_media/Creatine_%28supplement%29_.pdf,primary,"Imaging studies typically assess phosphocreatine or total creatine levels. In healthy young adults, supplementation with 20 grams of creatine per day (5 g 4x/day) for four weeks led to an increase of total brain creatine levels by 8. 7% based on magnetic resonance spectroscopy (MRS) imaging when av...",supports,1.0,"The passage explicitly reports on a study involving healthy young adults, which directly supports the element that the population consists of healthy adults.",Y,,supports,0.95,The passage explicitly states that the study was conducted in healthy young adults.,Y,
t03_creatine/c1/e2/ev-34f10204e094,t03_creatine,The intervention consists of taking 5g of creatine daily.,supported,supports,States that recommended scientific dosages for creatine supplementation are standardly 3 to 5 g/day.,pmc.ncbi.nlm.nih.gov,https://pmc.ncbi.nlm.nih.gov/articles/PMC7871530/,primary,- Recommended dosages for creatine supplementation are 3-5 g/day or 0.1 g/kg of body mass/day.,neither,1.0,The passage discusses general recommended dosages for creatine supplementation (3-5 g/day) but does not provide specific evidence that the particular intervention in question actually consists of taking 5g daily.,N,neither,error,,,,
t03_creatine/c1/e2/ev-3a3cfa12d41b,t03_creatine,The intervention consists of taking 5g of creatine daily.,supported,supports,Reports that general clinical guidance recommends taking 3 to 5 grams of creatine per day.,health.harvard.edu,https://www.health.harvard.edu/exercise-and-fitness/what-is-creatine-potential-benefits-and-risks-of-this-popular-supplement,reporting,The general recommendation for people who do take a creatine supplement is 3 to 5 grams per day,supports,1.0,"The passage states that the general recommendation for a creatine supplement is 3 to 5 grams per day, which directly supports the specific claim of taking 5g daily.",Y,,neither,0.85,The passage discusses general intake recommendations (3 to 5 grams per day) rather than describing or confirming a specific intervention.,N,neither
t03_creatine/c1/e2/ev-adef0afca3b1,t03_creatine,The intervention consists of taking 5g of creatine daily.,supported,supports,Confirms that 3 to 5g per day of creatine monohydrate is the standard daily maintenance dose endorsed by sports nutrition authorities.,balancejournal.co,https://balancejournal.co/wellness/how-much-creatine-per-day,commentary,"Creatine non-responders do exist, but they represent a minority. Most people who report no effect are under-dosing, under-consistent, or not yet at the four-week saturation mark. Frequently Asked Questions Is 5g of creatine a day enough. Three to 5g per day of creatine monohydrate is the standard maintenance dose endorsed by the International Society of Sports Nutrition (ISSN). At this intake, muscle creatine stores saturate fully over three to four weeks and remain elevated with consistent daily supplementation",supports,1.0,The passage confirms that 3 to 5g per day of creatine is the standard maintenance dose for supplementation.,Y,,error,,no response,,
t03_creatine/c1/e2/ev-f8c0bdee3be5,t03_creatine,The intervention consists of taking 5g of creatine daily.,supported,supports,Confirms the specific intervention of starting 5g/day creatine supplementation in trials.,nexprotools.com,https://www.nexprotools.com/blog/creatine-monohydrate-clinical-evidence-dosage-safety-guide,commentary,"- Sleep Deprivation Resilience: Research demonstrates that acute creatine supplementation preserves executive functioning, working memory accuracy, and reaction times during acute 24-hour sleep deprivation. - Traumatic Brain Injury (TBI) Protection: Elevating brain phosphocreatine buffers cellular ATP loss and reduces oxidative neuronal damage following concussions. - Vegetarian & Vegan Cognitive Gains: Plant-based diets contain zero dietary creatine; randomized trials show significant improvements in memory and fluid intelligence upon starting 5g/day creatine supplementation. Interactive Supplement Chemical Analyzer Explore exact molecular weights, PubChem structures, and evidence rankings for sports supplements below: Live WHO BMI Matrix 7. Creatine Forms Compared: Monohydrate vs HCL vs Ethyl Ester Marketers frequently promote ""advanced"" designer creatine variants at 3x to 5x the cost of standard monohydrate: |Creatine Formulation |Scientific Efficacy vs Monohydrate |Cost Multiplier |Evidence Verdict |Creatine Monohydrate |Gold Standard (100% Benchmark) |1",supports,1.0,The passage explicitly states that randomized trials show improvements in memory upon starting 5g/day creatine supplementation.,Y,,supports,0.9,The passage explicitly references randomized trials utilizing an intervention of 5g/day creatine supplementation.,Y,
t03_creatine/c1/e3/ev-rec-e3_4_1e34eec0,t03_creatine,Taking 5g of creatine daily directly causes the prevention of dementia.,disputed,challenges,States that current studies do not prove that creatine prevents dementia or long-term cognitive decline.,ubiehealth.com,https://ubiehealth.com/doctors-note/creatine-brain-protection-cognitive-decline-67-faq32e5,commentary,"That's where the interest in creatine for cognitive decline prevention comes in. Several small human studies suggest creatine supplementation may improve certain aspects of cognitive performance, especially: Benefits appear more noticeable in: However, these studies are relatively small and short-term. While encouraging, they do not prove that creatine prevents dementia or long-term cognitive decline. As we age: Creatine may help by: Some early research suggests creatine supplementation may mode",challenges,1.0,The passage explicitly states that current studies do not prove that creatine prevents dementia.,Y,,neither,0.95,"The passage explicitly states that current studies do not prove creatine prevents dementia, indicating that evidence is lacking rather than confirmed or directly challenged.",N,neither
t04_jwst/c1/e1/ev-41ff11e48baa,t04_jwst,The James Webb Space Telescope orbits the Earth every 90 minutes.,disputed,challenges,States that Webb orbits the Sun 1.5 million kilometers from Earth rather than orbiting Earth every 90 minutes.,science.nasa.gov,https://science.nasa.gov/mission/webb/,primary,"- Webb has a 5-layer sunshield that protects the telescope from the infrared radiation of the Sun, Earth, and Moon. - Webb orbits the Sun 1.5 million kilometers from the Earth, according to NASA Science.",challenges,1.0,"The passage states that the telescope orbits the Sun 1.5 million kilometers from the Earth, which contradicts the claim that it orbits the Earth every 90 minutes.",Y,,challenges,0.98,"The passage explicitly states that the telescope orbits the Sun 1.5 million kilometers from Earth, contradicting the claim that it orbits the Earth.",Y,
t04_jwst/c1/e1/ev-c956581d6b59,t04_jwst,The James Webb Space Telescope orbits the Earth every 90 minutes.,disputed,challenges,"Clarifies that it is the Hubble Space Telescope that orbits Earth every 90 minutes, not Webb.",attheu.utah.edu,https://attheu.utah.edu/facultystaff/watch-launch-of-biggest-most-powerful-telescope-ever/,reporting,"- The James Webb Space Telescope's launch date is scheduled for Dec. 25 at 5:20 am Mountain Time from Europe’s Spaceport in Kourou, French Guiana, according to @theU. - The Hubble space telescope orbits the Earth just over 300 miles up, which means the planet sometimes blocks the telescope’s vision as it orbits the earth every 90 minutes, according to @theU.",challenges,1.0,"The passage explicitly attributes the 90-minute orbit to the Hubble Space Telescope, not the James Webb Space Telescope.",Y,,neither,0.98,"The passage states that the Hubble space telescope orbits the Earth every 90 minutes, but only mentions the launch date for the James Webb Space Telescope without describing its orbit.",N,neither
t04_jwst/c1/e1/ev-d0bd1487cd5f,t04_jwst,The James Webb Space Telescope orbits the Earth every 90 minutes.,disputed,challenges,Contrasts Webb's unobstructed orbit with Hubble's 90-minute orbit in and out of Earth's shadow.,reddit.com,https://www.reddit.com/r/jameswebb/comments/rxkach/why_doesnt_the_jwst_stay_in_the_earths_shadow/,commentary,"Unlike Hubble, which goes in and out of Earth shadow every 90 minutes, Webb will have an unimpeded view that will allow science operations 24/7",challenges,1.0,"The passage explicitly states that unlike Hubble, which orbits every 90 minutes, Webb will have a continuous view, implying Webb does not orbit every 90 minutes.",Y,,error,,,,
t04_jwst/c1/e2/ev-be8a234081c1,t04_jwst,The James Webb Space Telescope has a 6.5-metre primary mirror.,supported,supports,NASA Science confirms Webb's primary mirror measures 6.5 meters across.,science.nasa.gov,https://science.nasa.gov/mission/webb/webbs-mirrors/,primary,"- Webb's primary mirror is 6.5 meters (21 feet 4 inches) across, according to NASA Science. - Each of the primary mirror's 18 hexagonal-shaped mirror segments is 1.32 meters (4.3 feet) in diameter, flat to flat. - Each mirror segment has a very thin coating of gold applied that is 1000 Angstroms (100 nanometers) in thickness.",supports,1.0,"The passage explicitly states that Webb's primary mirror is 6.5 meters across, which directly supports the element.",Y,,supports,1.0,The passage directly confirms that Webb's primary mirror measures 6.5 meters across.,Y,
t04_jwst/c1/e2/ev-9c53698d5917,t04_jwst,The James Webb Space Telescope has a 6.5-metre primary mirror.,supported,supports,Verifies that Webb has a 21 foot 4-inch (6.5 meter) primary mirror.,esawebb.org,https://esawebb.org/images/weic2201a/,primary,- These three pictures help visually show how Webb’s iconic 21 foot 4-inch (6.5 meter) primary mirror has been built to fold to a much smaller size for takeoff.,supports,1.0,The passage explicitly states that Webb has a 6.5-meter primary mirror.,Y,,supports,0.98,The passage explicitly states that Webb has a 6.5 meter (21 foot 4-inch) primary mirror.,Y,
t04_jwst/c1/e2/ev-985384df10e7,t04_jwst,The James Webb Space Telescope has a 6.5-metre primary mirror.,supported,supports,Confirms the telescope's primary mirror spans 6.5 metres in total diameter.,esawebb.org,https://esawebb.org/about/general/mirrors/,primary,- The telescope's primary mirror spans 6.5 metres in total diameter. - The primary mirror is made of 18 hexagonal-shaped mirror segments. - Each of the telescope's mirrors is covered in a microscopically thin layer of gold.,supports,1.0,"The passage explicitly states that the telescope's primary mirror spans 6.5 metres in total diameter, which directly supports the element.",Y,,error,,,,
t04_jwst/c1/e2/ev-992db65965fc,t04_jwst,The James Webb Space Telescope has a 6.5-metre primary mirror.,supported,supports,States that JWST's primary mirror spans 6.5 metres in diameter.,orbitalradar.com,https://orbitalradar.com/jwst-tracker,primary,"- The James Webb Space Telescope was launched on 25 December 2021 aboard an Ariane 5 rocket from the Guiana Space Centre in Kourou, French Guiana. - JWST reached its operational position at the Sun–Earth L2 Lagrange point, approximately 1.5 million kilometres from Earth. - JWST's primary mirror spans 6.5 metres in diameter.",supports,1.0,The passage explicitly states that JWST's primary mirror spans 6.5 metres in diameter.,Y,,supports,1.0,The passage explicitly states that the James Webb Space Telescope's primary mirror spans 6.5 metres in diameter.,Y,
t04_jwst/c1/e3/ev-3b1c2ec15952,t04_jwst,The James Webb Space Telescope was launched in December 2021.,supported,supports,"NASA Science timeline confirms Webb launched at 7:20 a.m. EST on December 25, 2021.",science.nasa.gov,https://science.nasa.gov/mission/webb/webb-mission-timeline/,primary,"- At 7:20 a.m. EST (1220 GMT) on December 25, 2021, Webb launched from CSG, according to NASA Science.",supports,1.0,"The passage explicitly states that Webb launched on December 25, 2021, which directly confirms the element.",Y,,supports,0.98,"The passage explicitly states that Webb launched on December 25, 2021, which directly confirms the element.",Y,
t04_jwst/c1/e3/ev-4a795b1ef4d5,t04_jwst,The James Webb Space Telescope was launched in December 2021.,supported,supports,"Confirms Webb was launched on December 25, 2021 on an Ariane 5 rocket from French Guiana.",science.nasa.gov,https://science.nasa.gov/mission/webb/launch/,primary,"- Webb was launched on December 25, 2021 on board an Ariane 5 rocket from Ariane Space Spaceport in French Guiana.",supports,1.0,"The passage explicitly states that Webb was launched on December 25, 2021, which directly confirms the element.",Y,,supports,1.0,"The passage explicitly states that Webb was launched on December 25, 2021, directly confirming the element.",Y,
t05_bankrate_425/c1/e1/ev-4679b0262a85,t05_bankrate_425,The Bank of England's Bank Rate stands at 4.25% as of 7 September 2026.,disputed,challenges,"States the United Kingdom's policy rate was 3.75% as of September 8, 2026, directly contradicting the claimed 4.25% rate.",sofrrate.com,https://www.sofrrate.com/global-rates,primary,"- According to sofrrate.com, the United Kingdom's policy rate was 3.75% as of September 8, 2026.",challenges,1.0,"The passage states that the policy rate was 3.75% on September 8, 2026, which contradicts the element's claim that the rate stands at 4.25% as of 7 September 2026.",Y,,challenges,0.85,"The passage indicates the UK policy rate was 3.75% as of September 8, 2026, directly",Y,
t05_bankrate_425/c1/e1/ev-9db008465a5d,t05_bankrate_425,The Bank of England's Bank Rate stands at 4.25% as of 7 September 2026.,disputed,challenges,Confirms the Bank of England base rate was maintained at 3.75% on 30 July 2026 rather than 4.25%.,mortgageonefinance.co.uk,https://www.mortgageonefinance.co.uk/santander-mortgage-rates,primary,"- According to Mortgage One, the Bank of England base rate was held at 3.75% on 30 July 2026.",challenges,1.0,"The passage states that the base rate was 3.75% on 30 July 2026, which contradicts the claim that it stands at 4.25% as of 7 September 2026.",Y,,error,,no response,,
t06_sweden_focus/c1/e1/ev-aed744939436,t06_sweden_focus,Sweden did not impose a general lockdown in 2020-22.,supported,supports,Confirms Sweden's response during the first eight months did not include a general lockdown.,pmc.ncbi.nlm.nih.gov,https://pmc.ncbi.nlm.nih.gov/articles/PMC7537539/,primary,"- By September 1, 2020, 0.8% of Swedish residents had tested positive for the virus and 0.06% of the population had died. - By September 2020, 84,521 Sweden residents had tested positive for the virus, 2,560 had been admitted to an intensive care unit, and 5,813 had died. - The number of deaths from all causes in Sweden between March 1 and August 25 was 46,746, representing an excess mortality rate of 11% compared with the 2015–2019 average death rate of 41,934. - Sweden's response during the first eight months did not include a general lockdown. - In Sweden, kindergartens and schools for children up to 16 stayed open, but closed for older children for three months.",supports,1.0,The passage explicitly states that Sweden's response during the first eight months did not include a general lockdown.,Y,,supports,0.9,"The passage explicitly states that Sweden's response during the first eight months did not include a general lockdown, directly supporting the element.",Y,
t06_sweden_focus/c1/e1/ev-c34671aaaa72,t06_sweden_focus,Sweden did not impose a general lockdown in 2020-22.,supported,supports,"States that Sweden refused lockdowns, school closures, and mask mandates during the pandemic.",cato.org,https://www.cato.org/policy-analysis/sweden-during-pandemic,commentary,"During the COVID-19 pandemic, Sweden stood out from other countries, stubbornly refusing lockdowns, school closures, and mask mandates.",supports,1.0,"The passage confirms that Sweden refused lockdowns during the pandemic, which directly aligns with the claim that it did not impose a general lockdown.",Y,,supports,0.95,The passage explicitly states that Sweden refused lockdowns during the COVID-19 pandemic.,Y,
t06_sweden_focus/c1/e1/ev-63ce0c32ca89,t06_sweden_focus,Sweden did not impose a general lockdown in 2020-22.,supported,supports,Reports that Sweden remained open early in the COVID-19 pandemic while other countries locked down.,preventionweb.net,https://www.preventionweb.net/news/did-swedens-controversial-covid-strategy-pay-many-ways-it-did-it-let-elderly-down,reporting,"As much of the world shut down early in the COVID pandemic, Sweden remained open. The country's approach was controversial, ...",supports,0.9,"The passage states that Sweden remained open while much of the world shut down, which supports the claim that Sweden did not impose a general lockdown.",Y,,supports,0.9,"The passage states that Sweden remained open while much of the world shut down early in the COVID pandemic, supporting the claim that it did not impose a general lockdown.",Y,
t06_sweden_focus/c1/e1/ev-0ef47dcd1457,t06_sweden_focus,Sweden did not impose a general lockdown in 2020-22.,supported,supports,Confirms Sweden never enacted a lockdown with severe movement restrictions or stay-at-home orders.,bbc.com,https://www.bbc.com/future/article/20250304-the-countries-that-never-locked-down-for-covid-19,reporting,"- Sweden, Taiwan, Uruguay, Iceland, and a few others never enacted a lockdown involving severe restrictions on the movement of people such as legally binding stay-at-home orders. - According to a study published in May 2024 comparing excess deaths in Sweden, Norway, Denmark, and Finland, there was a noticeable spike in excess deaths in Sweden during the initial waves in the spring and winter of 2020. - According to the May 2024 study, while excess mortality fell in Norway, Finland, and Denmark in 2020, it rose compared to Sweden in 2021 and 2022. - According to Ingeborg Forthun, the four Nordic countries had a comparable number of excess deaths when accounting for differences in population sizes.",supports,1.0,The passage explicitly states that Sweden never enacted a lockdown involving severe restrictions such as legally binding stay-at-home orders.,Y,,error,,no response,,
t06_sweden_focus/c1/e2/ev-842a98804320,t06_sweden_focus,Sweden's absence of a general lockdown was the primary driver of its mortality outcome.,disputed,challenges,"Finds that up to 4,411 deaths could have been avoided in 2020 had Sweden implemented a mandatory lockdown, directly contradicting the claim that avoiding lockdowns improved mortality.",nature.com,https://www.nature.com/articles/s41598-023-45934-2,primary,"- Sweden decided not to implement a mandatory lockdown and instead allowed people free choice on whether or not to follow government recommendations to limit contact. - Up to about 4,411 of the 46,554 deaths registered in Sweden between the end of February 2020 and the end of September 2020 could have been avoided had Sweden implemented a mandatory lockdown, according to model estimates. - Compared to the average number of deaths in the previous 5 years, 7,144 more Swedes died in the year 2020.",supports,0.9,"The passage provides model estimates showing that thousands of deaths could have been avoided had Sweden implemented a mandatory lockdown, which supports the claim that the absence of a lockdown was a primary driver of its mortality outcom…",N,direction,error,,no response,,
t06_sweden_focus/c1/e2/ev-fea24a23eca4,t06_sweden_focus,Sweden's absence of a general lockdown was the primary driver of its mortality outcome.,disputed,challenges,Reports an analysis concluding Sweden's decision not to lock down produced more deaths and higher healthcare demand than seen in countries with early stringent interventions.,news.virginia.edu,https://news.virginia.edu/content/lack-covid-19-lockdown-increased-deaths-sweden-analysis-concludes,reporting,"- According to an analysis, Sweden’s decision not to lock down during COVID-19 produced more deaths and greater health care demand than seen in countries with earlier, more stringent interventions. - According to the analysis, Sweden fared better than would be expected from its public health mandates alone, roughly similar to France, Italy, and Spain. - As of May 15, Sweden's per capita death rate was 35 per 100,000, while Denmark's death rate was 9.3 per 100,000, Finland's was 5.2, and Norway's was 4.7.",supports,0.9,"The passage reports that Sweden's decision not to lock down produced more deaths and health care demand, indicating that the absence of a lockdown was the primary driver of its mortality outcome.",N,direction,error,,no response,,
t06_sweden_focus/c1/e2/ev-1da8058b1688,t06_sweden_focus,Sweden's absence of a general lockdown was the primary driver of its mortality outcome.,disputed,challenges,"Reports that Sweden's per capita death rate of 35 per 100,000 as of May 15 was significantly higher than Nordic neighbors that implemented lockdowns.",uvahealth.com,https://www.uvahealth.com/news/covid-19-deaths-in-sweden,reporting,"- Sweden’s per capita death rate was 35 per 100,000 as of May 15. - As of May 15, Denmark's death rate was 9.3 per 100,000, Finland's was 5.2, and Norway's was 4.7. - The United States had 24 COVID-19 deaths per 100,000 as of May 15.",neither,1.0,"The passage provides comparative per capita death rates for Sweden and other countries as of May 15, but does not mention lockdowns or whether Sweden's lack of a lockdown was the primary driver of its mortality outcome.",N,neither,neither,0.95,The passage provides per capita death rates for Sweden and other countries but does not mention lockdowns or analyze the primary driver of Sweden's mortality rate.,N,neither
t06_sweden_focus/c1/e2/ev-b4521dec0692,t06_sweden_focus,Sweden's absence of a general lockdown was the primary driver of its mortality outcome.,disputed,challenges,"The commentary argues that Sweden was an outlier in policy but not in mortality, challenging the claim that the lack of lockdown was the primary driver of a uniquely positive outcome.",cato.org,https://www.cato.org/commentary/sweden-avoided-covid-lockdowns-now-reaps-benefits,commentary,"Sweden was an outlier in terms of policy but not in terms of mortality. By June 14, 2023, Sweden had suffered 2,322 Covid-19 deaths per million ...",challenges,0.9,"The passage challenges the element by stating that Sweden was an outlier in policy (absence of lockdown) but not in terms of mortality, implying the lack of a lockdown was not the primary driver of its mortality outcome.",Y,,error,,,,
t06_sweden_focus/c1/e3/ev-271cb07adc3a,t06_sweden_focus,Sweden had lower excess mortality in 2020-22 compared to every other European country.,disputed,challenges,"States Sweden ranked 37th among 42 European countries in excess mortality for 2020-2022, meaning at least five European countries had lower excess mortality.",pmc.ncbi.nlm.nih.gov,https://pmc.ncbi.nlm.nih.gov/articles/PMC10399217/,primary,"- Sweden experienced fewer deaths per population unit during the pandemic (2020–2022) than most high-income countries, according to available data on excess all-cause mortality rates. - In Sweden, the cumulative excess all-cause mortality rate from January 2020 to December 2022 was 158 deaths per 100,000 inhabitants. - Sweden's excess mortality rate ranked 37th among 42 European countries. - Excess mortality in Sweden in 2020 was estimated to be 85 deaths per 100,000 inhabitants. - During the second and third years of the pandemic (2021–2022), Sweden's excess mortality was 69 deaths per 100,000 inhabitants.",challenges,1.0,"The passage explicitly states that Sweden's excess mortality rate ranked 37th among 42 European countries, which contradicts the claim that it was lower than every other European country.",Y,,error,,,,
t06_sweden_focus/c1/e3/ev-e58856a4a31f,t06_sweden_focus,Sweden had lower excess mortality in 2020-22 compared to every other European country.,disputed,supports,Reports Statistics Sweden calculations indicating Sweden's excess mortality was the lowest in the European Union and Nordic countries for 2020-2022 (4.4% vs Norway's 5.0%).,pmc.ncbi.nlm.nih.gov,https://pmc.ncbi.nlm.nih.gov/articles/PMC12048725/,primary,"- Total excess mortality for the years 2020–2022 was 11,897 individuals in Sweden and 6,089 in Norway. - In Sweden, 60% of excess mortality was observed in 2020, 8% in 2021, and 32% in 2022. - In Norway, 0% of excess mortality was observed in 2020, 20% in 2021, and 80% in 2022. - Norway had 5.0% more deaths in 2020–2022 compared with 2017–2019, while Sweden had 4.4% more deaths. - An article published on 4 March 2023 in Svenska Dagbladet stated that Sweden's excess mortality was lowest in the European Union and the Nordic countries for 2020–2022, based on calculations by Statistics Sweden commissioned by the newspaper.",challenges,0.9,"The passage states that Sweden had the lowest excess mortality in the European Union and Nordic countries, which is narrower than 'every other European country' (e.g., Norway had lower absolute excess mortality numbers and is in Europe tho…",N,direction,error,,,,
t06_sweden_focus/c1/e3/ev-c503cefd1697,t06_sweden_focus,Sweden had lower excess mortality in 2020-22 compared to every other European country.,disputed,challenges,"Shows ONS data grouping Denmark, Iceland, Luxembourg, and Norway alongside Sweden as all having among the lowest cumulative excess mortality in Europe.",ons.gov.uk,https://www.ons.gov.uk/peoplepopulationandcommunity/birthsdeathsandmarriages/deaths/articles/comparingdifferentinternationalmeasuresofexcessmortality/2022-12-20,primary,"The five countries with the lowest cumulative excess mortality up to week 26 2022 in the ONS' comparisons of all-cause mortality between European countries and regions release, were amongst the lowest across all measures available; these were Denmark, Iceland, Luxembourg, Norway, and Sweden",challenges,0.9,"The passage lists five countries among the lowest in excess mortality, contradicting the claim that Sweden had lower excess mortality than every other European country.",Y,,error,,no response,,
t06_sweden_focus/c1/e3/ev-db780f394c50,t06_sweden_focus,Sweden had lower excess mortality in 2020-22 compared to every other European country.,disputed,challenges,Concludes that the long-term impact on excess mortality across 2020-2022 was similar across all Nordic countries rather than uniquely lower in Sweden.,link.springer.com,https://link.springer.com/article/10.1186/s13690-025-01531-5,primary,"- According to a study comparing Denmark, Finland, Iceland, Norway, and Sweden, the long-term impact on excess mortality was similar across the Nordic countries. - According to the study covering 1 January 2020 to 30 April 2022, Sweden had more infections, deaths, hospitalizations, and ICU admissions than the other Nordic countries during the first three waves of the pandemic, but Denmark exceeded Sweden in all outcomes during the fourth wave.",challenges,1.0,"The passage states that Sweden had more infections, deaths, hospitalizations, and ICU admissions than other Nordic countries during several waves, which directly contradicts the claim that Sweden had lower excess mortality compared to ever…",Y,,challenges,0.85,The passage states that long-,Y,
t06_sweden_focus/c1/e3/ev-a06ed8146a80,t06_sweden_focus,Sweden had lower excess mortality in 2020-22 compared to every other European country.,disputed,challenges,"The evidence states that Sweden had a higher 2020 excess mortality than seven of the next nine countries, contradicting the claim that Sweden had lower excess mortality than every other European country.",reddit.com,https://www.reddit.com/r/dataisbeautiful/comments/1lcv8hh/oc_excess_mortality_in_europe_during_covid19/,commentary,Sweden has a higher 2020 excess mortality than seven of the next nine countries. rich Sweden already had a head-start compared to poorer areas,challenges,1.0,"The passage states that Sweden had a higher excess mortality than several other countries, which contradicts the claim that it was lower than every other European country.",Y,,error,,no response,,
t07_sqlite_busy/c1/e1/ev-452faa47894f,t07_sqlite_busy,"In SQLite with write-ahead logging enabled, readers do not block writers.",supported,supports,"States that in WAL mode, SQLite guarantees readers do not block writers and writers do not block readers.",berthub.eu,https://berthub.eu/articles/posts/a-brief-post-on-sqlite3-database-locked-despite-timeout/,commentary,"- When running in WAL mode, SQLite promises that readers do not block writers and a writer does not block readers. - SQLite allows starting a transaction with BEGIN without specifying if it is read-only or read-write, determining the type based on the first executed statement. - Using BEGIN IMMEDIATE forces a write transaction from the start. - Attempting to upgrade a read-only transaction to a write transaction while another transaction has made changes can result in an immediate SQLITE_BUSY error that cannot be resolved by increasing the timeout. - SQLite implements the serializable transaction isolation mode.",supports,1.0,"The passage explicitly states that in WAL mode, SQLite promises that readers do not block writers.",Y,,supports,1.0,"The passage explicitly states that when running in WAL (write-ahead logging) mode, SQLite promises that readers do not block writers.",Y,
t07_sqlite_busy/c1/e1/ev-296b8fe725bc,t07_sqlite_busy,"In SQLite with write-ahead logging enabled, readers do not block writers.",supported,supports,"Confirms that WAL mode enables concurrent readers while a writer operates, with readers not blocking the writer.",sqliteforum.com,https://www.sqliteforum.com/p/sqlite-wal-internals-frames-commits,commentary,"- According to sqliteforum.com, WAL mode enables multiple readers to run simultaneously while a single writer operates without blocking readers, and readers do not block the writer. - According to sqliteforum.com, only one writer at a time is allowed in WAL mode.",supports,1.0,The passage explicitly states that readers do not block the writer in SQLite's WAL mode.,Y,,supports,0.98,"The passage explicitly states that in WAL mode, readers do not block the writer.",Y,
t07_sqlite_busy/c1/e1/ev-1338facf43b0,t07_sqlite_busy,"In SQLite with write-ahead logging enabled, readers do not block writers.",supported,supports,Affirms that SQLite's WAL mode allows concurrency where readers do not block writers.,medium.com,https://medium.com/@reliabledataengineering/write-ahead-logs-the-hidden-engine-behind-every-database-youve-ever-used-d4ca8145d318,commentary,SQLite's WAL mode provides more concurrency as readers do not block writers and writers do not block readers. Reading and writing can proceed concurrently.,supports,1.0,"The passage explicitly states that in WAL mode, readers do not block writers, which directly validates the claim.",Y,,supports,1.0,"The passage explicitly states that in SQLite's WAL mode, readers do not block writers.",Y,
t07_sqlite_busy/c1/e1/ev-d999f41574d2,t07_sqlite_busy,"In SQLite with write-ahead logging enabled, readers do not block writers.",supported,supports,Explains that WAL mode enables concurrent readers and writers by directing writes to a separate log file.,aitinkerers.org,https://aitinkerers.org/technologies/sqlite-wal,primary,"- SQLite Write-Ahead Logging (WAL) enables concurrent readers and writers by shifting database updates to a separate log file. - In WAL mode, a writer appends to the log while readers access the original file simultaneously. - WAL requires persistent shared memory, specifically the -shm file, and works best on local filesystems rather than network drives.",supports,1.0,"The passage explicitly states that SQLite Write-Ahead Logging enables concurrent readers and writers by allowing a writer to append to the log while readers access the file simultaneously, which means readers do not block writers.",Y,,error,,no response,,
t07_sqlite_busy/c1/e1/ev-ff66f2f5502e,t07_sqlite_busy,"In SQLite with write-ahead logging enabled, readers do not block writers.",supported,supports,"States that writers in WAL mode only conflict with other writers, meaning readers do not block them.",reddit.com,https://www.reddit.com/r/golang/comments/1exk981/sqlite_database_is_locked_with_wal_mode/,commentary,"In WAL mode , writers only conflict with other writers",supports,1.0,The passage stating that writers only conflict with other writers directly supports the claim that readers do not block writers.,Y,,supports,0.95,"The passage explicitly states that in WAL mode, writers only conflict with other writers, which directly supports that readers do not block writers.",Y,
t07_sqlite_busy/c1/e1/ev-302b4841bc95,t07_sqlite_busy,"In SQLite with write-ahead logging enabled, readers do not block writers.",supported,supports,"Confirms that in WAL mode, readers never block on writers.",shivekkhurana.com,https://shivekkhurana.com/blog/sqlite-in-production/,commentary,"- SQLite is a single-writer, multi-reader database. - Out of the box, SQLite starts failing as soon as write concurrency exceeds one. - Setting PRAGMA busy_timeout instructs the connection to retry for a specified duration before throwing a lock error. - SQLite's Write-Ahead Logging (WAL) mode does not write changes directly to the database file, instead appending modified pages to a .wal file. - In WAL mode, readers never block on writers. - Enabling WAL mode reduces p99 latency by 30-60% for more than 2 concurrent writers.",supports,1.0,"The passage explicitly states that in WAL mode, readers never block on writers, which directly supports the given element.",Y,,error,,no response,,
t07_sqlite_busy/c1/e1/ev-d3eacf450aaa,t07_sqlite_busy,"In SQLite with write-ahead logging enabled, readers do not block writers.",supported,supports,Details that WAL mode allows an unlimited number of readers while a single writer commits transactions.,oldmoe.blog,https://oldmoe.blog/2024/07/08/the-write-stuff-concurrent-write-transactions-in-sqlite/,commentary,"- SQLite, using the Write-Ahead-Log (WAL) journaling mode, supports an unlimited number of readers and a single writer at any given moment. - In DELETE journaling mode, SQLite requires an exclusive lock before committing any write transaction. - In WAL journaling mode, writes go to a separate log file and allow an unlimited number of readers to access the database even while a single writer is committing its transaction. - BEGIN CONCURRENT mode starts a transaction without acquiring a write lock until commit, and fails with a SQLITE_SNAPSHOT error message if there is a page version mismatch.",supports,1.0,The passage explicitly states that WAL journaling mode allows readers to access the database even while a writer is committing its transaction.,Y,,supports,0.95,"The passage explains that in WAL journaling mode, an unlimited number of readers can access the database even while a writer commits its transaction.",Y,
t07_sqlite_busy/c1/e1/ev-33479f2e092d,t07_sqlite_busy,"In SQLite with write-ahead logging enabled, readers do not block writers.",supported,supports,"States that enabling WAL mode allows readers to proceed while a writer is active, matching the assertion that readers do not block writers.",builder.ai2sql.io,https://builder.ai2sql.io/blog/sqlite-error-database-is-locked,commentary,- SQLite allows only one writer at a time. - SQLite 'database is locked' error (SQLITE_BUSY) occurs when one process holds a write lock and another process tries to write or read at the same time. - Enabling WAL mode allows readers to proceed while a writer is active. - Setting a busy timeout makes SQLite wait for the specified time before returning SQLITE_BUSY instead of failing immediately.,supports,1.0,The passage explicitly states that enabling WAL mode allows readers to proceed while a writer is active.,Y,,error,,no response,,
t07_sqlite_busy/c1/e1/ev-35c130f56f3f,t07_sqlite_busy,"In SQLite with write-ahead logging enabled, readers do not block writers.",supported,supports,Confirms that PRAGMA journal_mode=WAL allows concurrent reads during writes.,github.com,https://github.com/cashubtc/nutshell/issues/907,primary,- The default SQLite journal mode (delete) serializes all writes and readers block on writers. - PRAGMA journal_mode=WAL allows concurrent reads during writes. - PRAGMA busy_timeout=5000 waits for locks at the driver level instead of failing immediately. - Lock failures on the production mint dropped from thousands per hour to zero after applying WAL mode and busy timeout settings.,supports,1.0,"The passage explicitly states that PRAGMA journal_mode=WAL allows concurrent reads during writes, which directly supports the claim that readers do not block writers.",Y,,supports,0.9,The passage states that WAL mode in,Y,
t07_sqlite_busy/c1/e2/ev-d545fde7c51e,t07_sqlite_busy,The absence of readers blocking writers directly prevents SQLITE_BUSY errors from occurring.,disputed,challenges,Demonstrates that SQLITE_BUSY still occurs in WAL mode whenever two connections attempt to write simultaneously.,coddy.tech,https://coddy.tech/docs/sqlite/wal-mode-and-concurrency,primary,"- According to Coddy, WAL mode allows a writer and any number of readers to be active at the same moment. - According to Coddy, SQLite still serializes writes in WAL mode, meaning at any moment exactly one transaction holds the write lock. - According to Coddy, if two connections both try to write at the same time in WAL mode, the second one gets SQLITE_BUSY.",neither,1.0,"The passage discusses how WAL mode allows concurrent readers and writers but serializes writes and causes SQLITE_BUSY when two writers attempt to write simultaneously, which does not address the effect of the absence of readers blocking wr…",N,neither,error,,,,
t07_sqlite_busy/c1/e2/ev-4c0379fc2c14,t07_sqlite_busy,The absence of readers blocking writers directly prevents SQLITE_BUSY errors from occurring.,disputed,challenges,Shows that concurrent write transactions still fail with SQLITE_BUSY lock errors because SQLite only allows one writer at a time.,tenthousandmeters.com,https://tenthousandmeters.com/blog/sqlite-concurrent-writes-and-database-is-locked-errors/,commentary,"- According to tenthousandmeters.com, WAL mode supports having readers simultaneously with a writer. - According to tenthousandmeters.com, SQLite handles concurrent writes with a global write lock allowing only one writer at a time. - According to tenthousandmeters.com, if you have many concurrent write transactions in SQLite, some may fail with the ""database is locked"" error.",neither,1.0,"The passage discusses WAL mode and write locks causing 'database is locked' errors under concurrent writes, but it does not mention readers blocking writers or the prevention of SQLITE_BUSY errors through the absence of such blocking.",N,neither,error,,no response,,
t07_sqlite_busy/c1/e2/ev-d8d272177c2b,t07_sqlite_busy,The absence of readers blocking writers directly prevents SQLITE_BUSY errors from occurring.,disputed,challenges,Notes that SQLITE_BUSY errors can still trigger immediately in WAL mode during write and transaction upgrade scenarios.,news.ycombinator.com,https://news.ycombinator.com/item?id=45781519,commentary,"- In WAL mode, writers and readers don’t interfere with each other, allowing pure read queries in parallel. - Only one writer is allowed at a time in SQLite no matter what, so writers queue up and must take the write lock at some point. - According to the source, SQLITE_BUSY errors can fire immediately in read/write/upgrade-read-to-write scenarios.",neither,1.0,"The passage discusses WAL mode, writer concurrency, and SQLITE_BUSY triggers, but does not provide evidence regarding whether the absence of readers blocking writers directly prevents SQLITE_BUSY errors.",N,neither,error,,no response,,
t07_sqlite_busy/c1/e2/ev-360005c6fd2f,t07_sqlite_busy,The absence of readers blocking writers directly prevents SQLITE_BUSY errors from occurring.,disputed,challenges,Highlights that even readers can receive SQLITE_BUSY in WAL mode during exclusive lock windows when opening or closing empty databases.,hynek.me,https://hynek.me/til/sqlite-read-only-wal-locked/,commentary,"- Opening or closing an empty WAL database can briefly require exclusive locks. - A new reader arriving during exclusive lock windows can receive SQLITE_BUSY even when no application data is being written. - Python’s sqlite3 standard library module comes with a default busy timeout of 5 seconds, whereas the SQLite C library has a default connection timeout of 0.",challenges,0.9,"The passage states that a new reader arriving during exclusive lock windows can receive SQLITE_BUSY, which contradicts the claim that the absence of readers prevents these errors.",Y,,error,,no response,,
t08_ev/c1/e1/ev-0205b0fdd8ff,t08_ev,How do the lifecycle greenhouse gas emissions of electric cars compare with those of petrol cars?,supported,supports,Confirms that electric vehicles release fewer lifecycle greenhouse gas emissions than internal combustion engine vehicles even after accounting for battery production energy.,factcheck.org,https://www.factcheck.org/2024/02/electric-vehicles-contribute-fewer-emissions-than-gasoline-powered-cars-over-their-lifetimes/,reporting,"Q: Are electric cars really better for the environment than gasoline-powered cars over their lifetimes? A: Yes. Electric vehicles typically release fewer greenhouse gas emissions than internal combustion engine vehicles during their life cycles, even after accounting for the increased energy required to make their batteries. And their carbon footprints are expected to get smaller in the near future. FULL QUESTION Hi. I have been sent this facebook post regarding Electric car battery information which does not seem factual to me but I would like to know for sure. FULL ANSWER After seeing various versions of a viral post on social media that plays up the environmental costs of electric vehicles, readers have been asking us if EVs are really better for the environment than conventional gasoline-powered cars. The post, which includes false and misleading claims, shares a photo of a Tesla car battery and is accompanied by a long caption highlighting the minerals and energy needed to manufacture the battery — ultimately claiming that EVs take a full seven years to begin lowering carbon emissions compared with a conventional car. The production and use of all kinds of vehicles and fuels have environmental costs. Large amounts of raw minerals and other materials have to be extracted, manufactured and transported globally to make automobile bodies, engines, batteries and other components. Then the vehicles need to run — either on fuels such as gasoline or diesel, which also need to be extracted, refined, produced and distributed, or on electricity, which is generated from fossil fuels, nuclear power or renewables. And when vehicles no longer work, materials need to be recycled or disposed of. At each of these stages, vehicles are responsible for producing heat-trapping gases, known as greenhouse gases, that contribute to climate change. The total emissions across a vehicle’s lifetime are called life cycle or cradle-to-grave emissions. The transportation sector had the",supports,1.0,The passage explicitly answers the question by stating that electric vehicles typically release fewer greenhouse gas emissions than internal combustion engine vehicles during their life cycles.,Y,,supports,0.95,The passage directly answers the comparison by stating that electric vehicles typically release fewer greenhouse gas emissions over their life cycles than internal combustion engine vehicles.,Y,
t08_ev/c1/e1/ev-0db660146e1f,t08_ev,How do the lifecycle greenhouse gas emissions of electric cars compare with those of petrol cars?,supported,supports,Reports that electric vehicles generate lower lifetime carbon emissions than gasoline-powered cars despite manufacturing emissions.,usatoday.com,https://www.usatoday.com/story/news/factcheck/2022/06/09/fact-check-electric-vehicles-emit-less-carbon-over-life-than-gas-cars/9900644002/,reporting,"Fact check: Lifetime carbon emissions lower for electric vehicles than gas-powered cars The claim: Volvo data says it takes a decade for electric vehicles to become 'carbon neutral' The automaker Volvo has committed to selling 100% electric cars by 2030 to slash carbon emissions, the company announced in March 2021. However, a meme circulating on social media claims that the CO2 emissions from electric vehicle manufacturing significantly limits the benefits of the technology for emissions reductions. ""But then Volvo comes out with data ... that electric cars take a decade to become carbon neutral from there (sic) production pollution,"" reads the May 16 Facebook meme. The meme garnered nearly 500 interactions in two days. But the claim is misleading. Electric cars don't become ""carbon neutral,"" since they emit carbon during manufacturing and use – if charged from a grid powered by fossil fuels. ""Carbon neutral"" refers to entities that absorb or otherwise offset their emissions, which isn't the case here. However, after a certain amount of miles powered by a lower-carbon fuel, EVs ""break even"" with traditional vehicles in terms of carbon emissions. After that time, they produce much less carbon, which results in lower emissions over their lifetime. The amount of time required for an EV to break even depends on the vehicle model, driving habits and the energy mix used to charge the EV. USA TODAY reached out to the Facebook user who shared the post for comment.",supports,1.0,The passage explicitly states that lifetime carbon emissions are lower for electric vehicles than for gas-powered cars.,Y,,supports,0.95,The passage directly,Y,
t08_ev/c1/e1/ev-c93986faf405,t08_ev,How do the lifecycle greenhouse gas emissions of electric cars compare with those of petrol cars?,supported,supports,Cites T&E findings showing electric cars in Europe emit on average over 3 times less CO2 than petrol equivalents across various energy mix scenarios.,transportenvironment.org,https://www.transportenvironment.org/articles/how-clean-are-electric-cars,commentary,"- According to T&E, electric cars in Europe emit, on average, more than 3 times less CO2 than equivalent petrol cars. - According to T&E, in the worst case scenario, an electric car with a battery produced in China and driven in Poland still emits 37% less CO2 than petrol. - According to T&E, in the best case scenario, an electric car with a battery produced in Sweden and driven in Sweden can emit 83% less than petrol.",supports,1.0,The passage provides specific lifecycle greenhouse gas emission comparisons showing that electric cars emit significantly less CO2 than petrol cars.,Y,,supports,0.95,The passage directly provides data comparing the lifecycle CO2 emissions of electric cars to petrol cars across various scenarios.,Y,
t08_ev/c1/e1/ev-ffd9c7e8bd93,t08_ev,How do the lifecycle greenhouse gas emissions of electric cars compare with those of petrol cars?,supported,supports,"Shows European electric cars emit more than 3 times less CO2 on average than petrol cars, ranging from 37% to 83% reductions depending on the grid.",transportenvironment.org,https://www.transportenvironment.org/topics/cars/are-electric-cars-cleaner,commentary,"- According to T&E, electric cars in Europe emit, on average, more than 3 times less CO2 than equivalent petrol cars. - According to T&E, in the best case scenario, an electric car with a battery produced in Sweden and driven in Sweden can emit 83% less than an equivalent petrol car. - According to T&E, in the worst case scenario, an electric car with a battery produced in China and driven in Poland still emits 37% less CO2 than petrol.",supports,1.0,"The passage provides specific comparisons regarding lifecycle greenhouse gas emissions between electric cars and petrol cars, showing that electric cars emit less CO2 on average and in various scenarios.",Y,,supports,0.95,The passage provides specific comparison data,Y,
t08_ev/c1/e1/ev-edf2c81bddbf,t08_ev,How do the lifecycle greenhouse gas emissions of electric cars compare with those of petrol cars?,supported,supports,"States US EPA findings that electric vehicles have smaller lifecycle carbon footprints than average gasoline vehicles, accounting for both manufacturing and charging.",epa.gov,https://www.epa.gov/greenvehicles/electric-vehicle-myths,primary,"- According to the US EPA, electric vehicles typically have a smaller carbon footprint than gasoline cars, even when accounting for the electricity used for charging. - According to the US EPA, electric vehicles have no tailpipe emissions. - According to the US EPA, electric vehicles use approximately 87%–91% of the energy from the battery and regenerative braking to propel the vehicle, whereas gasoline vehicles only convert about 16–25% of the energy from gasoline into movement. - According to the US EPA, the greenhouse gas emissions associated with an electric vehicle over its lifetime are typically lower than those from an average gasoline-powered vehicle, even when accounting for manufacturing.",supports,1.0,"The passage explicitly states that greenhouse gas emissions of electric vehicles over their lifetime are typically lower than those of average gasoline-powered vehicles, directly answering the comparison requested in the element.",Y,,error,,no response,,
t08_ev/c1/e1/ev-1fdbafd4debe,t08_ev,How do the lifecycle greenhouse gas emissions of electric cars compare with those of petrol cars?,supported,supports,Reports PLOS Climate research showing EVs reduce cumulative CO2 emissions compared to internal combustion vehicles after two years of operation.,eurekalert.org,https://www.eurekalert.org/news-releases/1102315,reporting,"- According to a study published in PLOS Climate, after two years of use, lithium-ion battery electric vehicles result in a reduction in cumulative carbon dioxide emissions compared to fossil-based internal combustion engine vehicles. - According to the study, during the first two years of operation, electric vehicles produce 30% higher CO2 emissions than gasoline vehicles when all lifecycle factors are considered. - According to the study, after the second year of on-road use, electric vehicles begin reducing cumulative emissions compared to gasoline alternatives. - According to the study, internal combustion vehicles lead to about 2-3 times more damage than EVs when considering both climate and air quality.",supports,1.0,The passage provides specific findings from a study comparing the lifecycle greenhouse gas emissions of electric vehicles and petrol cars.,Y,,error,,,,
t08_ev/c1/e1/ev-2c86c0df9d6f,t08_ev,How do the lifecycle greenhouse gas emissions of electric cars compare with those of petrol cars?,supported,supports,Cites ICCT data estimating EU battery electric vehicle lifecycle emissions are 73% lower (63 g CO2e/km vs 235 g CO2e/km) than gasoline vehicles.,theicct.org,https://theicct.org/publication/electric-cars-life-cycle-analysis-emissions-europe-jul25/,primary,"- According to the ICCT, the life-cycle emissions of battery electric vehicles in the European Union are estimated to be 73% lower than those of gasoline internal combustion vehicles. - According to the ICCT, BEVs operating on the projected 2025–2044 average EU electricity mix had estimated life-cycle GHG emissions of 63 g CO2e/km, compared to 235 g CO2e/km for gasoline ICEVs. - According to the ICCT, although BEVs were estimated to have about 40% higher production emissions than ICEVs due to the battery, these additional emissions are more than offset after about 17,000 km of use in the first one or two years. - According to the ICCT, when using only renewable electricity, BEVs were estimated to produce life-cycle emissions of 52 g CO2e/km, which is 78% lower than gasoline ICEVs.",supports,1.0,"The passage provides specific lifecycle greenhouse gas emission comparisons between electric and gasoline cars, stating that BEV emissions are estimated to be 73% lower in the EU.",Y,,supports,0.95,"The passage directly compares the lifecycle greenhouse gas emissions of battery electric vehicles to gasoline vehicles, stating that BEVs have",Y,
t08_ev/c1/e1/ev-4105c7a2eaa9,t08_ev,How do the lifecycle greenhouse gas emissions of electric cars compare with those of petrol cars?,supported,supports,"Reports ICCT analysis showing battery electric vehicles produce 73% lower lifecycle greenhouse gas emissions than petrol equivalents, offsetting extra production emissions within 20,000–30,000 miles.",electriccarscheme.com,https://www.electriccarscheme.com/blog/are-electric-cars-really-better-for-the-environment,commentary,"- According to ICCT research cited by The Electric Car Scheme, battery electric cars produce 73% less life-cycle greenhouse gas emissions compared with petrol and diesel counterparts. - An electric car driven in the UK saves around 1–2 tonnes of CO₂ per year on average, with 1.5 tonnes being a widely cited midpoint. - Manufacturing an electric car produces 11-14 tonnes of CO₂ compared to 7-10 tonnes for a petrol car. - Most studies place the break-even point for an EV becoming cleaner than a petrol car at 20,000–30,000 miles. - Modern recycling processes can recover up to 95% of battery materials.",supports,1.0,The passage provides specific data showing that battery electric cars produce 73% fewer life-cycle greenhouse gas emissions compared to petrol and diesel cars.,Y,,supports,0.95,The passage directly compares the life-,Y,
t08_ev/c1/e1/ev-9fb0d5e4da44,t08_ev,How do the lifecycle greenhouse gas emissions of electric cars compare with those of petrol cars?,supported,supports,Confirms electric cars more than compensate for their carbon-intensive battery manufacturing through operational efficiency over time.,climate.mit.edu,https://climate.mit.edu/ask-mit/are-electric-vehicles-definitely-better-climate-gas-powered-cars,commentary,"Yes: although electric cars' batteries make them more carbon-intensive to manufacture than gas cars, they more than make up for it by driving ...",supports,1.0,The passage provides comparative information regarding the lifecycle greenhouse gas emissions of electric cars versus gas cars.,Y,,supports,0.9,The passage directly compares the lifecycle emissions of electric cars,Y,
t08_ev/c1/e1/ev-32f28d2313da,t08_ev,How do the lifecycle greenhouse gas emissions of electric cars compare with those of petrol cars?,supported,supports,Reports research concluding combined CO2 emissions of electric vehicles are 27% to 52% lower than traditional gasoline vehicles.,illuminem.com,https://illuminem.com/illuminemvoices/which-is-more-harmful-an-electric-car-or-a-gasoline-car,commentary,The researchers concluded that the combined CO2 emissions of electric cars are 52–27% lower than those of traditional vehicles.,supports,1.0,"The passage provides specific data showing that the CO2 emissions of electric cars are lower than those of traditional vehicles, directly answering how their lifecycle emissions compare.",Y,,supports,,,Y,
t08_ev/c1/e1/ev-e24a83e26981,t08_ev,How do the lifecycle greenhouse gas emissions of electric cars compare with those of petrol cars?,supported,supports,"Finds that over a 12-year lifespan, EVs emit 30% less carbon than conventional cars in the UK and up to 70% less in France and Sweden.",goodenergy.co.uk,https://www.goodenergy.co.uk/blog/why-are-evs-better-for-the-environment-than-petrol-and-diesel-cars/,commentary,"- Based on 2024 research, petrol and diesel-powered passenger cars are responsible for around 90 million tonnes of carbon emissions each year. - Transport is responsible for roughly 28% of the UK’s total emissions. - According to research by Carbon Brief, a new Nissan Leaf will pay back the carbon emitted during manufacturing after less than two years of driving. - Over an average 12-year lifetime, an EV will emit 30% less carbon than a conventional car based on an average annual driving distance of around 7,800km in the UK. - In France and Sweden, EVs emit 70% less carbon over their lifetime than a conventional car. - Most EV batteries will keep at least 70% of their capacity even after 200,000km.",supports,1.0,"The passage provides specific lifecycle greenhouse gas comparison data, stating that electric vehicles emit 30% to 70% less carbon over their lifetime compared to conventional cars.",Y,,supports,0.95,The passage provides specific lifecycle emission,Y,
t08_ev/c1/e1/ev-84684a758bac,t08_ev,How do the lifecycle greenhouse gas emissions of electric cars compare with those of petrol cars?,supported,supports,Cites European Energy Agency findings that lifecycle carbon emissions of EVs are approximately 17% to 30% lower than petrol vehicles.,myenergi.com,https://www.myenergi.com/ie/guides/are-electric-cars-better-than-petrol/,commentary,"- Just one electric car can prevent around 1.5 million grams of CO2 from entering our air every year, according to cited studies. - Research by the European Energy Agency found that the lifecycle carbon emissions of an EV are approximately 17% to 30% lower than those of petrol vehicles.",supports,1.0,"The passage explicitly provides data comparing the lifecycle carbon emissions of electric vehicles to petrol vehicles, answering the specific question.",Y,,supports,0.95,The passage directly answers the question by stating that research,Y,
t08_ev/c1/e1/ev-20b9fa3c2122,t08_ev,How do the lifecycle greenhouse gas emissions of electric cars compare with those of petrol cars?,supported,supports,"Reports Transportation Energy Institute findings that a battery electric vehicle generates nearly 41% fewer tons of lifetime carbon emissions than an ICE vehicle over 200,000 miles.",transportationenergy.org,https://www.transportationenergy.org/resources/the-commute/life-cycle-carbon-emissions-of-electric-and-combus,commentary,"- According to the Transportation Energy Institute report, under generic conditions, a BEV delivers nearly 41% fewer tons of carbon over its lifetime than a comparable ICEV. - A typical HEV delivers nearly 29% fewer tons of carbon over its lifetime than a comparable ICEV, according to the Transportation Energy Institute report. - Because the BEV emits zero carbon when in operation, all of its carbon emissions occur before vehicle operation. - Over a 200,000-mile lifetime, the combustion cycle adds 48 tons of greenhouse gas emissions and increases the ICEV total emissions to a level that is 41% higher than the BEV. - The HEV’s operations increase its greenhouse gas emissions by 18 tons and result in a total footprint that is 21% higher than the BEV, yet 29% lower than the ICEV.",supports,1.0,The passage provides specific data comparing the lifecycle greenhouse gas emissions of electric vehicles (BEVs) to petrol cars (ICEVs).,Y,,supports,0.95,The passage directly provides lifecycle greenhouse gas emission comparisons,Y,
t08_ev/c1/e1/ev-04852242fa6a,t08_ev,How do the lifecycle greenhouse gas emissions of electric cars compare with those of petrol cars?,supported,supports,Cites Union of Concerned Scientists research finding battery electric cars generate half the lifecycle emissions of comparable gasoline cars across the US.,ucs.org,https://www.ucs.org/resources/cleaner-cars-cradle-grave,primary,"- Driving the average EV is responsible for fewer global warming emissions than the average new gasoline car everywhere in the US. - The Union of Concerned Scientists found that battery electric cars generate half the emissions of the average comparable gasoline car, even when pollution from battery manufacturing is accounted for. - Manufacturing a mid-sized EV with an 84-mile range results in about 15 percent more emissions than manufacturing an equivalent gasoline vehicle. - For larger, longer-range EVs that travel more than 250 miles per charge, the manufacturing emissions can be as much as 68 percent higher. - Battery electric cars make up for their higher manufacturing emissions within eighteen months of driving—shorter range models can offset the extra emissions within 6 months—and continue to outperform gasoline cars until the end of their lives. - By the end of their lives, gas-powered cars spew out almost twice as much global warming pollution than the equivalent electric car.",supports,1.0,"The passage provides comparative data on lifecycle greenhouse gas emissions, showing that electric cars generate fewer emissions overall than petrol cars despite higher manufacturing emissions.",Y,,supports,0.95,"The passage provides detailed comparative evidence showing that battery electric cars generate fewer lifecycle greenhouse gas emissions than gasoline cars, despite higher manufacturing",Y,
t08_ev/c1/e1/ev-25c3f1d7fc46,t08_ev,How do the lifecycle greenhouse gas emissions of electric cars compare with those of petrol cars?,supported,supports,"This fact-check report directly refutes the notion that electric vehicles pollute more than gas cars, supporting the claim that EVs have lower overall emissions.",factcheck.afp.com,https://factcheck.afp.com/doc.afp.com.34MD8RU,reporting,Fact-check rating: False,neither,1.0,The passage only provides a fact-check rating without mentioning any information about the lifecycle greenhouse gas emissions of electric cars versus petrol cars.,N,neither,neither,1.0,The passage provides only a fact-check rating without any information or context regarding the lifecycle greenhouse gas emissions of electric versus petrol cars.,N,neither
t08_ev/c1/e1/ev-279088d3a2d4,t08_ev,How do the lifecycle greenhouse gas emissions of electric cars compare with those of petrol cars?,supported,supports,"The commentary notes that while lithium mining causes pollution, drilling for and burning oil creates more pollution overall, supporting the lifecycle comparison in e1.",reddit.com,https://www.reddit.com/r/explainlikeimfive/comments/1hsh631/eli5_if_lithium_mining_has_significant/,commentary,"Lithium mining creates pollution, but drilling for oil and burning gas every time you go for a drive also creates pollution, and more of it over",supports,0.9,"The passage compares the pollution from electric car batteries (lithium mining) to that of petrol cars (drilling and burning gas), stating that petrol cars create more pollution over time.",Y,,error,,no response,,
t08_ev/c1/e1/ev-d05bdae2f359,t08_ev,How do the lifecycle greenhouse gas emissions of electric cars compare with those of petrol cars?,supported,supports,This analysis states that moving to an electric car significantly reduces carbon footprint and improves the environment compared to petrol or diesel cars.,podenergy.com,https://podenergy.com/guides/how-green-are-evs,commentary,"- By moving from petrol or diesel to an equivalent electric car, drivers can significantly reduce their carbon footprint, combat noise and air pollution, and improve the UK's environment. - Electric cars produce no exhaust gases. - EVs can be powered by renewable energy sources, which makes them even better for the planet than ICE cars which can only run by burning fossil fuels. - Electric car drive trains have significantly fewer moving parts than engines found in petrol or diesel cars, causing them to lose far less energy via heat or friction. - When taking into account everything else, EVs are still ultimately greener than ICE cars.",supports,1.0,The passage explicitly states that switching to an electric car reduces one's carbon footprint and that EVs are ultimately greener than internal combustion engine cars when taking everything into account.,Y,,error,,no response,,
t08_ev/c1/e1/ev-rec-e2_1_6e4ef01c,t08_ev,How do the lifecycle greenhouse gas emissions of electric cars compare with those of petrol cars?,supported,challenges,"States that producing an electric car emits more greenhouse gases than an equivalent ICE car, contradicting the lower lifecycle emissions claim.",carbone4.com,https://carbone4.com/en/analysis-faq-electric-vehicles,commentary,"Producing an electric car emits more greenhouse gases (CO₂e) than an equivalent ICE car (Internal Combustion Engine), mainly due to the manufacturing of ...",neither,0.9,The passage only discusses manufacturing emissions rather than the overall lifecycle greenhouse gas emissions comparing electric and petrol cars.,N,neither,error,,,,
t08_ev/c1/e1/ev-rec-e2_4_cf7d5506,t08_ev,How do the lifecycle greenhouse gas emissions of electric cars compare with those of petrol cars?,supported,supports,"States that over the life of the vehicle, the total emissions of EVs are lower than for similar gasoline cars.",edf.org,https://www.edf.org/have-questions-about-electric-vehicles-our-clean-car-expert-has-answers,commentary,"EVs are also quiet, odorless and fun to drive, with instant torque and intuitive one-pedal driving. There’s a reason that, of American EV drivers surveyed, 92% said their next vehicle would likely be an EV again. Q: Is an EV cleaner than a gasoline-powered vehicle today, even in cases where we’re burning coal for electricity to charge it. A: Yes, by and large, over the life of the vehicle, the total emissions of EVs are lower than for similar cars that run on gasoline — even in places where coal",supports,1.0,"The passage explicitly states that over the life of the vehicle, the total emissions of EVs are lower than for similar gasoline-powered cars.",Y,,error,,no response,,
t08_ev/c1/e1/ev-rec-e2_7_abeb3407,t08_ev,How do the lifecycle greenhouse gas emissions of electric cars compare with those of petrol cars?,supported,supports,"States that overall, electric cars and trucks emit more than 50% less than gas cars and trucks.",blog.greenenergyconsumers.org,https://blog.greenenergyconsumers.org/blog/why-we-need-electric-vehicles,commentary,"Though battery manufacturing emits a substantial amount of pollution, overall, electric cars and trucks emit more than 50% less than gas cars and trucks from ...",supports,1.0,"The passage directly compares the lifecycle greenhouse gas emissions of electric cars and petrol cars, stating that electric vehicles emit more than 50% less.",Y,,error,,no response,,
t08_ev/c1/e1/ev-rec-e3_2_71f3a89d,t08_ev,How do the lifecycle greenhouse gas emissions of electric cars compare with those of petrol cars?,supported,supports,"Concludes that when comparing full lifecycle greenhouse gas emissions, EVs outperform petrol and diesel alternatives by a significant margin.",skywell-uk.com,https://skywell-uk.com/blog/are-electric-cars-better-for-environment/,commentary,"Electricity generation may involve the use of some fossil fuels. However, when comparing full lifecycle greenhouse gas emissions, EVs in the UK typically outperform petrol and diesel alternatives by a significant margin. And unlike fossil fuel vehicles, electric cars will become even cleaner as energy systems improve. Are Electric Vehicles Really Better for the Environment. Across research from climate institutions, environmental agencies and independent lifecycle analyses, the conclusion is tha",supports,1.0,The passage explicitly states that EVs typically outperform petrol alternatives in full lifecycle greenhouse gas emissions by a significant margin.,Y,,supports,0.95,The passage directly compares full lifecycle greenhouse gas emissions,Y,
t08_ev/c1/e1/ev-rec-e3_5_60de8432,t08_ev,How do the lifecycle greenhouse gas emissions of electric cars compare with those of petrol cars?,supported,supports,"Reports that after two years of use, BEVs result in a reduction in cumulative CO2 emissions compared to fossil-based cars.",reddit.com,https://www.reddit.com/r/science/comments/1ojeb7v/electric_vehicles_outperform_gasoline_cars_in/,commentary,"After two years of use, lithium-ion battery electric vehicles (BEVs) result in a reduction in cumulative carbon dioxide (CO₂) emissions compared to fossil-based ...",supports,1.0,The passage provides evidence directly comparing the cumulative carbon dioxide emissions of battery electric vehicles with fossil-based cars over a specific period.,Y,,error,,no response,,
t08_ev/c1/e2/ev-cffdf41772c4,t08_ev,What do comparative studies show regarding the particulate matter emissions generated by electric cars versus petrol cars during operation?,supported,supports,Reports a Virginia Tech study finding electric vehicles generate less non-exhaust particulate matter from brakes and tires than gasoline cars due to regenerative braking.,ev.com,https://ev.com/news/study-reveals-evs-produce-less-brake-and-tire-pollution-with-fewer-non-exhaust-emissions,reporting,"- According to a Virginia Tech Transportation Institute (VTTI) study, EVs can generate less particulate matter from brakes and tires compared to traditional gasoline vehicles. - The study analyzed 24 different vehicles, including electric, hybrid, and gasoline-powered models. - EVs demonstrated in the study are around 40% heavier than their gasoline counterparts. - Regenerative braking captures braking energy to recharge the battery and significantly reduces brake dust emissions by relying on the electric motor. - The study found that if at least 15% of driving occurs in city conditions, EVs maintain their position as the cleaner option overall.",supports,1.0,The passage provides comparative study findings showing that EVs can generate less particulate matter from brakes and tires compared to traditional gasoline vehicles.,Y,,supports,0.95,The passage provides specific findings from a Virginia Tech study comparing particulate matter emissions from brakes and tires between electric vehicles and traditional gasoline vehicles.,Y,
t08_ev/c1/e2/ev-rec-e2_6_f81ffb73,t08_ev,What do comparative studies show regarding the particulate matter emissions generated by electric cars versus petrol cars during operation?,supported,supports,"States that electric cars significantly reduce local air pollution because they do not emit nitrogen oxides, particulate matter, or other harmful exhaust gases.",kgm-motors.co.uk,https://www.kgm-motors.co.uk/electric-car-ownership/are-electric-cars-better-for-the-environment/,commentary,"Electric cars significantly reduce local air pollution because they do not emit nitrogen oxides, particulate matter or other harmful exhaust gases. This has ...",neither,1.0,The passage discusses tailpipe emissions rather than comparative studies on particulate matter emissions generated during operation as requested by the element.,N,neither,error,,no response,,
t08_ev/c1/e2/ev-rec-e2_1_92e7ab93,t08_ev,What do comparative studies show regarding the particulate matter emissions generated by electric cars versus petrol cars during operation?,supported,challenges,"Reports that the higher torque and weight of EVs contribute to increased tire friction and wear, leading to elevated PM10 emissions.",mdpi.com,https://www.mdpi.com/2073-4433/16/10/1141,commentary,"In the RDC tests, the higher torque and weight of the EV contributed to increased tire friction and wear, leading to elevated PM10 emissions, especially under ...",supports,0.9,The passage provides comparative findings on particulate matter emissions from electric vehicles during operation (specifically noting elevated PM10 emissions due to tire friction).,N,direction,error,,no response,,
t08_ev/c1/e3/ev-a9fb3a372c64,t08_ev,To what extent do the environmental impacts associated with battery mineral extraction for electric cars differ from the impacts of petroleum extraction?,supported,supports,Compares global annual fossil fuel extraction emissions (~34 billion tonnes CO2e) directly against lithium (~1.3 million tonnes CO2e) and cobalt (~1.5 million tonnes CO2e) mining emissions.,earth.org,https://earth.org/lithium-and-cobalt-mining/,commentary,"- Fossil fuel mining, including coal, oil, and gas, is estimated to be responsible for the emission of around 34 billion tonnes of carbon dioxide equivalent (CO2e) worldwide annually. - Cobalt mining is responsible for around 1.5 million tonnes of carbon dioxide (CO2e) equivalent. - Lithium mining is estimated to be around 1.3+ million tonnes of carbon annually, with every tonne of mined lithium equating to 15 tonnes of CO2 into the air.",supports,0.9,"The passage provides comparative data on the carbon dioxide emissions of fossil fuel mining versus battery mineral extraction like cobalt and lithium, directly addressing the differences in environmental impacts.",Y,,error,,,,
t08_ev/c1/e3/ev-rec-e3_1_b9481bae,t08_ev,To what extent do the environmental impacts associated with battery mineral extraction for electric cars differ from the impacts of petroleum extraction?,supported,supports,Quantifies the climate benefits and greenhouse gas offsets associated with lithium-ion battery manufacturing and lithium extraction relative to emissions.,azom.com,https://www.azom.com/news.aspx?newsID=65576,reporting,"Manufacturing one kWh of LIB can yield up to 600 kg CO2e avoided, and one kilogram of lithium extraction can avoid up to 20 tons CO2e with high recycling rates, ...",neither,0.9,"The passage discusses avoided CO2 emissions from manufacturing and recycling lithium-ion batteries, but it does not provide a comparison to the environmental impacts of petroleum extraction as requested by the element.",N,neither,error,,no response,,
t09_sqlite_url/c1/e1/ev-e68b3db1d678,t09_sqlite_url,"SQLite made the Write-Ahead Log option available beginning with version 3.7.0 on July 21, 2010.",supported,supports,Confirms WAL support on SQLite is available starting from version 3.7.0.,drupal.org,https://www.drupal.org/node/2769027,primary,- Support for WAL on SQLite is available from version 3.7.0.,supports,0.9,"The passage confirms that support for WAL in SQLite is available starting from version 3.7.0, which aligns with the first part of the element.",Y,,supports,0.9,The passage directly confirms that support for WAL in SQLite became available starting with version 3.7.0.,Y,
t09_sqlite_url/c1/e1/ev-a58e8b22b753,t09_sqlite_url,"SQLite made the Write-Ahead Log option available beginning with version 3.7.0 on July 21, 2010.",supported,supports,Announces that SQLite version 3.7.0 features the addition of the write-ahead log capability.,groups.google.com,https://groups.google.com/g/sqlite_users/c/be2mwGecdpU,primary,- SQLite version 3.7.0 will feature the addition of a write-ahead log (WAL) capability for transaction control.,neither,0.8,"The passage only mentions that SQLite version 3.7.0 will feature WAL capability, but does not provide evidence confirming the specific release date or the exact day of July 21, 2010 mentioned in the element.",N,neither,error,,,,
t09_sqlite_url/c1/e1/ev-db950fc9865f,t09_sqlite_url,"SQLite made the Write-Ahead Log option available beginning with version 3.7.0 on July 21, 2010.",supported,supports,Confirms the Write Ahead Log journaling mechanism was introduced from version 3.7.0 of SQLite.,digitalinvestigation.wordpress.com,https://digitalinvestigation.wordpress.com/2012/05/04/the-forensic-implications-of-sqlites-write-ahead-log/,commentary,- From version 3.7.0 of the SQLite engine an alternative journal mechanism was introduced called “Write Ahead Log”.,supports,0.9,"The passage confirms that the Write Ahead Log mechanism was introduced starting from version 3.7.0 of the SQLite engine, which aligns with a key part of the element.",Y,,supports,0.9,The passage confirms that the Write Ahead Log mechanism was introduced starting from SQLite version 3.7.0,Y,
t09_sqlite_url/c1/e1/ev-57ccdc31b809,t09_sqlite_url,"SQLite made the Write-Ahead Log option available beginning with version 3.7.0 on July 21, 2010.",supported,supports,Confirms the Write Ahead Logging option is available beginning with version 3.7.0.,stackoverflow.com,https://stackoverflow.com/questions/10325683/can-i-read-and-write-to-a-sqlite-database-concurrently-from-multiple-connections,commentary,"Beginning with version 3.7.0, a new “Write Ahead Logging” (WAL) option is available, in which reading and writing can proceed concurrently.",supports,0.9,"The passage confirms that the Write Ahead Logging option became available beginning with version 3.7.0, aligning with part of the claim.",Y,,error,,,,
t09_sqlite_url/c1/e1/ev-d4a06d06240b,t09_sqlite_url,"SQLite made the Write-Ahead Log option available beginning with version 3.7.0 on July 21, 2010.",supported,supports,States SQLite has supported Write-Ahead Logging since version 3.7.0 on 2010-07-21.,wiki.tnonline.net,https://wiki.tnonline.net/w/Blog/SQLite_Performance_on_Btrfs,commentary,"- SQLite has since version 3.7.0 (2010-07-21) supported a new journaling mode called Write-Ahead Logging, or simply WAL.",supports,1.0,"The passage confirms that SQLite has supported Write-Ahead Logging since version 3.7.0 on the specified date of July 21, 2010.",Y,,supports,1.0,"The passage directly confirms that SQLite has supported Write-Ahead Logging since version 3.7.0, released on July 21, 2010.",Y,
t09_sqlite_url/c2/e1/ev-rec-1_1_35beb95f,t09_sqlite_url,SQLite performs an automatic checkpoint by default when the WAL file reaches a threshold size of 1000 pages.,supported,supports,Directly confirms SQLite automatically checkpoints by default when the WAL reaches 1000 pages.,news.ycombinator.com,https://news.ycombinator.com/item?id=48899847,reporting,"By default, SQLite does a checkpoint automatically when the WAL file reaches a threshold size of 1000 pages.",supports,1.0,"The passage explicitly states that SQLite does an automatic checkpoint by default when the WAL file reaches 1000 pages, which directly matches the element.",Y,,supports,1.0,The passage directly states that SQLite automatically performs a checkpoint by default when the WAL file reaches a threshold size of 1000 pages.,Y,
t09_sqlite_url/c2/e1/ev-rec-1_2_82c0935a,t09_sqlite_url,SQLite performs an automatic checkpoint by default when the WAL file reaches a threshold size of 1000 pages.,supported,supports,States an automatic checkpoint triggers by default after 1000 pages are written to the WAL.,oneuptime.com,https://oneuptime.com/blog/post/2026-03-02-how-to-set-up-sqlite-with-wal-mode-on-ubuntu/view,commentary,"By default, an automatic checkpoint triggers after 1000 pages are written to the WAL. 1000 -- Increase to reduce checkpoint frequency. Disable automatic ...",supports,1.0,"The passage explicitly states that an automatic checkpoint triggers after 1000 pages are written to the WAL, which directly supports the claim.",Y,,error,,no response,,
t09_sqlite_url/c2/e1/ev-rec-1_3_4c6a0432,t09_sqlite_url,SQLite performs an automatic checkpoint by default when the WAL file reaches a threshold size of 1000 pages.,supported,supports,States SQLite automatically checkpoints when the WAL passes approximately 1000 pages by default.,coddy.tech,https://coddy.tech/docs/sqlite/wal-mode-and-concurrency,commentary,SQLite checkpoints automatically when the WAL passes ~1000 pages (the default wal_autocheckpoint ). For most apps you can leave that alone.,supports,1.0,The passage explicitly confirms that SQLite automatically checkpoints when the WAL passes approximately 1000 pages by default.,Y,,supports,0.95,The passage confirms that SQLite automatically checkpoints by default when the WAL reaches around 1000 pages via wal_autocheckpoint.,Y,
t09_sqlite_url/c2/e1/ev-rpf-1_0,t09_sqlite_url,SQLite performs an automatic checkpoint by default when the WAL file reaches a threshold size of 1000 pages.,supported,supports,States SQLite triggers automatic checkpoints by default when the WAL file reaches 1000 pages.,dev.to,https://dev.to/lumin-playstar/sqlite-wal-mode-10x-performance-for-python-apps-4ic,commentary,"Automatic Checkpointing: By default, SQLite performs checkpoints automatically. When the WAL file reaches a certain size (default: 1000 pages, configurable via PRAGMA wal_autocheckpoint), an automatic checkpoint is triggered.",supports,1.0,"The passage explicitly states that SQLite performs automatic checkpoints by default when the WAL file reaches 1000 pages, which directly aligns with the element.",Y,,supports,1.0,The passage explicitly states that SQLite performs checkpoints automatically by default when the WAL file reaches a default size of 1000 pages.,Y,
t11_inflation/c1/e1/ev-4ee60463cdb5,t11_inflation,Inflation falls from 10% to 3%.,supported,supports,This data confirms that the United States inflation rate decreased to 3 percent.,tradingeconomics.com,https://tradingeconomics.com/united-states/inflation-cpi,primary,Inflation Rate in the United States decreased to 3,supports,0.9,"The passage confirms that the inflation rate decreased to 3, which aligns with the drop described in the element.",Y,,neither,0.85,The passage is an incomplete sentence that does not mention the,N,neither
t11_inflation/c1/e1/ev-da986df8ac34,t11_inflation,Inflation falls from 10% to 3%.,supported,supports,"This report documents annual inflation falling below 10%, aligning with the start of the claimed drop.",astanatimes.com,https://astanatimes.com/2026/09/kazakhstans-inflation-falls-below-10-as-sustainability-becomes-key-test/,reporting,"ASTANA – Kazakhstan’s annual inflation fell below 10% in August, marking a further slowdown in price growth",neither,0.9,"The passage only mentions that inflation fell below 10%, but does not provide the specific endpoint of 3% as stated in the element.",N,neither,neither,0.9,"The passage states that inflation fell below 10%, but does not mention it falling from 1",N,neither
t11_inflation/c1/e1/ev-64d666b68d08,t11_inflation,Inflation falls from 10% to 3%.,supported,supports,"This source notes inflation peaking around 9-10% and subsequently declining to 3%, supporting the drop from 10% to 3%.",crr.bc.edu,https://crr.bc.edu/low-inflation-does-not-mean-americans-are-fine/,commentary,"- According to the Consumer Price Index for all Urban Consumers (CPI-U), inflation hit a peak of 9 percent in June, 2022. - The rate of inflation has declined sharply and stood at 3 percent in the most recent report. - Table 1 shows that the expenditure-weighted increase in prices between August 2020 and September 2025 was 25 percent.",supports,0.9,"The passage reports that inflation peaked at 9 percent and declined to 3 percent, which aligns closely with the claim that inflation fell from 10% to 3%.",Y,,error,,no response,,
t11_inflation/c1/e2/ev-a5f53649d595,t11_inflation,A drop in the inflation rate from 10% to 3% causes prices to fall by 7%.,disputed,challenges,"Clarifies that a drop in positive inflation (such as 8% to 4%) is disinflation where prices still rise, rather than deflation where prices fall.",stlouisfed.org,https://www.stlouisfed.org/publications/page-one-economics/2024/03/01/the-inflation-rate-is-falling-but-prices-are-not,commentary,"- Inflation is an increase in the price level, or average level of prices, of goods and services. - When an economy’s price level increases, it is called inflation, and when it decreases, it is called deflation. - The inflation rate tells you how quickly the price level is rising. - When the inflation rate falls, such as from 8% to 4%, it is called disinflation, meaning the price level is rising at a slower rate. - Any positive inflation rate number means inflation is occurring and the price level is rising. - It is not until the inflation rate becomes negative that deflation is occurring. - When the annual inflation rate is 4%, the average level of prices still increases by 4% that year. - Inflation is an increase in the average level of prices, not an increase in all prices in the economy.",challenges,1.0,"The passage states that a positive inflation rate means prices are still rising (disinflation), contradicting the claim that a drop in inflation causes prices to fall.",Y,,challenges,0.95,"The passage explains that any positive inflation rate means prices are still rising, so a drop in the inflation rate to 3% means prices rise at a slower rate rather than fall.",Y,
t11_inflation/c1/e3/ev-f6b638871e47,t11_inflation,Prices fall by 7%.,disputed,challenges,Explains that any positive inflation rate means price levels continue to increase from the previous year rather than decline.,bankofcanada.ca,https://www.bankofcanada.ca/2025/10/difference-between-price-level-and-inflation/,primary,"- According to the Bank of Canada, when inflation is low, the price level rises more slowly, but it still rises. - According to the Bank of Canada, even if inflation is only 1%, it means the price level has increased 1% from the year before. - According to the Bank of Canada, during times of disinflation, the rate of inflation decreases but the price level itself does not fall, meaning the price level still rises more slowly than before.",challenges,1.0,"The passage explicitly states that during times of disinflation the price level itself does not fall, which directly contradicts the claim that prices fall by 7%.",Y,,neither,0.99,The passage explains economic concepts regarding inflation and disinflation from the Bank of Canada and does not mention any specific instance of prices falling by 7%.,N,neither
t11_inflation/c1/e3/ev-64d666b68d08,t11_inflation,Prices fall by 7%.,disputed,challenges,Data showing cumulative price increases of 25% over recent years contradicts the idea that overall prices fell.,crr.bc.edu,https://crr.bc.edu/low-inflation-does-not-mean-americans-are-fine/,commentary,"- According to the Consumer Price Index for all Urban Consumers (CPI-U), inflation hit a peak of 9 percent in June, 2022. - The rate of inflation has declined sharply and stood at 3 percent in the most recent report. - Table 1 shows that the expenditure-weighted increase in prices between August 2020 and September 2025 was 25 percent.",challenges,0.9,"The passage states that prices increased by 25 percent over a specific period, which directly contradicts the claim that prices fell by 7%.",Y,,neither,0.95,"The passage discusses a decline in the rate of inflation and overall price increases, but does not state or imply that prices fell by 7%.",N,neither
t12_venus_image/c1/e1/ev-1fd6a682054b,t12_venus_image,Venus is a planet in the Solar System.,supported,supports,Identifies Venus as the second planet in the solar system orbiting at roughly 0.72 AU from the Sun.,nature.com,https://www.nature.com/articles/s41598-018-38117-x,primary,"- The global average nightside surface temperature of Venus is about 698 K. - Venus surface absorbs about 2.5% of incident solar flux. - Venus is the second planet in the solar system, orbiting at a distance of about 0.72 AU from the Sun.",supports,1.0,"The passage explicitly states that Venus is the second planet in the solar system, which directly supports the element that Venus is a planet in the Solar System.",Y,,supports,1.0,The passage explicitly states that Venus is the second planet in the solar system.,Y,
t12_venus_image/c1/e2/ev-bb86ce72ee6d,t12_venus_image,Venus has a higher surface temperature than every other planet in the Solar System.,supported,supports,States directly that Venus is the hottest planet in the solar system with surface temperatures of about 872°F (467°C).,science.nasa.gov,https://science.nasa.gov/venus/venus-facts/,primary,"- Venus is the hottest planet in our solar system. - Venus has surface temperatures hot enough to melt lead, measuring about 872 degrees Fahrenheit (467 Celsius). - Venus's thick atmosphere traps heat in a runaway greenhouse effect.",supports,1.0,"The passage explicitly states that Venus is the hottest planet in our solar system, which directly supports the claim that it has a higher surface temperature than every other planet.",Y,,supports,1.0,The passage explicitly states that Venus is the hottest planet in the solar,Y,
t12_venus_image/c1/e2/ev-23074ce15760,t12_venus_image,Venus has a higher surface temperature than every other planet in the Solar System.,supported,supports,"Confirms Venus is the hottest planet in the solar system with surface temperatures around 867°F (464°C), exceeding Mercury.",dornsife.usc.edu,https://dornsife.usc.edu/news/stories/why-is-venus-hotter-than-mercury-when-mercury-is-closer-to-the-sun/,commentary,"- Venus is the hottest planet in the solar system. - A series of events known as a runaway greenhouse effect caused Venus’s surface temperature to soar well past Mercury’s. - Today, carbon dioxide makes up about 96% of Venus’ atmosphere, and its surface temperature is a nearly constant 867 F (464 C) day or night. - Venus will remain the hottest planet in the solar system — despite being farther from the Sun than Mercury, according to space scientist Vahe Peroomian.",supports,1.0,"The passage explicitly states that Venus is the hottest planet in the solar system, which directly supports the claim that it has a higher surface temperature than every other planet.",Y,,supports,1.0,The passage explicitly states that Venus is the hottest planet in the solar system with surface temperatures soaring past Mercury's.,Y,
t12_venus_image/c1/e2/ev-22b457bf6120,t12_venus_image,Venus has a higher surface temperature than every other planet in the Solar System.,supported,supports,"Reports Venus is the solar system's hottest planet due to its dense greenhouse atmosphere, with a mean temperature of 867°F (464°C).",science.nasa.gov,https://science.nasa.gov/resource/solar-system-temperatures/,primary,"- Venus is the exception to planetary surface temperatures getting colder the farther a planet is from the Sun, as its proximity to the Sun and dense atmosphere make it our solar system's hottest planet. - The mean temperature of Venus is 867°F (464°C). - Venus's dense atmosphere acts as a greenhouse and heats the surface to above the melting point of lead.",supports,1.0,"The passage explicitly states that Venus is our solar system's hottest planet, which directly supports the claim that it has a higher surface temperature than every other planet.",Y,,supports,1.0,The passage directly states that Venus's dense atmosphere and proximity to the Sun make it the solar system's hottest planet in terms of planetary surface temperatures.,Y,
t12_venus_image/c1/e2/ev-bb5150870700,t12_venus_image,Venus has a higher surface temperature than every other planet in the Solar System.,supported,supports,Explicitly lists that Venus is the hottest planet in all the Solar System.,starwalk.space,https://starwalk.space/en/news/discover-the-amazing-planet-venus,reporting,701 Earth days - Age: 4. 503 billion years - Named after: the Roman goddess of love and beauty Fun facts about Venus Here are a few mind-blowing facts about the planet Venus. - Venus is the hottest planet in all the Solar System. - Venus has rains of sulfuric acid that never reach the surface. - Venus spins on its axis in the opposite direction compared to most other planets,supports,1.0,"The passage explicitly states that Venus is the hottest planet in all the Solar System, which directly supports the claim that it has a higher surface temperature than every other planet.",Y,,supports,0.95,"The passage explicitly states that Venus is the hottest planet in the Solar System, directly supporting the claim that it has a higher temperature than every other planet.",Y,
t12_venus_image/c1/e2/ev-fe24ffebe866,t12_venus_image,Venus has a higher surface temperature than every other planet in the Solar System.,supported,supports,States that Venus is the hottest planet in the solar system with surface temperatures sufficient to melt lead.,science.nasa.gov,https://science.nasa.gov/venus/,primary,- Venus is the hottest planet in our solar system. - Venus has a surface hot enough to melt lead.,supports,1.0,"The passage explicitly states that Venus is the hottest planet in our solar system, which directly supports the claim that it has a higher surface temperature than every other planet.",Y,,supports,0.95,The passage directly states that Venus is the hottest planet in our solar system and has a surface hot enough to melt lead.,Y,
t12_venus_image/c1/e2/ev-158c84c69cd6,t12_venus_image,Venus has a higher surface temperature than every other planet in the Solar System.,supported,supports,"Notes that Venus has the hottest surface of any planet in the Solar System, averaging 470°C (878°F).",planetary.org,https://www.planetary.org/worlds/venus,primary,"- Venus has the hottest surface of any planet in the Solar System, with average surface temperatures of 470 degrees Celsius (878 degrees Fahrenheit). - Venus's surface temperature is hot enough to melt lead. - Venus has a surface temperature ranging from 440°C (820°F) to 480°C (900°F).",supports,1.0,"The passage explicitly states that Venus has the hottest surface of any planet in the Solar System, which directly supports the claim.",Y,,supports,1.0,The passage directly states that Venus has the hottest surface of any planet in the Solar System.,Y,
t12_venus_image/c1/e2/ev-3b3052f46d4c,t12_venus_image,Venus has a higher surface temperature than every other planet in the Solar System.,supported,supports,"Confirms Venus has the hottest surface of any planet in the Solar System, reaching about 460°C (860°F).",planetary.org,https://www.planetary.org/articles/the-hottest-and-coldest-places-in-the-solar-system,commentary,"- Despite not being the closest planet to the Sun, Venus has the hottest surface of any planet in the Solar System. - On the surface of Venus, temperatures can reach around 460 degrees Celsius (860 degrees Fahrenheit).",supports,1.0,"The passage explicitly states that Venus has the hottest surface of any planet in the Solar System, which directly supports the claim.",Y,,supports,1.0,The passage explicitly states that Venus has the hottest surface of any planet in the Solar System.,Y,
t12_venus_image/c1/e2/ev-25db4ce62cee,t12_venus_image,Venus has a higher surface temperature than every other planet in the Solar System.,supported,supports,"Identifies Venus as the hottest planet, reaching surface temperatures of 465°C (860°F), which is hotter than Mercury.",flexbooks.ck12.org,https://flexbooks.ck12.org/cbook/ck-12-middle-school-earth-science-flexbook-2.0/section/22.10/primary/lesson/venus-ms-es/,commentary,"As a result, Venus is the hottest planet. Even though it is farther from the Sun, Venus is even much hotter than Mercury. Temperatures at the surface reach 465°C (860°F). That’s hot enough to melt lead! The surface of Venus is shrouded by thick clouds. Radar images show a complex surface.",supports,1.0,"The passage explicitly states that Venus is the hottest planet in the solar system, which directly supports the claim that its surface temperature is higher than every other planet.",Y,,supports,0.95,"The passage explicitly states that Venus is the hottest planet, with surface temperatures reaching 465°C.",Y,
t12_venus_image/c1/e2/ev-2e627399f7f2,t12_venus_image,Venus has a higher surface temperature than every other planet in the Solar System.,supported,supports,"Ground-based radar observations show Venus radiates at ~600 K due to a runaway greenhouse effect, supporting its extreme heat compared to other planets.",nature.com,https://www.nature.com/articles/s41467-026-72086-4,primary,"- Ground-based radar observations revealed that Venus radiates at ~600 K, interpreted as an extremely hot surface caused by a runaway greenhouse effect. - NASA’s Mariner 2 mission confirmed Venus’ high temperatures. - Soviet Venera 7 performed the first soft landing on another planet and measured surface temperatures near 740 K.",neither,0.9,"The passage confirms that Venus has high surface temperatures, but it does not provide a comparison to every other planet in the Solar System.",N,neither,neither,0.9,The passage provides measurements of Venus's high surface temperature but does not compare it to the surface temperatures of other planets,N,neither
t13_sweden/c1/e1/ev-c34671aaaa72,t13_sweden,Sweden did not impose a general lockdown during the 2020-22 period.,supported,supports,"Reports that Sweden stood out during the pandemic by refusing lockdowns, school closures, and mandates.",cato.org,https://www.cato.org/policy-analysis/sweden-during-pandemic,commentary,"During the COVID-19 pandemic, Sweden stood out from other countries, stubbornly refusing lockdowns, school closures, and mask mandates.",supports,1.0,"The passage explicitly states that Sweden refused lockdowns during the pandemic, which directly supports the claim that no general lockdown was imposed.",Y,,supports,0.95,"The passage explicitly states that Sweden refused lockdowns during the COVID-19 pandemic, supporting the element.",Y,
t13_sweden/c1/e1/ev-63ce0c32ca89,t13_sweden,Sweden did not impose a general lockdown during the 2020-22 period.,supported,supports,Notes that Sweden remained open as much of the world shut down early in the COVID-19 pandemic.,preventionweb.net,https://www.preventionweb.net/news/did-swedens-controversial-covid-strategy-pay-many-ways-it-did-it-let-elderly-down,commentary,"As much of the world shut down early in the COVID pandemic, Sweden remained open. The country's approach was controversial, ...",supports,0.9,The passage stating that Sweden remained open while much of the world shut down supports the claim that it did not impose a general lockdown.,Y,,supports,0.9,"The passage states that Sweden remained open as much of the world shut down during the COVID pandemic, supporting the claim that it did not impose a general lockdown.",Y,
t13_sweden/c1/e1/ev-0ef47dcd1457,t13_sweden,Sweden did not impose a general lockdown during the 2020-22 period.,supported,supports,"Confirms Sweden avoided strict government-imposed controls and lockdowns, relying instead on voluntary behavioural changes.",bbc.com,https://www.bbc.com/future/article/20250304-the-countries-that-never-locked-down-for-covid-19,reporting,""" Scientists have tried to answer that question. Ingeborg Forthun at the Norwegian Institute of Public Health and researchers in other countries including Sweden published a study in May 2024 that compared excess deaths in Sweden, Norway, Denmark and Finland during the first years of the pandemic. While Sweden avoided strict government imposed controls, instead relying mainly on voluntary behavioural changes from is citizens, the other three nations imposed strict lockdowns in the early stages of the pandemic. Norway, Finland and Denmark closed schools and most other aspects of public life while also asking people to work from home, but they stopped short of confining people to their homes in the way other countries such as the UK did. Perhaps unsurprisingly, the researchers found a noticeable spike in excess deaths in Sweden during the initial waves of the pandemic during the spring and winter of 2020, when Covid-19 was able to spread more freely than in neighbouring nations",supports,1.0,"The passage explicitly states that Sweden avoided strict government imposed controls and relied mainly on voluntary behavioural changes, which aligns with the claim that they did not impose a general lockdown.",Y,,supports,0.95,"The passage confirms that Sweden avoided strict government-imposed controls and lockdowns, instead relying on voluntary behavioral changes during the early pandemic.",Y,
t13_sweden/c1/e2/ev-c503cefd1697,t13_sweden,Sweden achieved lower excess mortality in 2020-22 compared to every other European country.,disputed,challenges,"ONS data shows Sweden was among a group of five countries with the lowest cumulative excess mortality (alongside Denmark, Iceland, Luxembourg, and Norway), not uniquely lower than every European country.",ons.gov.uk,https://www.ons.gov.uk/peoplepopulationandcommunity/birthsdeathsandmarriages/deaths/articles/comparingdifferentinternationalmeasuresofexcessmortality/2022-12-20,primary,"The five countries with the lowest cumulative excess mortality up to week 26 2022 in the ONS' comparisons of all-cause mortality between European countries and regions release, were amongst the lowest across all measures available; these were Denmark, Iceland, Luxembourg, Norway, and Sweden",challenges,0.9,"The passage lists five countries among the lowest excess mortality, which contradicts the claim that Sweden achieved lower excess mortality compared to every other European country.",Y,,error,,no response,,
t13_sweden/c1/e2/ev-b4521dec0692,t13_sweden,Sweden achieved lower excess mortality in 2020-22 compared to every other European country.,disputed,challenges,"The evidence states that Sweden was an outlier in policy but not in mortality, directly contradicting the claim that it had lower excess mortality than every other European country.",cato.org,https://www.cato.org/commentary/sweden-avoided-covid-lockdowns-now-reaps-benefits,commentary,"Sweden was an outlier in terms of policy but not in terms of mortality. By June 14, 2023, Sweden had suffered 2,322 Covid-19 deaths per million ...",challenges,0.9,"The passage states that Sweden was not an outlier in terms of mortality, which contradicts the claim that Sweden achieved lower excess mortality than every other European country.",Y,,error,,no response,,
t13_sweden/c1/e2/ev-aed744939436,t13_sweden,Sweden achieved lower excess mortality in 2020-22 compared to every other European country.,disputed,challenges,"The study notes that Sweden's mortality per capita was higher than neighbouring countries and similar to or higher than others, challenging the absolute claim of lower excess mortality than every other European country.",pmc.ncbi.nlm.nih.gov,https://pmc.ncbi.nlm.nih.gov/articles/PMC7537539/,primary,"The PHA aimed to make recommendations that would be tolerated by the public for a prolonged period of time, so that society could keep operating. Excess mortality rose by 11% between March and August 2020, with elderly and ethnic minorities particularly affected. The mortality per capita was higher in Sweden than in neighbouring countries, but lower than in several other European countries that had applied a general lockdown. CONCLUSION This review covers the first eight months since COVID‐19 was first observed in early 2020. It may therefore be premature to evaluate how successful or unsuccessful Sweden's COVID‐19 strategy has been from a long‐term perspective",challenges,1.0,"The passage states that Sweden's mortality per capita was lower than several other European countries, which contradicts the claim that Sweden achieved lower excess mortality than *every* other European country.",Y,,error,,no response,,
t13_sweden/c1/e3/ev-1da8058b1688,t13_sweden,Sweden's decision not to impose a general lockdown was the primary cause of it having lower excess mortality than every other European country in 2020-22.,disputed,challenges,Reports analysis indicating Sweden's lack of lockdown increased COVID-19 deaths and healthcare demand compared to countries with early stringent measures.,uvahealth.com,https://www.uvahealth.com/news/covid-19-deaths-in-sweden,commentary,"Sweden’s controversial decision not to lock down during COVID-19 produced more deaths and greater healthcare demand than seen in countries with earlier, more stringent interventions, a new analysis finds. But Sweden fared better than would be expected from its public-health mandates alone, roughly similar to France, Italy and Spain – countries that had more stringent measures but adopted them after the pandemic took hold there. Sweden’s unusual approach also saw fewer patients admitted to intensive-care units than expected",challenges,1.0,"The passage states that Sweden's decision produced more deaths and greater healthcare demand than countries with stringent interventions, directly contradicting the claim that it resulted in lower excess mortality than every other European…",Y,,challenges,0.9,"The passage states that Sweden's decision not to lock down produced more deaths than in countries with earlier, more stringent interventions, directly contradicting the claim.",Y,
t14_bankrate_375/c1/e1/ev-5dfc06e10fd6,t14_bankrate_375,"As of 7 September 2026, the Bank of England's Bank Rate is 3.75%.",supported,supports,Confirms the Bank of England base rate stood at 3.75% on 7 September 2026.,stoozemax.com,https://stoozemax.com/tools/base-rate,primary,- The Bank of England base rate stood at 3.75% on 7 September 2026 and 10 September 2026.,supports,1.0,The passage explicitly states that the Bank of England base rate stood at 3.75% on 7 September 2026.,Y,,supports,1.0,The passage explicitly states that the Bank of England base rate was 3.75% on 7 September 2026.,Y,
t14_bankrate_375/c1/e1/ev-7212239c72ba,t14_bankrate_375,"As of 7 September 2026, the Bank of England's Bank Rate is 3.75%.",supported,supports,States the Bank of England held the Bank Rate at 3.75% on 30 July 2026.,cambridgecurrencies.com,https://cambridgecurrencies.com/next-bank-of-england-interest-rate-decision/,primary,"- The Bank of England held Bank Rate at 3.75% on 30 July 2026. - The next Bank of England interest rate decision is on Thursday 17 September 2026, announced at 12:00 UK time.",supports,1.0,"The passage explicitly states that the Bank of England held the Bank Rate at 3.75% on 30 July 2026 and that the next decision is not until 17 September 2026, which makes the rate being 3.75% as of 7 September 2026 more likely true.",Y,,supports,0.95,The passage confirms the Bank Rate was set,Y,
t14_bankrate_375/c1/e1/ev-53fa1f6d1a26,t14_bankrate_375,"As of 7 September 2026, the Bank of England's Bank Rate is 3.75%.",supported,supports,Reports on MPs questioning the Bank of England governor regarding the decision to hold the Bank Rate at 3.75%.,theguardian.com,https://www.theguardian.com/business/live/2026/sep/08/oil-price-approaches-100-a-barrel-saudi-attacks-bank-of-england-latest-news-updates?CMP=share_btn_url&page=with%3Ablock-6a9fa3a38f08b1fc6ac22c25,reporting,"- MPs in London will question Bank of England governor Andrew Bailey, and colleagues, about their recent decision to hold the Bank Rate at 3.75%.",supports,1.0,The passage confirms the Bank Rate is 3.75% by reporting a recent decision to hold it at that rate.,Y,,error,,no response,,
t14_bankrate_375/c1/e2/ev-7212239c72ba,t14_bankrate_375,"As of 7 September 2026, the next Bank of England decision is scheduled for 17 September 2026.",supported,supports,Explicitly confirms the next Bank of England interest rate decision is scheduled for Thursday 17 September 2026.,cambridgecurrencies.com,https://cambridgecurrencies.com/next-bank-of-england-interest-rate-decision/,primary,"- The Bank of England held Bank Rate at 3.75% on 30 July 2026. - The next Bank of England interest rate decision is on Thursday 17 September 2026, announced at 12:00 UK time.",supports,1.0,The passage explicitly states that the next Bank of England interest rate decision is on Thursday 17 September 2026.,Y,,supports,0.95,The passage confirms that the next Bank of England,Y,
t14_bankrate_375/c1/e2/ev-75cea332ed1d,t14_bankrate_375,"As of 7 September 2026, the next Bank of England decision is scheduled for 17 September 2026.",supported,supports,Confirms the Monetary Policy Committee meeting and summary publication take place on 17 September 2026.,bankofengland.co.uk,https://www.bankofengland.co.uk/news/2026/september/statement-announcing-governors-interview,primary,"Statement Following the publication of Monetary Policy Summary and minutes of the Monetary Policy Committee meeting on 17 September 2026, the Governor will give his usual pooled broadcast interview",supports,0.9,"The passage confirms that a Monetary Policy Committee meeting and summary publication are scheduled for 17 September 2026, which aligns with the scheduled Bank of England decision date.",Y,,error,,no response,,
t14_bankrate_375/c1/e2/ev-f93644fba63a,t14_bankrate_375,"As of 7 September 2026, the next Bank of England decision is scheduled for 17 September 2026.",supported,supports,"The prediction market listing explicitly confirms the Bank of England MPC meeting and decision date as September 17, 2026.",prediqt.in,https://prediqt.in/event/boe-rate-cut-at-september-17-2026-mpc-meeting,primary,"View real-time odds for ""BoE rate cut at September 17, 2026 MPC meeting",supports,0.9,"The passage confirms the existence of a Bank of England MPC meeting scheduled for September 17, 2026.",Y,,error,,no response,,
