label_id,record,element,state,tru8_label,tru8_reasoning,source,url,tier,passage,gemini_verdict,gemini_confidence,gemini_reason,gemini_justified,gemini_kind,gemini_flash_verdict,gemini_flash_confidence,gemini_flash_reason,gemini_flash_justified,gemini_flash_kind
t01_brexit/c1/e1/ev-rpf-0_1,t01_brexit,The UK left the European Union on 31 January 2020.,unresolved,supports,States that the UK ceased to be an EU member state on 31 January 2020.,davidsonmorris.com,https://www.davidsonmorris.com/brexit/,commentary,"Section Summary (2): Article 50 ... the UK ceased to be an EU member state on 31 January 2020, a transition period applied until 11pm GMT on 31 December 2020....",supports,1.0,The passage explicitly states that the UK ceased to be an EU member state on 31 January 2020.,Y,,supports,0.99,The passage directly states that the UK ceased to be an EU member state on 31 January 2020.,Y,
t01_brexit/c1/e1/ev-rpf-0_2,t01_brexit,The UK left the European Union on 31 January 2020.,unresolved,supports,Confirms that the UK stopped being a member of the EU on 31 January 2020.,instituteforgovernment.org.uk,https://www.instituteforgovernment.org.uk/explainer/uk-and-european-union,commentary,"The UK stopped being a member of the EU on 31 January 2020. It then entered a transition phase (outside the political institutions, but still inside the single market and customs union) until 11.00pm on 31 December 2020.",supports,1.0,"The passage explicitly states that the UK stopped being a member of the EU on 31 January 2020, which directly supports the element.",Y,,supports,0.98,The passage directly confirms that the UK stopped being a member of the EU on 31 January 2020.,Y,
t01_brexit/c1/e2/ev-rpf-0_0,t01_brexit,The UK remained in the single market until 31 December 2020.,unresolved,supports,Confirms that the UK remained part of the European single market during the transition phase until 31 December 2020.,lawshun.com,https://lawshun.com/article/has-the-uk-left-the-eu-by-law,commentary,"This event, commonly referred to ... 31 December 2020. During this transition phase, the UK remained subject to EU laws and was part of the European Union Customs Union and the European single market....",supports,1.0,"The passage explicitly states that during the transition phase leading up to 31 December 2020, the UK remained part of the European single market.",Y,,supports,0.95,"The passage confirms that during the transition phase ending on 31 December 2020, the UK was part of the European single market.",Y,
t01_brexit/c1/e2/ev-rpf-0_2,t01_brexit,The UK remained in the single market until 31 December 2020.,unresolved,supports,States that the UK remained inside the single market during the transition phase until 31 December 2020.,instituteforgovernment.org.uk,https://www.instituteforgovernment.org.uk/explainer/uk-and-european-union,commentary,"The UK stopped being a member of the EU on 31 January 2020. It then entered a transition phase (outside the political institutions, but still inside the single market and customs union) until 11.00pm on 31 December 2020.",supports,1.0,The passage explicitly states that the UK remained inside the single market until 31 December 2020.,Y,,supports,1.0,The passage explicitly states that the UK remained inside the single market during its transition phase until 31 December 2020.,Y,
t01_brexit/c1/e3/ev-rpf-0_0,t01_brexit,The UK remained in the customs union until 31 December 2020.,unresolved,supports,Confirms that the UK remained part of the European Union Customs Union during the transition phase until 31 December 2020.,lawshun.com,https://lawshun.com/article/has-the-uk-left-the-eu-by-law,commentary,"This event, commonly referred to ... 31 December 2020. During this transition phase, the UK remained subject to EU laws and was part of the European Union Customs Union and the European single market....",supports,1.0,The passage explicitly states that the UK remained part of the European Union Customs Union until 31 December 2020.,Y,,error,,no response,,
t01_brexit/c1/e3/ev-rpf-0_2,t01_brexit,The UK remained in the customs union until 31 December 2020.,unresolved,supports,States that the UK remained inside the customs union during the transition phase until 31 December 2020.,instituteforgovernment.org.uk,https://www.instituteforgovernment.org.uk/explainer/uk-and-european-union,commentary,"The UK stopped being a member of the EU on 31 January 2020. It then entered a transition phase (outside the political institutions, but still inside the single market and customs union) until 11.00pm on 31 December 2020.",supports,1.0,"The passage explicitly states that the UK remained inside the customs union until 31 December 2020, which directly matches the element.",Y,,supports,1.0,The passage explicitly states that the UK remained inside the customs union during the transition phase until 31 December 2020.,Y,
t02_select/c1/e1/ev-rpf-0_0,t02_select,The SELECT trial established that semaglutide prevents heart attacks in everyone who is overweight.,disputed,challenges,"Reports that the SELECT trial was restricted to adults aged 45 and older with established cardiovascular disease, contradicting the claim that it established prevention in everyone who is overweight.",ipharmapharmacy.com,https://www.ipharmapharmacy.com/semaglutide-heart-health-select-trial/,primary,"In 17,604 adults aged 45 and older with overweight or obesity and established cardiovascular disease but no diabetes, semaglutide 2.4 mg weekly reduced major adverse cardiovascular events from 8.0% to 6.5% over roughly 40 months.",challenges,0.95,"The passage shows semaglutide prevents heart attacks specifically in adults with established cardiovascular disease and overweight/obesity, whereas the element claims it does so for *everyone* who is overweight.",Y,,error,,no response,,
t02_select/c1/e1/ev-rpf-0_3,t02_select,The SELECT trial established that semaglutide prevents heart attacks in everyone who is overweight.,disputed,supports,States that the SELECT trial showed semaglutide cuts heart attacks by 20%.,scale-solutions.com,https://scale-solutions.com/semaglutide-heart-safety-select-trial/,commentary,"The SELECT trial enrolled 17,604 patients and showed semaglutide cuts heart attacks 20%. Dr. Gates explains what this means for patients in Savannah GA.",challenges,0.9,"The element claims the trial established protection for 'everyone' who is overweight, whereas the trial actually enrolled a specific subset of 17,604 patients rather than all overweight individuals.",N,direction,error,,no response,,
t02_select/c1/e2/ev-rpf-0_0,t02_select,Semaglutide administration causes a 20% reduction in absolute risk of heart attacks.,disputed,challenges,"Shows semaglutide reduced major adverse cardiovascular events from 8.0% to 6.5%, demonstrating an absolute risk reduction of 1.5 percentage points rather than 20%.",ipharmapharmacy.com,https://www.ipharmapharmacy.com/semaglutide-heart-health-select-trial/,primary,"In 17,604 adults aged 45 and older with overweight or obesity and established cardiovascular disease but no diabetes, semaglutide 2.4 mg weekly reduced major adverse cardiovascular events from 8.0% to 6.5% over roughly 40 months.",challenges,1.0,"The passage reports a reduction in major adverse cardiovascular events from 8.0% to 6.5%, which is an absolute risk reduction of 1.5%, directly contradicting the 20% absolute risk reduction claimed in the element.",Y,,error,,no response,,
t02_select/c1/e3/ev-rpf-0_1,t02_select,The population affected by this heart attack prevention includes everyone who is overweight.,disputed,challenges,"Specifies that the study population required established cardiovascular disease alongside BMI ≥27 kg/m2 without diabetes, excluding the broader overweight population.",docwirenews.com,https://www.docwirenews.com/post/select-trial-semaglutide-reduces-cardiovascular-events-independent-of-weight-loss,reporting,"“In the SELECT trial, in patients with obesity (BMI ≥27 kg/m2) and established cardiovascular disease but not diabetes, semaglutide resulted in a 20% reduction in major adverse cardiovascular events (MACE), while in the STEP-HFpEF trial, ...",challenges,0.9,"The element states the population includes everyone who is overweight, whereas the passage specifies the trial population was restricted to patients with obesity (BMI ≥27 kg/m2) and established cardiovascular disease without diabetes.",Y,,error,,,,
t02_select/c1/e3/ev-rpf-0_2,t02_select,The population affected by this heart attack prevention includes everyone who is overweight.,disputed,challenges,Confirms that cardiovascular benefit was proven specifically in patients with established heart disease and overweight/obesity.,dralo.net,https://www.dralo.net/blog/ozempic-heart-reduce-heart-attacks,commentary,The landmark SELECT trial demonstrated that weekly semaglutide 2.4 mg reduces major cardiovascular events by 20% in people with obesity or overweight and established heart disease—even in those without diabetes.[1] This finding represents ...,challenges,1.0,"The element states the prevention includes everyone who is overweight, whereas the passage specifies it only applies to people with overweight who also have established heart disease.",Y,,error,,no response,,
t04_jwst/c1/e1/ev-13160ec05246,t04_jwst,The James Webb Space Telescope orbits the Earth every 90 minutes.,disputed,challenges,"Clarifies that JWST orbits the Sun at L2 rather than orbiting Earth, noting that Hubble is the telescope that orbits Earth every 90 minutes.",science.nasa.gov,https://science.nasa.gov/mission/webb/orbit/,primary,"- The James Webb Space Telescope is not in orbit around the Earth, like the Hubble Space Telescope is - it actually orbits the Sun, 1.5 million kilometers (1 million miles) away from the Earth at what is called the second Lagrange point or L2. - Unlike Hubble, which goes in and out of Earth shadow every 90 minutes, Webb has an unimpeded view that allows science operations 24/7.",challenges,1.0,"The passage explicitly states that the James Webb Space Telescope is not in orbit around the Earth, which directly contradicts the element.",Y,,challenges,1.0,The passage explicitly states that the James Webb Space Telescope does not orbit the Earth and that the 90-minute cycle applies to the Hubble Space Telescope instead.,Y,
t04_jwst/c1/e1/ev-6cf5079539d4,t04_jwst,The James Webb Space Telescope orbits the Earth every 90 minutes.,disputed,challenges,Explicitly confirms that Webb is not in orbit around the Earth and instead orbits the Sun at the second Lagrange point (L2).,science.nasa.gov,https://science.nasa.gov/asset/webb/james-webb-space-telescope-orbit/,primary,"- Webb will not be in orbit around the Earth. - Webb will orbit the Sun, 1.5 million kilometers (1 million miles) away from the Earth at what is called the second lagrange point, or L2.",challenges,1.0,The passage explicitly states that Webb will not orbit the Earth and will instead orbit the Sun.,Y,,challenges,1.0,"The passage directly contradicts the element by stating that the Webb telescope will not be in orbit around the Earth, but will instead orbit the Sun.",Y,
t04_jwst/c1/e2/ev-a8cb518fdc52,t04_jwst,The James Webb Space Telescope has a 6.5-metre primary mirror.,supported,supports,Confirms the size of Webb's primary mirror is 6.5 meters (21.6 feet) across.,science.nasa.gov,https://science.nasa.gov/asset/webb/webb-telescopes-mirror-size-and-material/,primary,- The size of Webb's primary mirror is 6.5 meters (21.6 feet) across.,supports,1.0,"The passage explicitly states that the size of Webb's primary mirror is 6.5 meters, which directly supports the element.",Y,,supports,0.99,The passage directly confirms that the size of Webb's primary mirror is 6.5 meters across.,Y,
t04_jwst/c1/e2/ev-41ac793074a1,t04_jwst,The James Webb Space Telescope has a 6.5-metre primary mirror.,supported,supports,States that the telescope's primary mirror is 6.5 metres in diameter.,sci.esa.int,https://sci.esa.int/web/jwst/-/45759-fact-sheet,primary,"- The primary mirror will be 6.5 metres in diameter - JWST will operate in an orbit around the L2 point, approximately 1.5 million kilometres away from Earth.",supports,1.0,The passage explicitly states that the primary mirror will be 6.5 metres in diameter.,Y,,supports,0.98,"The passage states that the JWST's primary mirror will be 6.5 metres in diameter, directly supporting the element.",Y,
t04_jwst/c1/e2/ev-985384df10e7,t04_jwst,The James Webb Space Telescope has a 6.5-metre primary mirror.,supported,supports,Reports that the total diameter of Webb's primary mirror spans 6.5 metres.,esawebb.org,https://esawebb.org/about/general/mirrors/,primary,- The total diameter of Webb’s primary mirror spans 6.5 metres.,supports,1.0,"The passage explicitly states that Webb’s primary mirror spans 6.5 metres, which directly matches the element.",Y,,supports,0.99,The passage directly confirms that Webb's primary mirror spans 6.5 metres in diameter.,Y,
t04_jwst/c1/e2/ev-129e7c460cec,t04_jwst,The James Webb Space Telescope has a 6.5-metre primary mirror.,supported,supports,Identifies the James Webb Space Telescope as a 6.5-meter-aperture observatory.,stsci.edu,https://www.stsci.edu/files/live/sites/www/files/home/jwst/about/history/flyers/_documents/JWST-Optics.pdf,commentary,NASA’s Optics James Webb Space Telescope: The James Webb Space Telescope (JWST) is a 6. 5-meter-aperture observatory optimized for infrared astronomy (0,supports,1.0,"The passage explicitly states that the James Webb Space Telescope has a 6.5-meter-aperture, which directly supports the element that it has a 6.5-metre primary mirror.",Y,,error,,,,
t04_jwst/c1/e3/ev-53349b0761c2,t04_jwst,The James Webb Space Telescope was launched in December 2021.,supported,supports,"Records the official launch date as December 25, 2021.",science.nasa.gov,https://science.nasa.gov/mission/webb/fact-sheet/,primary,"- Launch Date |December 25, 2021 07:20am EST (2021-12-25 12:20 GMT/UTC) - Diameter of Primary Mirror |6.5 m (21.3 ft) approximately - Webb orbits the Sun 1.5 million kilometers from the Earth.",supports,1.0,"The passage explicitly states the launch date of the telescope is December 25, 2021, which directly confirms the element.",Y,,supports,0.98,"The passage confirms that Webb was launched on December 25, 2021.",Y,
t04_jwst/c1/e3/ev-41ff11e48baa,t04_jwst,The James Webb Space Telescope was launched in December 2021.,supported,supports,"States that the James Webb Space Telescope launched on December 25, 2021.",science.nasa.gov,https://science.nasa.gov/mission/webb/,primary,"- The James Webb Space Telescope launched on December 25, 2021.",supports,1.0,"The passage explicitly states that the James Webb Space Telescope launched on December 25, 2021, which directly confirms the element.",Y,,supports,1.0,"The passage explicitly states that the James Webb Space Telescope launched on December 25, 2021.",Y,
t04_jwst/c1/e3/ev-3701f75f05f1,t04_jwst,The James Webb Space Telescope was launched in December 2021.,supported,supports,"Confirms the James Webb Space Telescope launched on December 25, 2021.",spaceplace.nasa.gov,https://spaceplace.nasa.gov/james-webb-space-telescope/en/,primary,"- The James Webb Space Telescope launched on December 25, 2021.",supports,1.0,"The passage explicitly states that the James Webb Space Telescope launched on December 25, 2021, which directly confirms the claim.",Y,,supports,1.0,"The passage directly confirms that the James Webb Space Telescope launched on December 25, 2021.",Y,
t04_jwst/c1/e3/ev-4a795b1ef4d5,t04_jwst,The James Webb Space Telescope was launched in December 2021.,supported,supports,"States Webb was launched on December 25, 2021, aboard an Ariane 5 rocket.",science.nasa.gov,https://science.nasa.gov/mission/webb/launch/,primary,"- Webb was launched on December 25, 2021 on board an Ariane 5 rocket from Ariane Space Spaceport in French Guiana.",supports,1.0,"The passage explicitly states that Webb was launched on December 25, 2021, which directly confirms the element.",Y,,supports,1.0,"The passage directly confirms that Webb was launched on December 25, 2021.",Y,
t04_jwst/c1/e3/ev-56b9588fc263,t04_jwst,The James Webb Space Telescope was launched in December 2021.,supported,supports,"Documents that NASA's JWST launched on Saturday, December 25, 2021.",nasa.gov,https://www.nasa.gov/image-article/james-webb-telescope-lights-up-sky-during-launch/,primary,"- NASA’s James Webb Space Telescope, or JWST, launched aboard Arianespace’s Ariane 5 rocket on Saturday, Dec. 25, 2021, from the ELA-3 Launch Zone of Europe’s Spaceport at the Guiana Space Centre in Kourou, French Guiana. - JWST is an infrared telescope with a 21.3 foot (6.5 meter) primary mirror.",supports,1.0,"The passage explicitly states that the James Webb Space Telescope launched on December 25, 2021.",Y,,supports,1.0,"The passage explicitly states that the James Webb Space Telescope launched on Saturday, December 25, 2021.",Y,
t04_jwst/c1/e3/ev-3c5d95ad6d09,t04_jwst,The James Webb Space Telescope was launched in December 2021.,supported,supports,Confirms that the telescope was launched in December 2021 from Europe's Spaceport.,esahubble.org,https://esahubble.org/wordbank/james-webb-space-telescope/,primary,"- The James Webb Space Telescope was launched in December 2021 on an Ariane 5 rocket from Europe’s Spaceport in French Guiana. - Webb is equipped with a primary mirror that spans 6.5 metres in diameter. - Webb will be orbiting a point in space beyond the orbit of the Moon known as a Lagrange point, roughly 1.5 million kilometres from Earth.",supports,1.0,The passage explicitly states that the James Webb Space Telescope was launched in December 2021.,Y,,supports,1.0,The passage directly confirms that the James Webb Space Telescope was launched in December 2021.,Y,
t04_jwst/c1/e3/ev-fef1198ba55b,t04_jwst,The James Webb Space Telescope was launched in December 2021.,supported,supports,"The official science portal statement explicitly confirms the targeted launch date of 18 December 2021, directly supporting the element's assertion.",sci.esa.int,https://sci.esa.int/web/jwst/,primary,- The targeted launch date for Webb was 18 December 2021. - Engineers working on NASA's James Webb Space Telescope successfully folded and packed its sunshield for its upcoming million-mile (roughly 1.5 million kilometre) journey.,supports,1.0,"The passage states that the targeted launch date for the James Webb Space Telescope was 18 December 2021, which makes the element that it was launched in December 2021 more likely true.",Y,,neither,0.9,The passage mentions a targeted launch date and upcoming,N,neither
t05_bankrate_425/c1/e1/ev-ff447c1b39fb,t05_bankrate_425,The Bank of England's Bank Rate is 4.25% as of 7 September 2026.,disputed,challenges,"Reports the Bank Rate is currently 3.75% following a hold on 18 June 2026, directly contradicting the claimed 4.25%.",moneysupermarket.com,https://www.moneysupermarket.com/mortgages/,primary,"The base rate or &#x27;Bank Rate&#x27; is the official interest rate set by the Bank of England that guides banks and lenders. The base rate is currently 3.75%, following a hold on 18 June 2026.",challenges,1.0,"The passage states that the Bank Rate is currently 3.75% as of June 2026, which contradicts the element claiming it is 4.25% as of September 2026.",Y,,error,,no response,,
t06_sweden_focus/c1/e1/ev-011898bf80f3,t06_sweden_focus,Sweden chose not to impose a general lockdown during the 2020-22 period.,supported,supports,Confirms Sweden relied on voluntary guidelines and personal responsibility rather than mandatory lockdowns during the pandemic.,scienceinsights.org,https://scienceinsights.org/how-did-sweden-handle-covid-and-what-were-the-results/,commentary,"Sweden took a fundamentally different path from most of the world during COVID-19, relying on voluntary guidelines and personal responsibility rather than mandatory lockdowns. Schools for younger children stayed open, restaurants continued serving customers, and for most of the pandemic, face masks weren’t even recommended. The approach drew intense international attention, praise from some quarters, and sharp criticism from others",supports,1.0,The passage confirms that Sweden relied on voluntary guidelines and personal responsibility 'rather than mandatory lockdowns'.,Y,,supports,0.95,"The passage explicitly states that during COVID-19 Sweden relied on voluntary guidelines and personal responsibility rather than mandatory lockdowns, keeping schools and restaurants open.",Y,
t06_sweden_focus/c1/e1/ev-0ef47dcd1457,t06_sweden_focus,Sweden chose not to impose a general lockdown during the 2020-22 period.,supported,supports,"Notes that Sweden avoided strict government-imposed controls and lockdowns, instead relying on voluntary behavioural changes.",bbc.com,https://www.bbc.com/future/article/20250304-the-countries-that-never-locked-down-for-covid-19,reporting,""" Scientists have tried to answer that question. Ingeborg Forthun at the Norwegian Institute of Public Health and researchers in other countries including Sweden published a study in May 2024 that compared excess deaths in Sweden, Norway, Denmark and Finland during the first years of the pandemic. While Sweden avoided strict government imposed controls, instead relying mainly on voluntary behavioural changes from is citizens, the other three nations imposed strict lockdowns in the early stages of the pandemic. Norway, Finland and Denmark closed schools and most other aspects of public life while also asking people to work from home, but they stopped short of confining people to their homes in the way other countries such as the UK did. Perhaps unsurprisingly, the researchers found a noticeable spike in excess deaths in Sweden during the initial waves of the pandemic during the spring and winter of 2020, when Covid-19 was able to spread more freely than in neighbouring nations",supports,1.0,The passage explicitly states that Sweden avoided strict government imposed controls and instead relied on voluntary behavioural changes during the early stages of the pandemic.,Y,,supports,0.95,"The passage confirms that Sweden avoided strict government-imposed controls, instead relying on voluntary behavioral changes unlike its neighboring countries that imposed strict lockdowns.",Y,
t06_sweden_focus/c1/e1/ev-c40c7ca12835,t06_sweden_focus,Sweden chose not to impose a general lockdown during the 2020-22 period.,supported,supports,Details that Swedish pandemic restrictions consisted of recommendations and voluntary measures rather than strict mandatory lockdowns.,pmc.ncbi.nlm.nih.gov,https://pmc.ncbi.nlm.nih.gov/articles/PMC7717265/,primary,"In Sweden, the governmental restrictions to fight the virus have mainly consisted of a recommendation to work from home and not to use public transport, to restrict meetings or events to 50 people, to digital teaching at high schools and universities, and to keep a distance of 2 m to other people. However, many restaurants, gyms and similar institutions closed temporarily. Thus, the Swedish ‘lockdown’ was less strict than in many other countries and the proportion of avoided deaths from other causes than COVID-19 may be smaller. Age is another important issue to consider when comparing the burden of the pandemic between countries. Fatality from COVID-19 varies greatly over age, and the spread of the virus has affected age groups differently between countries",supports,0.9,"The passage describes Sweden's restrictions as recommendations and notes that its 'lockdown' was less strict than in other countries, aligning with the claim that it did not impose a general lockdown.",Y,,supports,0.85,The passage indicates that Sweden relied mainly on recommendations and had a much less strict approach rather than a full mandatory lockdown.,Y,
t06_sweden_focus/c1/e2/ev-842a98804320,t06_sweden_focus,Sweden's decision not to impose a general lockdown was the primary cause of its lower excess mortality outcome in 2020-22 compared to other European countries.,disputed,challenges,"Identifies Sweden's ability to drastically increase healthcare capacity and country-specific factors, rather than the absence of lockdown itself, as key moderating factors.",nature.com,https://www.nature.com/articles/s41598-023-45934-2,primary,"Our results remain robust to this inclusion such that these controls receive almost no weight in the construction of synthetic Sweden, suggesting that Sweden’s ability to drastically increase healthcare capacity during the pandemic acts as a moderating factor. The overall composition of synthetic Sweden as countries with similarly excellent healthcare systems and thereby also similar pre-pandemic mortality patterns points towards the fact that such pre-existing trends are successfully controlled for and therefor does not explain the observed excess mortality for Sweden. Conclusion Our results on excess mortality cannot recommend that Sweden should have implemented a lockdown as we do not consider the other considerable economic and social costs of a lockdown. A further caveat is that our analysis of Sweden as the treated unit does not directly generalise to government policy responses to pandemics in other countries, as this will depend on various country specific factors such as demographic structure, epidemiological conditions and trust in government, to name a few. Overall, our results do suggest that not implementing a mandatory lockdown led to higher excess deaths in Sweden during the Covid-19 pandemic",challenges,1.0,"The passage explicitly concludes that not implementing a mandatory lockdown led to higher excess deaths in Sweden, which directly contradicts the claim that it was the primary cause of a lower excess mortality outcome.",Y,,challenges,0.95,"The passage explicitly concludes that not implementing a mandatory lockdown led to higher excess deaths in Sweden, contradicting the claim that it caused a lower excess mortality outcome.",Y,
t06_sweden_focus/c1/e3/ev-75ba196db695,t06_sweden_focus,Sweden experienced lower excess mortality in 2020-22 than every other European country.,disputed,supports,Cites research showing Sweden's cumulative excess death rate from 2020 through 2022 was lower than any other European nation.,bostonglobe.com,https://www.bostonglobe.com/2023/09/06/opinion/sweden-response-covid-19/,commentary,"We now know the result of Sweden’s wager: By every important measure, Scandinavia’s most populous country weathered the pandemic with better consequences than other nations. Its economy didn’t collapse, its children suffered no learning loss, and it registered no increase in suicides. Most important, Sweden’s excess death rate during the three pandemic years — the increase in mortality from 2020 through 2022 compared with the loss of life during the previous three years — was lower than in any other European nation. The data are summarized in a new study for the Cato Institute by the historian and social researcher Johan Norberg. The policy paper provides convincing evidence that the approach adopted by the United States and other advanced nations — an approach that relied on top-down coercion and sharply curtailed personal freedom — was a mistake",supports,1.0,The passage explicitly states that Sweden's excess death rate from 2020 through 2022 was lower than in any other European nation.,Y,,supports,1.0,The passage explicitly states that Sweden's excess death rate from 2020 through 2022 was lower than in any other European nation.,Y,
t06_sweden_focus/c1/e3/ev-010ed7e9ea20,t06_sweden_focus,Sweden experienced lower excess mortality in 2020-22 than every other European country.,disputed,supports,"Notes that by March 2023, datasets showed Sweden had the lowest excess death rate across Europe for the 2020–2022 period.",fee.org,https://fee.org/articles/laissez-faire-sweden-had-the-lowest-mortality-in-europe-from-2020-2022-new-analysis-shows/,commentary,"Despite the foreboding rhetoric, the worst-case predictions for Sweden never materialized. In fact, they were not even close. In March 2021, it was apparent that Sweden had a lower mortality rate than most European nations. The following year, Sweden boasted one of the lowest mortality rates in Europe. By March 2023, Sweden had the lowest excess death rate in all of Europe, according to some data sets",challenges,0.9,"The passage states that Sweden had the lowest excess death rate in all of Europe 'according to some data sets', whereas the element claims it experienced lower excess mortality than every other European country unconditionally.",N,direction,supports,0.85,"The passage states that Sweden had the lowest excess death rate in all of Europe by March 2023 according to some data sets, which directly supports the element.",Y,
t06_sweden_focus/c1/e3/ev-c503cefd1697,t06_sweden_focus,Sweden experienced lower excess mortality in 2020-22 than every other European country.,disputed,challenges,"ONS cumulative data through mid-2022 places Sweden in a cluster of lowest countries alongside Denmark, Iceland, Luxembourg, and Norway, rather than uniquely lowest.",ons.gov.uk,https://www.ons.gov.uk/peoplepopulationandcommunity/birthsdeathsandmarriages/deaths/articles/comparingdifferentinternationalmeasuresofexcessmortality/2022-12-20,primary,"The five countries with the lowest cumulative excess mortality up to week 26 2022 in the ONS' comparisons of all-cause mortality between European countries and regions release, were amongst the lowest across all measures available; these were Denmark, Iceland, Luxembourg, Norway, and Sweden",challenges,0.9,"The passage lists five countries with the lowest cumulative excess mortality, meaning Sweden was not the single lowest as claimed by the element.",Y,,error,,no response,,
t06_sweden_focus/c1/e3/ev-aed744939436,t06_sweden_focus,Sweden experienced lower excess mortality in 2020-22 than every other European country.,disputed,challenges,"The source states that mortality per capita was higher in Sweden than in neighbouring countries, directly contradicting the claim that Sweden had lower excess mortality than every other European country.",pmc.ncbi.nlm.nih.gov,https://pmc.ncbi.nlm.nih.gov/articles/PMC7537539/,primary,"The PHA aimed to make recommendations that would be tolerated by the public for a prolonged period of time, so that society could keep operating. Excess mortality rose by 11% between March and August 2020, with elderly and ethnic minorities particularly affected. The mortality per capita was higher in Sweden than in neighbouring countries, but lower than in several other European countries that had applied a general lockdown. CONCLUSION This review covers the first eight months since COVID‐19 was first observed in early 2020. It may therefore be premature to evaluate how successful or unsuccessful Sweden's COVID‐19 strategy has been from a long‐term perspective",challenges,1.0,"The passage states that Sweden's mortality per capita was higher than neighbouring countries and only lower than 'several other' European countries, which contradicts the claim that it was lower than every other European country.",Y,,error,,no response,,
t06_sweden_focus/c1/e3/ev-387470b8596c,t06_sweden_focus,Sweden experienced lower excess mortality in 2020-22 than every other European country.,disputed,challenges,"The source notes Sweden had the 23rd lowest annual excess deaths out of 30 European countries, which directly challenges the assertion that it was lower than every other European country.",abcnews.com,https://abcnews.com/amp/International/sweden-avoided-covid-19-lockdown-strategy-worked/story?id=76047258,reporting,"9% excess deaths last year compared to the years 2016-19, according to the independent health news site Dagens Medicin. That means that the country had the 23rd lowest annual excess deaths out of 30 European countries -- lower than the U. Sweden also has a lower number of coronavirus deaths per million than those countries, all of which have gone under strict lockdowns during the pandemic. Pointing to the recent excess mortality studies, Nils Karlson, an economist and political scientist who jointly wrote an op-ed last year in Foreign Affairs entitled “Sweden’s Coronavirus Strategy Will Soon Be the World’s,” is more optimistic. “There was some recent figures showing that if you count excess mortality, Sweden is one of the best countries in Europe,” he told ABC News",challenges,1.0,"The passage states that Sweden had the 23rd lowest annual excess deaths out of 30 European countries, which contradicts the claim that it was lower than every other European country.",Y,,error,,,,
t07_sqlite_busy/c1/e1/ev-d807043c2563,t07_sqlite_busy,"In SQLite, write-ahead logging ensures readers never block writers.",supported,supports,States that the primary benefit of WAL mode is that readers never block writers and writers never block readers.,deepwiki.com,https://deepwiki.com/sqlite/sqlite/3.4-write-ahead-logging-(wal),primary,"- In WAL mode (PRAGMA journal_mode=WAL), database changes are appended to a separate WAL file (<database>.db-wal) rather than being written directly to the database file. - The primary benefit of WAL mode is that readers never block writers and writers never block readers. - Multiple readers can operate concurrently with a single writer.",supports,1.0,"The passage explicitly states that in WAL mode, 'readers never block writers'.",Y,,supports,1.0,The passage explicitly states,Y,
t07_sqlite_busy/c1/e1/ev-1405b90c6d65,t07_sqlite_busy,"In SQLite, write-ahead logging ensures readers never block writers.",supported,supports,"Confirms that in WAL mode, readers never block writers and writers never block readers.",letsbuildsolutions.com,https://letsbuildsolutions.com/blog/system-design/how-sqlite-works-internally-the-b-tree-storage-engine-wal-and-why-it-powers-more-devices-than-any-other-database/,commentary,"- In WAL mode, readers never block writers, and writers never block readers. - Multiple concurrent readers are fully supported in WAL mode. - Only one writer can be active at a time in SQLite as it is a single-writer system at its core.",supports,1.0,"The passage explicitly states that in WAL mode, readers never block writers.",Y,,supports,1.0,"The passage explicitly states that in WAL mode, readers never block writers in SQLite.",Y,
t07_sqlite_busy/c1/e1/ev-78a1653aefa3,t07_sqlite_busy,"In SQLite, write-ahead logging ensures readers never block writers.",supported,supports,Notes that SQLite WAL improves performance by ensuring readers do not block writers.,sqldocs.org,https://sqldocs.org/sqlite-write-ahead-logging/,commentary,- WAL mode provides better concurrency where multiple readers and writers can efficiently access the database simultaneously. - SQLite WAL improves performance by ensuring readers don't block writers and vice versa.,supports,1.0,The passage explicitly states that SQLite WAL improves performance by ensuring readers don't block writers.,Y,,supports,0.98,The passage explicitly states that SQLite WAL improves performance by ensuring readers do not block writers.,Y,
t07_sqlite_busy/c1/e1/ev-d3eacf450aaa,t07_sqlite_busy,"In SQLite, write-ahead logging ensures readers never block writers.",supported,supports,Explains that WAL allows an unlimited number of readers to access the database concurrently while a writer commits.,oldmoe.blog,https://oldmoe.blog/2024/07/08/the-write-stuff-concurrent-write-transactions-in-sqlite/,commentary,"- SQLite, using the Write-Ahead-Log (WAL) journaling mode, supports an unlimited number of readers and a single writer at any given moment. - The Write Ahead Log (WAL) journaling mode allows an unlimited number of readers to access the database even while a single writer is committing its transaction.",challenges,0.95,"The passage describes readers accessing the database while a writer commits, which implies readers do not block writers, but the element incorrectly claims that write-ahead logging ensures readers never block writers (whereas in SQLite, wr…",N,direction,supports,0.9,"The passage states that WAL mode allows an unlimited number of readers to access the database even while a single writer is committing its transaction, supporting the",Y,
t07_sqlite_busy/c1/e1/ev-33479f2e092d,t07_sqlite_busy,"In SQLite, write-ahead logging ensures readers never block writers.",supported,supports,States that enabling WAL mode stops readers from blocking the writer.,builder.ai2sql.io,https://builder.ai2sql.io/blog/sqlite-error-database-is-locked,commentary,"- SQLite's database is locked error means another connection holds a write lock and yours gave up waiting. - SQLite allows one writer at a time. - Enabling WAL mode (PRAGMA journal_mode=WAL) stops readers from blocking the writer. - Setting a busy timeout (PRAGMA busy_timeout=5000) makes a short-lived conflict wait instead of failing instantly. - SQLite ""database is locked"" error (SQLITE_BUSY) occurs when one process holds a write lock and another process tries to write or read at the same time.",challenges,1.0,"The passage states that WAL mode stops readers from blocking the writer, whereas the element claims that WAL ensures readers never block writers (the inverse relationship).",N,direction,supports,1.0,The passage explicitly states that enabling WAL mode stops readers from blocking the writer in SQLite.,Y,
t07_sqlite_busy/c1/e1/ev-452faa47894f,t07_sqlite_busy,"In SQLite, write-ahead logging ensures readers never block writers.",supported,supports,Confirms SQLite's explicit WAL concurrency guarantee that readers do not block writers.,berthub.eu,https://berthub.eu/articles/posts/a-brief-post-on-sqlite3-database-locked-despite-timeout/,commentary,"- When running in WAL mode, SQLite's explicit concurrency promises state that readers do not block writers and a writer does not block readers. - SQLite determines if a transaction is read-only or read-write based on the first statement executed within the transaction if started with BEGIN. - BEGIN IMMEDIATE forces SQLite to start a write transaction immediately. - If you leave a transaction open for too long, the other side will get a SQLITE_BUSY error (database is locked). - If you try to write later in a read-only transaction started with BEGIN, SQLite attempts to upgrade your transaction to a write transaction, which fails immediately with SQLITE_BUSY if another write transaction occurred in the meantime, regardless of the timeout setting.",supports,1.0,"The passage explicitly states that in WAL mode, readers do not block writers.",Y,,supports,0.95,"The passage explicitly states that when running in WAL mode, SQLite guarantees that readers do not block writers.",Y,
t07_sqlite_busy/c1/e1/ev-3455bb3feedd,t07_sqlite_busy,"In SQLite, write-ahead logging ensures readers never block writers.",supported,supports,The source confirms that write-ahead logging allows readers and writers to operate concurrently without blocking.,aimadetools.com,https://www.aimadetools.com/blog/sqlite-concurrent-locked-fix/,commentary,"- WAL (Write-Ahead Logging) allows readers and one writer to operate concurrently. - If you consistently hit locking issues with concurrent writes, it is time to switch to PostgreSQL because SQLite is designed for single-writer workloads.",supports,1.0,"The passage states that WAL allows readers and writers to operate concurrently, which aligns with the element that readers never block writers.",Y,,error,,no response,,
t07_sqlite_busy/c1/e2/ev-4fd0112e365c,t07_sqlite_busy,The fact that readers never block writers in write-ahead logging drives the prevention of SQLITE_BUSY errors.,unresolved,supports,Directly links WAL mode's separation of readers and writers to the elimination of SQLITE_BUSY errors arising from reader-writer conflicts.,errcodes.dev,https://www.errcodes.dev/sqlite/sqlite-busy-database-locked,commentary,- database is locked SQLITE_BUSY (result code 5) is returned when a write operation cannot acquire the necessary database-level lock because another connection holds a conflicting lock. - WAL (Write-Ahead Logging) mode separates readers from writers: readers read the last committed snapshot in the WAL file while a writer appends to the WAL. - WAL mode eliminates most SQLITE_BUSY errors caused by reader-writer conflicts because readers never block writers and writers never block readers.,supports,1.0,The passage explicitly states that WAL mode eliminates most SQLITE_BUSY errors because readers never block writers.,Y,,supports,0.95,The passage explicitly states that WAL mode eliminates most SQLITE_BUSY errors caused by reader-writer conflicts because readers never block writers.,Y,
t07_sqlite_busy/c1/e3/ev-18f05d1fd10f,t07_sqlite_busy,SQLITE_BUSY errors cannot occur under write-ahead logging.,disputed,supports,"Reports that across every tested scenario under WAL mode, zero SQLITE_BUSY errors occurred.",dbpro.app,https://www.dbpro.app/blog/sqlite-is-all-you-need,commentary,"- Under WAL, across every scenario, zero SQLITE_BUSY errors occurred. - Write-Ahead Logging ensures readers do not block the writer and the writer does not block readers.",supports,1.0,"The passage explicitly reports that zero SQLITE_BUSY errors occurred under WAL, which directly supports the claim.",Y,,error,,no response,,
t07_sqlite_busy/c1/e3/ev-d545fde7c51e,t07_sqlite_busy,SQLITE_BUSY errors cannot occur under write-ahead logging.,disputed,challenges,"Explains that if two connections attempt to write at the same time in WAL mode, the second connection receives an SQLITE_BUSY error.",coddy.tech,https://coddy.tech/docs/sqlite/wal-mode-and-concurrency,commentary,"- In WAL mode, a writer and any number of readers can be active at the same moment. - WAL does not give you concurrent writes, and SQLite still serializes writes so that exactly one transaction holds the write lock at any moment. - If two connections both try to write at the same time, the second one gets SQLITE_BUSY. - The fix for concurrent write attempts is usually a sensible busy timeout, such as busy_timeout=5000.",challenges,1.0,"The passage explicitly states that if two connections try to write at the same time in WAL mode, the second one gets SQLITE_BUSY, which directly contradicts the claim that these errors cannot occur under write-ahead logging.",Y,,challenges,0.99,"The passage explicitly states that in WAL mode, if two connections attempt to write simultaneously, the second connection receives a SQLITE_BUSY error.",Y,
t07_sqlite_busy/c1/e3/ev-5af5ed930557,t07_sqlite_busy,SQLITE_BUSY errors cannot occur under write-ahead logging.,disputed,challenges,"States that in production under WAL mode, SQLITE_BUSY errors are expected above roughly 10 to 20 concurrent writers.",sesamedisk.com,https://sesamedisk.com/sqlite-in-production-2026-benchmarks-limits/,commentary,"- Even in WAL mode, only one write transaction can commit at any instant, and multiple readers can proceed concurrently while writers queue up and take turns. - In production, expect SQLITE_BUSY errors above roughly 10 to 20 concurrent writers. - Setting PRAGMA busy_timeout = 5000 makes SQLite retry for up to 5 seconds, but this masks the underlying contention rather than solving it. - WAL mode allows readers to proceed without blocking during writes and reduces write amplification, but it does not change the single-writer constraint. - Two processes that attempt to write simultaneously will still serialize where one succeeds and the other waits or errors.",challenges,1.0,The passage explicitly states that SQLITE_BUSY errors can occur in WAL mode under concurrent writers.,Y,,challenges,1.0,"The passage explicitly states that even in WAL mode, SQLITE_BUSY errors are expected with concurrent writers.",Y,
t07_sqlite_busy/c1/e3/ev-dcd6abe329f0,t07_sqlite_busy,SQLITE_BUSY errors cannot occur under write-ahead logging.,disputed,challenges,Indicates that attempting a second write transaction concurrently in WAL mode immediately returns an SQLITE_BUSY error.,micrologics.org,https://micrologics.org/blog/sqlite-in-production-optimizing-wal-mode-concurrency-and-vfs-layers-for-low-latency-app-servers,commentary,"- In WAL mode, readers and writers do not block each other. - If a second connection attempts to write while a write transaction is active, SQLite immediately returns an SQLITE_BUSY error. - Configuring a busy timeout instructs SQLite to retry acquiring the write lock internally for a specified duration before raising an SQLITE_BUSY exception.",challenges,1.0,The passage explicitly states that SQLite returns an SQLITE_BUSY error if a second connection attempts to write while a write transaction is active in WAL mode.,Y,,challenges,0.98,"The passage explicitly states that in WAL mode, SQLite returns an SQLITE_BUSY error if a second connection attempts to write while a write transaction is active.",Y,
t07_sqlite_busy/c1/e3/ev-46808599a031,t07_sqlite_busy,SQLITE_BUSY errors cannot occur under write-ahead logging.,disputed,challenges,Demonstrates that SQLITE_BUSY can even occur between concurrent read-only queries when opening separate handles in WAL mode.,sqlite.org,https://sqlite.org/forum/info/a1d2263150d6cfc3a367088ee847aa592d0a26f7cdcd5af38e92edcbf47c3c9d,primary,"- In WAL mode, SQLITE_BUSY can happen between read-only users when separate threads create new SQLite handles and perform SELECT queries at the same time.",challenges,1.0,"The passage explicitly states that SQLITE_BUSY errors can happen in WAL mode, which directly contradicts the claim that they cannot occur.",Y,,challenges,0.98,The passage directly contradicts the element by stating that SQLITE_BUSY errors can occur in WAL (write-ahead logging) mode between concurrent read-only queries.,Y,
t07_sqlite_busy/c1/e3/ev-e2fb3dad9113,t07_sqlite_busy,SQLITE_BUSY errors cannot occur under write-ahead logging.,disputed,challenges,"Clarifies that WAL still allows only one writer at a time, meaning concurrent writers can collide and trigger lock timeouts.",sqlprostudio.com,https://www.sqlprostudio.com/blog/60-fixing-database-is-locked-in-sqlite,commentary,"- SQLite locks at the level of the whole database file rather than rows or tables, so one writer anywhere blocks every other writer everywhere. - Out of the box, SQLite does not wait for a contended lock at all, having a default busy timeout of zero milliseconds. - WAL still allows only one writer at a time, so two concurrent writers can still collide, meaning a busy timeout must be kept even after enabling WAL.",challenges,1.0,"The passage explicitly states that two concurrent writers can still collide under WAL and that a busy timeout must be kept, which contradicts the claim that SQLITE_BUSY errors cannot occur under write-ahead logging.",Y,,challenges,0.95,"The passage states that WAL still allows only one writer at a time and concurrent writers can still collide, meaning busy timeouts are still needed.",Y,
t07_sqlite_busy/c1/e3/ev-eeac446e55aa,t07_sqlite_busy,SQLITE_BUSY errors cannot occur under write-ahead logging.,disputed,challenges,Highlights that deferred transactions attempting to write after a concurrent commit return SQLITE_BUSY_SNAPSHOT even in WAL mode.,marchildmann.com,https://marchildmann.com/blog/sqlite-in-production-optimizing-wal-mode-concurrency-and-vfs/,commentary,"- WAL gives you reader-writer concurrency, not write parallelism, and SQLite is still a single-writer database. - Because of the -shm file, all connections must be on the same machine and see the same shared memory, meaning NFS and SMB are out. - A deferred transaction that reads something and then tries to write can cause SQLite to return SQLITE_BUSY_SNAPSHOT right away and skip the busy handler if another connection committed in the meantime. - To avoid stale snapshots and conflicts without bypassing the busy handler, transactions that might write should be declared upfront with BEGIN IMMEDIATE.",challenges,1.0,"The passage explicitly states that a deferred transaction trying to write can cause SQLite to return SQLITE_BUSY_SNAPSHOT, proving that busy errors can still occur under write-ahead logging.",Y,,challenges,0.9,"The passage indicates that under WAL mode, transactions can still trigger busy errors such as SQLITE_BUSY_SNAPSHOT and interact with the busy handler.",Y,
t07_sqlite_busy/c1/e3/ev-595848bc020c,t07_sqlite_busy,SQLITE_BUSY errors cannot occur under write-ahead logging.,disputed,challenges,"Confirms that even in WAL mode, write contention can result in giving up with an SQLITE_BUSY error.",doc.dovecot.org,https://doc.dovecot.org/main/core/config/sql/sqlite.html,primary,"sqlite_busy_timeout |Default 1s |Value |time (milliseconds) |Changes |Advanced Setting; this should not normally be changed. Time to wait for a locked sqlite database to become available before giving up with an SQLITE_BUSY error. Even in write-ahead logging mode (see sqlite_journal_mode) only one writer runs at a time, so concurrent writers may need to wait. Increase this on slow storage where writes contend",challenges,1.0,"The passage explicitly states that an SQLITE_BUSY error can occur even in write-ahead logging mode, which directly contradicts the claim.",Y,,challenges,0.95,"The passage indicates that even in write-ahead logging mode, concurrent writers may need to wait and can give up with an",Y,
t07_sqlite_busy/c1/e3/ev-28cbd10e256b,t07_sqlite_busy,SQLITE_BUSY errors cannot occur under write-ahead logging.,disputed,challenges,"The source notes that conflicting operations can still trigger SQLITE_BUSY exceptions, contradicting the absolute claim that such errors cannot occur.",copyprogramming.com,https://copyprogramming.com/howto/getting-sqlite-busy-exception-sqlite-busy-the-database-file-is-locked-database-is-locked,commentary,"SQLite uses file-level locking to manage access, which means only one writer can modify the database at a time, and conflicting operations immediately trigger the SQLITE_BUSY exception. Understanding the root causes and implementing proper solutions in 2026 involves both traditional timeout ...",challenges,1.0,"The passage states that conflicting operations immediately trigger the SQLITE_BUSY exception, which contradicts the claim that such errors cannot occur.",Y,,neither,0.95,The passage discusses general SQLite locking and SQLITE_BUSY exceptions without mentioning write-ahead logging.,N,neither
t08_ev/c1/e1/ev-b59fe7bd1fdd,t08_ev,How do the greenhouse gas emissions associated with the manufacturing of electric cars compare with those of petrol cars?,supported,supports,Confirms that battery production makes electric vehicles more carbon-intensive to manufacture than conventional gasoline cars.,climate.mit.edu,https://climate.mit.edu/ask-mit/are-electric-vehicles-definitely-better-climate-gas-powered-cars,commentary,"Yes: although electric cars' batteries make them more carbon-intensive to manufacture than gas cars, they more than make up for it by driving much cleaner under nearly any conditions.",supports,1.0,The passage directly answers how greenhouse gas emissions from manufacturing electric cars compare to petrol cars by stating electric cars are more carbon-intensive to manufacture due to their batteries.,Y,,supports,0.95,The passage directly addresses the comparison by stating that electric cars are more carbon-intensive to manufacture than gas cars due to their,Y,
t08_ev/c1/e1/ev-4105c7a2eaa9,t08_ev,How do the greenhouse gas emissions associated with the manufacturing of electric cars compare with those of petrol cars?,supported,supports,States that electric car manufacturing generates 11-14 tonnes of CO2 compared to 7-10 tonnes for petrol car manufacturing.,electriccarscheme.com,https://www.electriccarscheme.com/blog/are-electric-cars-really-better-for-the-environment,commentary,"- According to ICCT research, battery electric cars produce 73% less life-cycle greenhouse gas emissions compared with petrol and diesel counterparts. - On average, an electric car driven in the UK saves around 1–2 tonnes of CO₂ per year, with approximately 1.5 tonnes being a widely cited midpoint. - Electric car manufacturing produces 11-14 tonnes of CO₂, while petrol car manufacturing produces 7-10 tonnes of CO₂. - Most studies place the break-even point for an EV becoming cleaner than a petrol car at 20,000–30,000 miles, or roughly 2–3 years for the average UK driver. - Total lifecycle emissions are 24–32 tonnes of CO₂ for an electric car compared to 43–55 tonnes for a petrol car over 150,000 miles of use.",supports,1.0,The passage provides specific data comparing the greenhouse gas emissions associated with the manufacturing of electric cars versus petrol cars.,Y,,supports,0.95,"The passage directly compares manufacturing emissions, stating that electric car manufacturing produces",Y,
t08_ev/c1/e1/ev-0ff95005498c,t08_ev,How do the greenhouse gas emissions associated with the manufacturing of electric cars compare with those of petrol cars?,supported,supports,Reports that manufacturing an electric vehicle produces 50-70% more greenhouse gas emissions (15-20 tonnes CO2e) than an equivalent petrol car (8-12 tonnes CO2e).,elec.training,https://elec.training/news/the-truth-about-the-environmental-damage-from-electric-cars/,commentary,"- During operation, EVs charged on the UK grid emit roughly 75-80% less CO2 per mile than equivalent petrol vehicles. - The operational advantage of EVs pays back the manufacturing debt within 10,000-11,000 miles, roughly 1.2 years of average driving. - Electric vehicles produce approximately 50-70% more greenhouse gas emissions during manufacturing than equivalent petrol cars. - EV manufacturing produces 15-20 tonnes of CO2e, while petrol car manufacturing produces 8-12 tonnes of CO2e for medium-sized vehicles using 2025-2026 data. - Producing a 60kWh battery pack generates approximately 3-5 tonnes of CO2e. - The UK grid carbon intensity was roughly 140g CO2 per kWh in 2025 and is estimated at 120-125g in 2026.",supports,1.0,The passage explicitly states that electric vehicles produce approximately 50-70% more greenhouse gas emissions during manufacturing than equivalent petrol cars.,Y,,error,,no response,,
t08_ev/c1/e1/ev-7847753c9c44,t08_ev,How do the greenhouse gas emissions associated with the manufacturing of electric cars compare with those of petrol cars?,supported,supports,Indicates that EV manufacturing produces 11 to 14 metric tons of CO2 compared to 6 to 9 metric tons for petrol cars.,recurrentauto.com,https://www.recurrentauto.com/research/just-how-dirty-is-your-ev,commentary,"- Manufacturing an average gas powered sedan creates about six metric tons of carbon dioxide emissions, but manufacturing an electric vehicle of the same size creates more than 10 metric tons of carbon dioxide emissions. - Gas car manufacturing produces 6 to 9 metric tons of CO2, while EV manufacturing produces 11 to 14 metric tons of CO2. - For a single mile, gas cars produce about 400 grams of CO2, and 8,887 grams CO2 per gallon burned. - Over an average lifespan, a new gasoline car will produce an average of 410 grams of carbon dioxide per mile, while a new electric car will produce only 110 grams. - It takes less than 2 years (about 1.4 to 1.9 years) for electric vehicles to catch up and start surpassing gas fueled cars when it comes to lifetime reduction in emissions.",supports,1.0,The passage provides specific data comparing the carbon dioxide emissions generated during the manufacturing of gas-powered cars versus electric vehicles.,Y,,error,,no response,,
t08_ev/c1/e2/ev-0205b0fdd8ff,t08_ev,What does the evidence show regarding the lifecycle carbon emissions of electric cars relative to petrol cars?,supported,supports,Confirms that electric vehicles release fewer lifecycle greenhouse gas emissions than internal combustion engine vehicles even when accounting for battery production.,factcheck.org,https://www.factcheck.org/2024/02/electric-vehicles-contribute-fewer-emissions-than-gasoline-powered-cars-over-their-lifetimes/,reporting,"Q: Are electric cars really better for the environment than gasoline-powered cars over their lifetimes? A: Yes. Electric vehicles typically release fewer greenhouse gas emissions than internal combustion engine vehicles during their life cycles, even after accounting for the increased energy required to make their batteries. And their carbon footprints are expected to get smaller in the near future. FULL QUESTION Hi. I have been sent this facebook post regarding Electric car battery information which does not seem factual to me but I would like to know for sure. FULL ANSWER After seeing various versions of a viral post on social media that plays up the environmental costs of electric vehicles, readers have been asking us if EVs are really better for the environment than conventional gasoline-powered cars. The post, which includes false and misleading claims, shares a photo of a Tesla car battery and is accompanied by a long caption highlighting the minerals and energy needed to manufacture the battery — ultimately claiming that EVs take a full seven years to begin lowering carbon emissions compared with a conventional car. The production and use of all kinds of vehicles and fuels have environmental costs. Large amounts of raw minerals and other materials have to be extracted, manufactured and transported globally to make automobile bodies, engines, batteries and other components. Then the vehicles need to run — either on fuels such as gasoline or diesel, which also need to be extracted, refined, produced and distributed, or on electricity, which is generated from fossil fuels, nuclear power or renewables. And when vehicles no longer work, materials need to be recycled or disposed of. At each of these stages, vehicles are responsible for producing heat-trapping gases, known as greenhouse gases, that contribute to climate change. The total emissions across a vehicle’s lifetime are called life cycle or cradle-to-grave emissions. The transportation sector had the",supports,1.0,The passage explicitly states that electric vehicles typically release fewer greenhouse gas emissions than internal combustion engine vehicles during their life cycles.,Y,,supports,0.95,"The passage explicitly states that electric vehicles typically release fewer greenhouse gas emissions over their life cycles than internal combustion engine vehicles, even when accounting for battery production.",Y,
t08_ev/c1/e2/ev-c93986faf405,t08_ev,What does the evidence show regarding the lifecycle carbon emissions of electric cars relative to petrol cars?,supported,supports,Shows that European electric cars emit over three times less CO2 than petrol cars across various manufacturing and driving scenarios.,transportenvironment.org,https://www.transportenvironment.org/articles/how-clean-are-electric-cars,primary,"- According to T&E, electric cars in Europe emit, on average, more than 3 times less CO2 than equivalent petrol cars. - According to T&E, in the worst case scenario, an electric car with a battery produced in China and driven in Poland still emits 37% less CO2 than petrol. - According to T&E, in the best case scenario, an electric car with a battery produced in Sweden and driven in Sweden can emit 83% less than petrol. - T&E states that electric cars bought in 2030 will reduce CO2 emissions four-fold thanks to an EU grid relying more and more on renewables. - According to T&E, HEVs only achieve a 21% reduction in LCA emissions compared to an equivalent petrol car while PHEV improvements are limited to 26%.",supports,1.0,The passage provides specific data showing that electric cars emit significantly less CO2 over their lifecycle compared to petrol cars across various scenarios.,Y,,supports,0.95,The passage provides specific findings demonstrating that electric cars emit significantly less CO2 across their,Y,
t08_ev/c1/e2/ev-ffd9c7e8bd93,t08_ev,What does the evidence show regarding the lifecycle carbon emissions of electric cars relative to petrol cars?,supported,supports,Details that EV lifecycle emissions range from 37% lower in worst-case grid scenarios to 83% lower in best-case scenarios compared to petrol cars.,transportenvironment.org,https://www.transportenvironment.org/topics/cars/are-electric-cars-cleaner,commentary,"- According to T&E, electric cars in Europe emit, on average, more than 3 times less CO2 than equivalent petrol cars. - According to T&E, in the best case scenario, an electric car with a battery produced in Sweden and driven in Sweden can emit 83% less than an equivalent petrol car. - According to T&E, in the worst case scenario, an electric car with a battery produced in China and driven in Poland still emits 37% less CO2 than petrol. - According to T&E, electric cars bought in 2030 will reduce CO2 emissions four-fold thanks to an EU grid relying more and more on renewables. - According to T&E, HEVs only achieve a 21% reduction in LCA emissions compared to an equivalent petrol car while PHEV improvements are limited to 26%.",supports,1.0,The passage provides specific data showing that electric cars emit significantly fewer lifecycle CO2 emissions compared to petrol cars across various scenarios.,Y,,error,,no response,,
t08_ev/c1/e2/ev-edf2c81bddbf,t08_ev,What does the evidence show regarding the lifecycle carbon emissions of electric cars relative to petrol cars?,supported,supports,Notes the US EPA finding that lifetime greenhouse gas emissions from electric vehicles are lower than those of average gasoline cars.,epa.gov,https://www.epa.gov/greenvehicles/electric-vehicle-myths,primary,"- According to the US EPA, electric vehicles typically have a smaller carbon footprint than gasoline cars, even when accounting for the electricity used for charging. - According to the US EPA, research shows that an EV is typically responsible for lower levels of greenhouse gases than an average new gasoline car. - According to the US EPA, EVs use approximately 87%–91% of energy from the battery and regenerative braking to propel the vehicle, whereas gasoline vehicles only convert about 16–25% of energy from gasoline into movement. - According to the US EPA, the greenhouse gas emissions associated with an electric vehicle over its lifetime are typically lower than those from an average gasoline-powered vehicle, even when accounting for manufacturing.",supports,1.0,The passage explicitly states that the greenhouse gas emissions associated with an electric vehicle over its lifetime are typically lower than those from an average gasoline-powered vehicle.,Y,,error,,no response,,
t08_ev/c1/e2/ev-6817f8d38f39,t08_ev,What does the evidence show regarding the lifecycle carbon emissions of electric cars relative to petrol cars?,supported,supports,"Reports ICCT findings that lifetime emissions of medium-size BEVs are 19% to 69% lower than gasoline cars across Europe, the US, China, and India.",theicct.org,https://theicct.org/publication/a-global-comparison-of-the-life-cycle-greenhouse-gas-emissions-of-combustion-engine-and-electric-passenger-cars/,primary,"- According to the International Council on Clean Transportation, emissions over the lifetime of average medium-size BEVs registered today are already lower than comparable gasoline cars by 66%–69% in Europe, 60%–68% in the United States, 37%–45% in China, and 19%–34% in India. - According to the International Council on Clean Transportation, as the electricity mix continues to decarbonize, the life-cycle emissions gap between BEVs and gasoline vehicles increases substantially when considering medium-size cars projected to be registered in 2030.",supports,1.0,The passage provides specific lifecycle carbon emission comparisons showing that battery electric vehicles produce significantly fewer emissions than gasoline cars across various regions.,Y,,supports,0.95,The passage provides specific findings showing that the lifetime emissions of battery electric vehicles are significantly lower than comparable gasoline cars across multiple regions.,Y,
t08_ev/c1/e2/ev-569cc4912849,t08_ev,What does the evidence show regarding the lifecycle carbon emissions of electric cars relative to petrol cars?,supported,supports,Cites an MIT study finding EVs produce fewer emissions than gas cars almost everywhere.,insideevs.com,https://insideevs.com/features/798615/evs-cleaner-than-gas-cars/,reporting,"A new MIT-led study finds EVs beat gas cars on emissions almost everywhere, but your ZIP code and driving habits decide how big the advantage is.",supports,1.0,"The passage states that EVs beat gas cars on emissions almost everywhere, directly addressing their lifecycle carbon emission advantage.",Y,,error,,no response,,
t08_ev/c1/e2/ev-e24a83e26981,t08_ev,What does the evidence show regarding the lifecycle carbon emissions of electric cars relative to petrol cars?,supported,supports,Provides figures showing EVs emit 30% less carbon over a 12-year lifespan in the UK and up to 70% less in France and Sweden.,goodenergy.co.uk,https://www.goodenergy.co.uk/blog/why-are-evs-better-for-the-environment-than-petrol-and-diesel-cars/,commentary,"- Petrol and diesel powered passenger cars are responsible for around 90 million tonnes of carbon emissions each year based on 2024 research. - Transport is responsible for roughly 28% of the UK’s total emissions. - According to research by Carbon Brief, a new Nissan Leaf will pay back the carbon emitted during manufacturing after less than two years of driving. - Over an average 12-year lifetime, an EV will emit 30% less carbon than a conventional car based on an average annual driving distance of around 7,800km in the UK. - An electric car causes zero direct tailpipe emissions. - In France and Sweden, EVs emit 70% less carbon over their lifetime than a conventional car. - Almost all of an EV can be recycled, including the battery, and most batteries keep at least 70% of their capacity even after 200,000km.",supports,1.0,The passage provides specific data showing that electric vehicles emit less carbon over their lifecycle compared to conventional cars.,Y,,supports,0.95,,Y,
t08_ev/c1/e2/ev-84684a758bac,t08_ev,What does the evidence show regarding the lifecycle carbon emissions of electric cars relative to petrol cars?,supported,supports,Cites European Energy Agency research finding EV lifecycle carbon emissions are 17% to 30% lower than petrol vehicles.,myenergi.com,https://www.myenergi.com/ie/guides/are-electric-cars-better-than-petrol/,commentary,"- Electric vehicles emit no tailpipe pollutants. - Just one electric car can prevent around 1.5 million grams of CO2 from entering the air every year. - The lifecycle carbon emissions of an EV are approximately 17 to 30% lower than those of petrol vehicles, according to research by the European Energy Agency. - The average premium price for an electric car is €550, compared to €486 for a standard petrol car.",supports,1.0,The passage explicitly states that the lifecycle carbon emissions of an EV are 17 to 30% lower than those of petrol vehicles.,Y,,supports,0.95,The passage explicitly provides evidence from the European Energy Agency stating that lifecycle carbon emissions of electric vehicles are approximately 17 to 30% lower than those of petrol vehicles.,Y,
t08_ev/c1/e2/ev-420722bb7b75,t08_ev,What does the evidence show regarding the lifecycle carbon emissions of electric cars relative to petrol cars?,supported,supports,Details international data demonstrating lifetime emissions reductions of 19% to 80% for BEVs compared to gasoline vehicles.,blinkcharging.com,https://blinkcharging.com/blog/how-evs-are-reducing-carbon-co2-emissions,commentary,"- Electric vehicles eliminate tailpipe emissions and boast greater energy efficiency compared to their gasoline counterparts. - A study conducted by the International Council on Clean Transportation (ICCT) found that lifetime emissions of average medium-size BEVs registered today are lower than comparable gasoline cars by 66%–69% in Europe, 60%–80% in the United States, 37%–45% in China, and 19%–34% in India. - An MIT report found that a fully electric vehicle emits about 25 percent less carbon than a comparable hybrid car. - Research conducted by the European Energy Agency states that electric cars emit approximately 17-30% less carbon than gasoline or diesel cars when accounting for the source of electricity generation. - A full replacement of traditional internal combustion engine vehicles with electric vehicles reduces the near-surface air temperature by up to 0.6°C. - In Washington state, where 65.54% of electricity is hydroelectric, driving an EV only produces 705 pounds of annual carbon emissions versus the national average of 2,817 pounds of CO2 for an EV and 12,594 pounds for a gas vehicle.",supports,1.0,The passage provides multiple studies showing that electric vehicles have significantly lower lifetime carbon emissions compared to petrol cars.,Y,,supports,0.95,The passage provides multiple studies demonstrating that electric cars have significantly lower lifetime and lifecycle carbon emissions compared to gasoline cars across various regions.,Y,
t08_ev/c1/e2/ev-39643d894a04,t08_ev,What does the evidence show regarding the lifecycle carbon emissions of electric cars relative to petrol cars?,supported,supports,Cites a 2024 German Federal Environment Agency study showing compact EVs emit 41% less CO2 per kilometre over their life cycle than petrol equivalents.,volkswagen.co.uk,https://www.volkswagen.co.uk/en/electric-and-hybrid/living-electric/discover-electric/the-carbon-footprint-of-electric-cars.html,primary,"- The most obvious benefit of all-electric cars is that they produce zero exhaust particulates and CO2 when driving. - A 2024 life-cycle analysis commissioned by Germany's Federal Environment Agency found that a 2020 compact electric vehicle emits 41% less CO2 per kilometre than a comparable petrol car. - Calculations carried out and published by the Federal Environment Agency in 2024 indicate that a battery-electric car emits 41% fewer CO2 emissions per kilometre than a comparable petrol car. - By recycling old batteries, Volkswagen is able to recover up to 95% of raw materials and use them to manufacture new batteries. - Sodium ion batteries maintain 90% of their capacity in temperatures as low as -40°C. - While electric vehicles eliminate exhaust emissions, all vehicles including EVs produce particulate matter from brake pads, tyres, and road surface degradation due to their heavier weight.",supports,1.0,The passage provides life-cycle analysis findings showing that electric vehicles emit 41% less CO2 per kilometre compared to petrol cars.,Y,,supports,0.95,,Y,
t08_ev/c1/e2/ev-0db660146e1f,t08_ev,What does the evidence show regarding the lifecycle carbon emissions of electric cars relative to petrol cars?,supported,supports,Confirms that lifetime carbon emissions are lower for electric vehicles than for conventional gas-powered cars.,usatoday.com,https://www.usatoday.com/story/news/factcheck/2022/06/09/fact-check-electric-vehicles-emit-less-carbon-over-life-than-gas-cars/9900644002/,reporting,"Fact check: Lifetime carbon emissions lower for electric vehicles than gas-powered cars The claim: Volvo data says it takes a decade for electric vehicles to become 'carbon neutral' The automaker Volvo has committed to selling 100% electric cars by 2030 to slash carbon emissions, the company announced in March 2021. However, a meme circulating on social media claims that the CO2 emissions from electric vehicle manufacturing significantly limits the benefits of the technology for emissions reductions. ""But then Volvo comes out with data ... that electric cars take a decade to become carbon neutral from there (sic) production pollution,"" reads the May 16 Facebook meme. The meme garnered nearly 500 interactions in two days. But the claim is misleading. Electric cars don't become ""carbon neutral,"" since they emit carbon during manufacturing and use – if charged from a grid powered by fossil fuels. ""Carbon neutral"" refers to entities that absorb or otherwise offset their emissions, which isn't the case here. However, after a certain amount of miles powered by a lower-carbon fuel, EVs ""break even"" with traditional vehicles in terms of carbon emissions. After that time, they produce much less carbon, which results in lower emissions over their lifetime. The amount of time required for an EV to break even depends on the vehicle model, driving habits and the energy mix used to charge the EV. USA TODAY reached out to the Facebook user who shared the post for comment.",supports,1.0,The passage explicitly states that electric vehicles produce much lower carbon emissions over their lifetime compared to traditional gas-powered cars.,Y,,supports,,,Y,
t08_ev/c1/e2/ev-810748352771,t08_ev,What does the evidence show regarding the lifecycle carbon emissions of electric cars relative to petrol cars?,supported,supports,The research undertakes a comprehensive assessment of the entire lifecycle carbon emissions and environmental sustainability of electric vehicles.,commons.erau.edu,https://commons.erau.edu/cgi/viewcontent.cgi?article=1042&context=ww-research-methods-rsch202,commentary,"This research undertakes a comprehensive assessment of the entire lifecycle impacts of EVs, particularly highlighting the escalating concern of battery waste ...",neither,1.0,"The passage mentions undertaking an assessment of lifecycle impacts and battery waste, but it does not state any findings regarding the lifecycle carbon emissions of electric cars relative to petrol cars.",N,neither,neither,0.95,"The passage mentions assessing the lifecycle impacts of EVs with a focus on battery waste, but it provides no findings comparing their lifecycle carbon emissions to petrol cars.",N,neither
t08_ev/c1/e3/ev-dc6280c0d0ce,t08_ev,How do the particulate matter emissions from the braking and tire wear of electric cars compare to those of petrol cars?,supported,supports,"Reports that regenerative braking reduces brake dust emissions by 83% in EVs, resulting in 38% lower total non-exhaust particulate pollution compared to petrol cars.",apexmechanicalbg.com,https://www.apexmechanicalbg.com/beyond-the-tailpipe-the-hidden-perks-and-oddities-of-electric-vehicles-and-brake-dust-pollution,commentary,"- According to an EIT Urban Mobility study, EVs cut brake dust pollution by an 83% compared to petrol cars. - According to the study, total non-exhaust particulate pollution is 38% lower in BEVs compared to petrol cars.",supports,1.0,The passage provides specific data showing that brake dust and non-exhaust particulate pollution from electric vehicles are lower compared to petrol cars.,Y,,supports,0.95,The passage directly provides comparative data,Y,
t08_ev/c1/e3/ev-ac9f4f082cc7,t08_ev,How do the particulate matter emissions from the braking and tire wear of electric cars compare to those of petrol cars?,supported,supports,"Explains that regenerative braking substantially reduces brake pad wear compared to petrol vehicles, while noting potential increases in tyre wear due to vehicle weight.",rac.co.uk,https://www.rac.co.uk/drive/electric-cars/running/do-electric-vehicles-produce-more-tyre-and-brake-pollution-than-petrol-and/,reporting,"- Particulate matter is produced by petrol and diesel exhausts, tyres, and brakes. - Environment Secretary George Eustice stated to the House of Commons Environment and Rural Affairs Committee that wear and tear on roads and vehicle weight mean gains from EVs may be less than hoped. - Brake use and wear on electric vehicles is substantially less than on petrol and diesel cars due to regenerative braking. - Volkswagen has switched from brake discs and pads to brake drums on the rear of its ID series of EVs and other MEB platform EVs. - Dundee Taxi Rentals director Ryan Todd notes his 11 electric Nissan Leaf taxis typically have a brake pad lifespan of 80,000 to 100,000 miles, which is four times that of his diesel taxis. - In 2018, Dundee city centre met key air quality targets for the first time as a direct result of the city's switch to EVs. - A press release by Emissions Analytics suggested that particulate matter pollution from car tyre wear can be 1,000 times higher than car exhaust emissions.",supports,0.9,The passage explicitly states that brake use and wear on electric vehicles is substantially less than on petrol and diesel cars due to regenerative braking.,Y,,error,,,,
t08_ev/c1/e4/ev-82033486025b,t08_ev,How does the proportion of renewable energy versus fossil fuels used to charge electric cars compare across different regions?,supported,supports,"Details the US electricity mix in 2023 as 60% fossil fuels, 21% renewables, and 19% nuclear.",scienceinsights.org,https://scienceinsights.org/where-does-the-energy-for-electric-cars-come-from/,commentary,"- In 2023, about 60% of U.S. electricity came from fossil fuels, 21% from renewable sources, and 19% from nuclear energy. - A study comparing a Ford Transit van to its electric counterpart over 150,000 kilometers found the gasoline version produced about 469 grams of CO2 equivalent per kilometer, while the electric version produced about 363 grams. - Producing one kilowatt-hour of lithium-ion battery capacity generated between 41 and 89 kilograms of CO2 equivalent in 2020. - The U.S. grid loses about 5% of electricity during transmission and distribution, based on EIA estimates averaged from 2018 through 2022. - About 25% of EV owners in the U.S. also own a rooftop solar system, according to analysis from the National Renewable Energy Laboratory.",neither,1.0,"The passage provides U.S. electricity generation statistics and EV emissions data, but does not compare the proportion of renewable energy versus fossil fuels used to charge electric cars across different regions.",N,neither,neither,0.95,The passage provides overall U.S. electricity generation statistics but does not compare proportions of renewable energy versus fossil fuels across different regions.,N,neither
t08_ev/c1/e4/ev-11b773af82da,t08_ev,How does the proportion of renewable energy versus fossil fuels used to charge electric cars compare across different regions?,supported,supports,"Shows the UK electricity generation breakdown including 43% total renewables (29% wind, 6% solar, 7% biomass, 1% hydro).",gridserve.com,https://www.gridserve.com/charging-electric-cars-with-renewable-energy/,commentary,"- Renewable energy sources used for electric cars include solar, wind, hydropower, biomass, and geothermal. - GRIDSERVE chargers are powered by 100% net zero carbon energy including power sleeved from hybrid solar and battery farms. - Over the past year in the UK, 29% of energy came from wind, 6% from solar, 7% from biomass, and 1% from hydroelectric. - The UK is transitioning to 100% clean electricity by 2035.",neither,1.0,"The passage provides data on the energy mix for the UK only, but does not compare the proportion of renewable energy versus fossil fuels across different regions as requested by the element.",N,neither,neither,0.95,"The passage only provides data for the UK and a specific charging network, failing to compare proportions of renewable energy versus fossil fuels across different regions.",N,neither
t08_ev/c1/e4/ev-44a498fb6c4f,t08_ev,How does the proportion of renewable energy versus fossil fuels used to charge electric cars compare across different regions?,supported,supports,"Compares Australian regional grids, showing Western Australia relies on over 83% fossil fuels while Tasmania is almost entirely hydro-powered.",iee.ucsb.edu,https://iee.ucsb.edu/news-events/news/are-electric-cars-better-environment-fuel-powered-cars-heres-verdict,commentary,"- Transport accounts for almost 20 per cent and rising of the world's emissions. - The Australian Bureau of Statistics (ABS) estimates the average Australian car drives about 12,600 kilometres a year, or 189,000 over its lifetime. - The petrol SUV produces almost 46 tonnes of carbon over its lifetime on the road. - Combustion cars are not efficient, with about 70 to 80 per cent of energy wasted in heat. - In Western Australia in 2022, more than 83 per cent of electricity came from fossil fuels, mostly gas. - Tasmania powers almost its entire electricity network on hydro. - More than 3 million Australian homes have rooftop solar.",supports,0.9,"The passage provides regional data on electricity generation sources, such as Western Australia relying heavily on fossil fuels and Tasmania using hydro, which directly relates to comparing the proportion of renewable versus fossil energy …",Y,,error,,no response,,
t08_ev/c1/e4/ev-420722bb7b75,t08_ev,How does the proportion of renewable energy versus fossil fuels used to charge electric cars compare across different regions?,supported,supports,"Reports regional electricity mix variations, such as Washington state having 65.54% hydroelectric power.",blinkcharging.com,https://blinkcharging.com/blog/how-evs-are-reducing-carbon-co2-emissions,commentary,"- Electric vehicles eliminate tailpipe emissions and boast greater energy efficiency compared to their gasoline counterparts. - A study conducted by the International Council on Clean Transportation (ICCT) found that lifetime emissions of average medium-size BEVs registered today are lower than comparable gasoline cars by 66%–69% in Europe, 60%–80% in the United States, 37%–45% in China, and 19%–34% in India. - An MIT report found that a fully electric vehicle emits about 25 percent less carbon than a comparable hybrid car. - Research conducted by the European Energy Agency states that electric cars emit approximately 17-30% less carbon than gasoline or diesel cars when accounting for the source of electricity generation. - A full replacement of traditional internal combustion engine vehicles with electric vehicles reduces the near-surface air temperature by up to 0.6°C. - In Washington state, where 65.54% of electricity is hydroelectric, driving an EV only produces 705 pounds of annual carbon emissions versus the national average of 2,817 pounds of CO2 for an EV and 12,594 pounds for a gas vehicle.",neither,0.9,"The passage discusses overall vehicle emissions and mentions specific energy sources in Washington state and Europe/US/China/India, but it does not provide a direct comparison of the proportion of renewable energy versus fossil fuels used …",N,neither,error,,no response,,
t09_sqlite_url/c1/e1/ev-d4a06d06240b,t09_sqlite_url,"SQLite made the Write-Ahead Log option available beginning with version 3.7.0 on July 21, 2010.",unresolved,supports,Notes that SQLite has supported Write-Ahead Logging since version 3.7.0 released on 2010-07-21.,wiki.tnonline.net,https://wiki.tnonline.net/w/Blog/SQLite_Performance_on_Btrfs,commentary,"- SQLite has since version 3.7.0 (2010-07-21) supported a new journaling mode called Write-Ahead Logging, or simply WAL.",supports,1.0,"The passage confirms that SQLite has supported the Write-Ahead Logging mode since version 3.7.0 on July 21, 2010.",Y,,supports,1.0,"The passage explicitly states that SQLite has supported Write-Ahead Logging since version 3.7.0 on July 21, 2010.",Y,
t09_sqlite_url/c1/e1/ev-rec-e1_2_52c5be67,t09_sqlite_url,"SQLite made the Write-Ahead Log option available beginning with version 3.7.0 on July 21, 2010.",unresolved,supports,"States that write-ahead logging was introduced with SQLite 3.7.0 in July 2010, directly matching the claimed version, feature, and date.",sourcefeed.dev,https://sourcefeed.dev/a/the-16-year-race-hiding-in-sqlites-wal,commentary,"For sixteen years, every version of SQLiteshipped with a data race that could silently corrupt a database in WAL mode. It went in with SQLite 3.7.0 in July 2010 — the release that introduced write-ahead logging — and came out in 3.51.3 this March.",supports,1.0,"The passage confirms that SQLite version 3.7.0 introduced write-ahead logging in July 2010, which directly supports the element.",Y,,supports,0.95,The passage confirms that SQLite version 3.7.0 in July 20,Y,
t09_sqlite_url/c2/e1/ev-f3a5ec081d48,t09_sqlite_url,SQLite performs an automatic checkpoint by default when the WAL file reaches a threshold size of 1000 pages.,supported,supports,States that an automatic checkpoint triggers by default after 1000 pages are written to the WAL.,oneuptime.com,https://oneuptime.com/blog/post/2026-03-02-how-to-set-up-sqlite-with-wal-mode-on-ubuntu/view,commentary,"- By default, an automatic checkpoint triggers after 1000 pages are written to the WAL.",supports,1.0,"The passage explicitly states that an automatic checkpoint triggers by default after 1000 pages are written to the WAL, which directly aligns with the element.",Y,,supports,0.95,The passage directly confirms that an automatic checkpoint triggers by default after,Y,
t09_sqlite_url/c2/e1/ev-4f5cba036f44,t09_sqlite_url,SQLite performs an automatic checkpoint by default when the WAL file reaches a threshold size of 1000 pages.,supported,supports,Confirms the factory default for PRAGMA wal_autocheckpoint is 1000 pages.,productionhardening.org,https://productionhardening.org/wal-optimization-concurrency-tuning/checkpoint-frequency-tuning/,commentary,"- SQLite exposes checkpoint frequency primarily through PRAGMA wal_autocheckpoint, which sets the number of WAL pages that trigger an automatic PASSIVE checkpoint at the next commit boundary. - The factory default for PRAGMA wal_autocheckpoint is 1000 pages — roughly 4 MB at the standard 4 KB page size, according to productionhardening.org.",supports,1.0,"The passage explicitly states that the factory default for PRAGMA wal_autocheckpoint is 1000 pages, which triggers an automatic checkpoint.",Y,,supports,1.0,The passage confirms that SQLite's factory default setting for PRAGMA wal_autocheckpoint triggers an automatic checkpoint at 1000 WAL pages.,Y,
t09_sqlite_url/c2/e1/ev-07381f83994a,t09_sqlite_url,SQLite performs an automatic checkpoint by default when the WAL file reaches a threshold size of 1000 pages.,supported,supports,"Notes that SQLite triggers an automatic checkpoint once the WAL reaches 1,000 pages by default.",theconsensus.dev,https://theconsensus.dev/p/2026/08/23/another-look-at-sqlite-wal-reset.html,commentary,"- Once the WAL has reached a threshold size of 1,000 pages (by default), SQLite triggers a checkpoint. - The automatic checkpointer only ever does passive checkpointing.",supports,1.0,"The passage explicitly states that SQLite triggers a checkpoint once the WAL reaches a threshold size of 1,000 pages by default.",Y,,supports,1.0,"The passage directly confirms that SQLite triggers a checkpoint by default once the WAL reaches a threshold size of 1,000 pages.",Y,
t09_sqlite_url/c2/e1/ev-9ec6f64ef35a,t09_sqlite_url,SQLite performs an automatic checkpoint by default when the WAL file reaches a threshold size of 1000 pages.,supported,supports,Indicates automatic checkpoints default to triggering when the WAL reaches 1000 pages.,runebook.dev,https://runebook.dev/en/docs/sqlite/walformat,commentary,"- By default, checkpoints happen automatically when the WAL file reaches a certain size (usually 1000 pages) according to Runebook.dev.",supports,1.0,"The passage explicitly states that checkpoints happen automatically when the WAL file reaches 1000 pages by default, which aligns directly with the element.",Y,,supports,0.95,"The passage confirms that automatic checkpoints occur by default when the WAL file reaches a specific size, typically 1000 pages.",Y,
t09_sqlite_url/c2/e2/ev-a8a662803c5c,t09_sqlite_url,An SQLite database connection defaults to journal_mode=DELETE.,supported,supports,Explicitly confirms that by default SQLite operates in DELETE journal mode.,dev.to,https://dev.to/lumin-playstar/sqlite-wal-mode-10x-performance-for-python-apps-4ic,commentary,"- By default, SQLite operates in DELETE journal mode (or TRUNCATE). - When the WAL file reaches a certain size (default: 1000 pages, configurable via PRAGMA wal_autocheckpoint), an automatic checkpoint is triggered according to the DEV Community article. - Manual checkpointing can be triggered using PRAGMA wal_checkpoint(TRUNCATE);.",supports,1.0,"The passage explicitly states that by default, SQLite operates in DELETE journal mode.",Y,,supports,0.9,The passage states that SQLite operates in DELETE journal mode by default.,Y,
t09_sqlite_url/c2/e2/ev-697a9bfb378b,t09_sqlite_url,An SQLite database connection defaults to journal_mode=DELETE.,supported,supports,Refers directly to SQLite operating in its default setting of journal_mode = DELETE.,news.ycombinator.com,https://news.ycombinator.com/item?id=45006223,commentary,"org/forum/forumpost/ec171a77a3 Because DELETE depends on deleting a file (not modifying file contents), it much depends on the specific file system's (not SQLite's) journaling behavior",neither,1.0,The passage discusses the behavior of the DELETE journal mode but does not mention the default journal mode of an SQLite database connection.,N,neither,neither,0.95,"The passage discusses how the DELETE journal mode works regarding the file system, but it does not state whether it is the default mode.",N,neither
t09_sqlite_url/c2/e2/ev-22bea275c1e2,t09_sqlite_url,An SQLite database connection defaults to journal_mode=DELETE.,supported,supports,The issue description states that multiple sources indicate the default journal mode for SQLite is DELETE.,github.com,https://github.com/dotnet/efcore/issues/36513,primary,"- Notifications You must be signed in to change notification settings - Fork 3. 4k - With Sqlite what is the default journal mode for ms ef core sqlite and we need guidance on setting journal mode #36513 Description Question I have seen in multiple searches that the default journal mode for sqlite is DELETE. However when we run, and do not set the journal mode, a wal file is getting created, so I assume the database goes into WAL mode by default. I have also seen the journal mode stays set across the process, and also that it must be set each time the database is opened. We enable pooling by default, so I am having an issue determining when to set the journal mode",neither,1.0,The passage discusses a user's question and observation about EF Core SQLite creating a WAL file rather than confirming the default journal mode definitively with evidence.,N,neither,error,,no response,,
t09_sqlite_url/c2/e3/ev-e9d97aabd926,t09_sqlite_url,The SQLite journal_mode=WAL setting is persistent across closing and reopening the database.,unresolved,supports,Clarifies that WAL mode is a property of the database file itself rather than the connection.,til.simonwillison.net,https://til.simonwillison.net/sqlite/enabling-wal-mode,commentary,"- WAL is a property of the database file itself, not of the connection to that database.",supports,0.9,The statement that WAL is a property of the database file rather than the connection logically supports the idea that the setting persists across closing and reopening the database.,Y,,supports,0.9,"The passage states that WAL is a property of the database file itself rather than a connection, which supports the claim that the setting persists across closing and reopening the database.",Y,
t11_inflation/c1/e2/ev-a5f53649d595,t11_inflation,A fall in inflation from 10% to 3% mathematically or economically means that prices fell by 7%.,disputed,challenges,"Explains that when inflation falls but remains positive, it is disinflation where prices continue to rise at a slower rate rather than falling.",stlouisfed.org,https://www.stlouisfed.org/publications/page-one-economics/2024/03/01/the-inflation-rate-is-falling-but-prices-are-not,primary,"- Inflation is an increase in the price level, or average level of prices, of goods and services. - The inflation rate is the rate at which the price level is rising. - When the inflation rate falls from 8% to 4%, it is called disinflation, meaning the price level is rising at a slower rate. - Any positive inflation rate number means inflation is occurring and the price level is rising. - It is not until the inflation rate becomes negative that deflation is occurring. - When the annual inflation rate is 4%, the average level of prices still increases by 4% that year. - When the inflation rate decreases, prices do not; it is the rate at which the price level is increasing that has slowed.",challenges,1.0,"The passage explicitly states that when the inflation rate decreases, prices do not fall, but rather increase at a slower rate, which contradicts the claim that a fall in inflation means prices fell.",Y,,challenges,0.98,"The passage directly contradicts the element by explaining that when the inflation rate decreases, prices do not fall, but rather continue to rise at a slower rate.",Y,
t11_inflation/c1/e2/ev-a10babce7bf6,t11_inflation,A fall in inflation from 10% to 3% mathematically or economically means that prices fell by 7%.,disputed,challenges,States that a reduction in inflation (disinflation) means prices grow more slowly rather than coming down.,fiscallab.org,https://fiscallab.org/inflation/the-price-level/,commentary,"- A reduction in inflation is called disinflation, which means that prices are growing more slowly rather than coming down. - When the price level falls, that is called deflation.",challenges,1.0,"The passage explicitly states that a reduction in inflation means prices are still growing rather than coming down, which contradicts the claim that a fall in inflation means prices fell.",Y,,challenges,0.98,The passage explicitly contradicts the element by stating that a reduction in inflation means prices are growing,Y,
t11_inflation/c1/e2/ev-8568460452b0,t11_inflation,A fall in inflation from 10% to 3% mathematically or economically means that prices fell by 7%.,disputed,challenges,"Notes that a fall in inflation does not mean prices are falling, but rather that prices are not rising as fast.",bbc.com,https://www.bbc.com/news/articles/c722gm1zrx4o,reporting,"Energy prices had soared in the wake of disruption to Russian oil and gas imports. Liz Truss's tax-cutting mini-budget was piling more demand into prices. The fall in price inflation does not mean that prices are falling. Some fall, but overall, the cost of that basket is now not rising as fast. And while inflation is down and back on target, the past two years have left prices much higher than they were",challenges,1.0,"The passage explicitly states that a fall in price inflation does not mean that prices are falling, directly contradicting the element's claim.",Y,,challenges,0.95,"The passage explicitly states that a fall in price inflation does not mean prices are falling, but rather that they are not rising as fast.",Y,
t11_inflation/c1/e2/ev-f6b638871e47,t11_inflation,A fall in inflation from 10% to 3% mathematically or economically means that prices fell by 7%.,disputed,challenges,"Clarifies that during disinflation the price level still increases, and positive inflation means prices are higher than the year before.",bankofcanada.ca,https://www.bankofcanada.ca/2025/10/difference-between-price-level-and-inflation/,primary,"- According to the Bank of Canada, inflation measures the change in prices by comparing the current price level of the basket of goods and services to the price level one year ago. - According to the Bank of Canada, even if inflation is only 1%, it means the price level has increased 1% from the year before. - According to the Bank of Canada, during times of disinflation, the price level still rises but more slowly than it did before. - According to the Bank of Canada, when the overall price level actually falls, that is called deflation.",challenges,1.0,"The passage explains that even with lower positive inflation (such as 1%), the price level still rises rather than falls, directly contradicting the idea that a drop in inflation means prices fell.",Y,,challenges,0.95,"The passage explains that during disinflation prices still rise more slowly rather than falling, and that any positive inflation rate means prices increased, which contradicts",Y,
t11_inflation/c1/e2/ev-d11f86e5ad72,t11_inflation,A fall in inflation from 10% to 3% mathematically or economically means that prices fell by 7%.,disputed,challenges,"Explains that a drop in inflation means prices are rising more slowly, contradicting the claim that prices fell.",gov.uk,https://www.gov.uk/government/news/what-does-lower-inflation-mean-for-you,primary,"- Inflation measures the change in prices of goods and services in the economy. - A drop in inflation means that prices are now rising more slowly, according to an economist from the Treasury.",challenges,0.95,The passage explains that a drop in inflation means prices are still rising more slowly rather than falling by 7%.,Y,,challenges,0.95,"The passage explains that a drop in inflation means prices are still rising, but more slowly, directly contradicting the element's assertion that prices fell.",Y,
t11_inflation/c1/e2/ev-57ef5298313e,t11_inflation,A fall in inflation from 10% to 3% mathematically or economically means that prices fell by 7%.,disputed,challenges,"States that falling inflation means the rate of price increases is slowing down, not that prices are going down.",cssh.northeastern.edu,https://cssh.northeastern.edu/yes-inflation-is-going-down-but-heres-why-prices-arent/,commentary,"- According to William Hauk, assistant professor in the Department of Economics at the University of South Carolina, if inflation goes down, it means that the rate at which prices increase is slowing down, but it generally is not going to mean that prices are going down. - According to CPI data, grocery store prices are now almost 25% more expensive than pre-pandemic levels. - The July consumer-price index shows an annual inflation rate of 2.9%, according to new data from the U.S. Bureau of Labor Statistics revealed on Wednesday. - In June, the rate of inflation fell 0.1%, marking the lowest monthly growth rate since May 2020 and a two-thirds decrease from June 2022.",challenges,1.0,The passage explicitly states that falling inflation means the rate of price increase is slowing down and does not mean that prices are going down.,Y,,challenges,0.95,"The passage explains that when inflation decreases, the rate of price increases slows down rather than prices actually going down, directly contradicting the element's claim that a fall in inflation means prices fell.",Y,
t11_inflation/c1/e2/ev-f43cc7db94e2,t11_inflation,A fall in inflation from 10% to 3% mathematically or economically means that prices fell by 7%.,disputed,challenges,"Reports that although inflation fell significantly, prices did not fall and instead rose less quickly.",bbc.com,https://www.bbc.com/news/articles/c17rgd8e9gjo,reporting,"1% figure reached in October 2022 as gas and oil prices soared in the wake of Russia's full-scale invasion of Ukraine. That was the highest rate for 40 years. Although inflation has fallen significantly since then, prices have not fallen. They have just risen less quickly. The higher figure for July was mostly caused by a 13% rise in the price cap on gas and electricity costs, which added £221 a year to the typical household's bill",challenges,1.0,"The passage explicitly states that although inflation has fallen, prices have not fallen, which contradicts the mathematical or economic misconception that a fall in the inflation rate means prices decreased.",Y,,challenges,0.95,"The passage explicitly explains that when inflation falls, prices do not fall but merely rise less quickly, contradicting the claim that a drop in inflation means prices fell.",Y,
t11_inflation/c1/e2/ev-10573007436c,t11_inflation,A fall in inflation from 10% to 3% mathematically or economically means that prices fell by 7%.,disputed,challenges,"Explains that a falling inflation rate does not equate to falling prices, as prices were still higher than the previous year.",usatoday.com,https://www.usatoday.com/story/money/personalfinance/2026/07/15/inflation-gas-prices-june-cpi-consumers/90932834007/,reporting,"- According to USA Today, a falling inflation rate doesn’t necessarily equate to falling prices. - According to USA Today, even though the inflation rate dropped in June, prices were still 3.5% higher than a year earlier. - According to USA Today, when the annual inflation rate falls from one month to the next, it typically means that prices are falling, or rising at a slower rate than before.",challenges,1.0,"The passage explicitly states that a falling inflation rate doesn't equate to falling prices, contradicting the element's claim that a drop in inflation mathematically or economically means prices fell.",Y,,error,,no response,,
t11_inflation/c1/e2/ev-5862535a23bb,t11_inflation,A fall in inflation from 10% to 3% mathematically or economically means that prices fell by 7%.,disputed,challenges,"Confirms that even with falling inflation, prices continue to rise compared to the prior year, just at a slower rate.",bbc.co.uk,https://www.bbc.co.uk/news/business-64290160,reporting,"- According to the Office for National Statistics, UK inflation was 4.6% in the year to October. - According to the Office for National Statistics, prices are still rising quite sharply compared to a year ago, just at a slower rate than they have been.",challenges,1.0,"The passage explains that prices are still rising despite a slower inflation rate, which contradicts the claim that a drop in inflation means prices fell.",Y,,error,,,,
t11_inflation/c1/e2/ev-0ade77332d0e,t11_inflation,A fall in inflation from 10% to 3% mathematically or economically means that prices fell by 7%.,disputed,challenges,"Defines a positive slowing inflation rate as disinflation, during which prices maintain an overall upward movement.",stlouisfed.org,https://www.stlouisfed.org/open-vault/2025/july/differences-prices-inflation-explained,commentary,"- According to stlouisfed.org, inflation is a general, sustained upward movement in the price level, or in overall prices over a certain period of time, rather than in the price of a single item. - According to stlouisfed.org, a slowing of the inflation rate, while remaining positive, is known as disinflation.",challenges,1.0,"The passage defines inflation as an upward movement in the price level and a slowing rate as disinflation, which contradicts the claim that a drop in inflation means prices fell.",Y,,error,,no response,,
t11_inflation/c1/e2/ev-rec-e1_4_baa547bc,t11_inflation,A fall in inflation from 10% to 3% mathematically or economically means that prices fell by 7%.,disputed,challenges,"Explains that a fall in the inflation rate means prices are still rising at a slower rate, whereas falling prices (deflation) require a negative inflation rate, contradicting the claim that falling inflation means prices fell.",economicshelp.org,https://www.economicshelp.org/blog/219555/economics/difference-between-falling-inflation-and-falling-prices/,commentary,"A fall in the inflation rate means that prices are rising at a slower rate (called disinflation) A fall in prices means prices are actually going down. This means a negative inflation rate (called deflation) Recently, there was a fall in the ...",challenges,1.0,"The passage explicitly distinguishes between a fall in inflation (prices rising at a slower rate) and a fall in prices (deflation), contradicting the claim that lower inflation means prices fell.",Y,,challenges,0.95,The passage contradicts the claim by stating that a fall in the inflation rate means prices are still rising at a slower rate rather than actually falling.,Y,
t11_inflation/c1/e2/ev-rec-e1_5_17ce0edf,t11_inflation,A fall in inflation from 10% to 3% mathematically or economically means that prices fell by 7%.,disputed,challenges,"States that inflation can fall while prices keep rising—for instance, if inflation drops from 8 to 3 percent, everything is still getting more expensive—directly challenging the idea that a drop in inflation means prices fell.",memmo.org,https://www.memmo.org/en/magazine/inflation,commentary,"The price level has risen 3 per cent over twelve months. Two traps are worth knowing before an exam. First, inflation can fall while prices keep rising – if inflation drops from 8 to 3 per cent, everything is still getting more expensive, just more slowly. Falling prices require negative inflation, meaning deflation. Second, the base effect: an unusually high index last year mechanically produces a low inflation figure this year, without anything having changed in the economy right now",challenges,1.0,"The passage explicitly states that falling inflation means prices are still rising, just more slowly, which contradicts the claim that a drop in inflation means prices fell.",Y,,challenges,1.0,"The passage explicitly states that when inflation falls to a lower positive percentage, prices continue to rise rather than fall, as falling prices require negative inflation.",Y,
t12_venus_image/c1/e1/ev-fe24ffebe866,t12_venus_image,Venus is a planet in the Solar System.,supported,supports,Explicitly confirms that Venus is the second planet from the Sun in the solar system.,science.nasa.gov,https://science.nasa.gov/venus/,primary,"- Venus is the second planet from the Sun, and the sixth largest planet. - Venus is the hottest planet in our solar system. - Venus has a surface hot enough to melt lead.",supports,1.0,"The passage explicitly identifies Venus as a planet in our solar system, which directly supports the element.",Y,,supports,1.0,The passage explicitly states that Venus is the hottest planet in our solar system and the second planet from the Sun.,Y,
t12_venus_image/c1/e2/ev-bb86ce72ee6d,t12_venus_image,Venus has a higher surface temperature than every other planet in the Solar System.,supported,supports,Confirms Venus is the hottest planet in the solar system with surface temperatures of about 467 °C (872 °F).,science.nasa.gov,https://science.nasa.gov/venus/venus-facts/,primary,"- Venus is the hottest planet in our solar system. - Its thick atmosphere traps heat in a runaway greenhouse effect, making it the hottest planet in our solar system with surface temperatures hot enough to melt lead — about 872 degrees Fahrenheit (467 Celsius).",supports,1.0,"The passage explicitly states that Venus is the hottest planet in the solar system, which directly supports the claim that its surface temperature is higher than every other planet.",Y,,supports,1.0,The passage directly states that Venus is the hottest planet in the solar system due to its high surface temperatures.,Y,
t12_venus_image/c1/e2/ev-39413378d262,t12_venus_image,Venus has a higher surface temperature than every other planet in the Solar System.,supported,supports,"Reports Venus has the hottest surface temperature of any planet in the solar system, averaging 450 °C (842 °F).",worldatlas.com,https://www.worldatlas.com/space/why-is-venus-the-hottest-planet.html,commentary,"- Venus has the hottest surface temperature of any planet in the solar system, averaging at 842 degrees Fahrenheit (450 degrees Celsius). - Venus reflects about 70% of the sunlight that hits it. - The atmosphere of Venus is extremely dense, having a density 90 times greater than the atmospheric density on Earth. - 96% of Venus’s atmosphere is carbon dioxide. - Venus experiences a runaway greenhouse effect, causing Venus to have the highest surface temperature in the solar system.",supports,1.0,The passage explicitly states that Venus has the hottest surface temperature in the solar system.,Y,,supports,1.0,The passage explicitly states that Venus has the hottest surface temperature of any planet in the solar system.,Y,
t12_venus_image/c1/e2/ev-fe24ffebe866,t12_venus_image,Venus has a higher surface temperature than every other planet in the Solar System.,supported,supports,States directly that Venus is the hottest planet in our solar system.,science.nasa.gov,https://science.nasa.gov/venus/,primary,"- Venus is the second planet from the Sun, and the sixth largest planet. - Venus is the hottest planet in our solar system. - Venus has a surface hot enough to melt lead.",supports,1.0,"The passage explicitly states that Venus is the hottest planet in our solar system, which directly supports the claim that it has a higher surface temperature than every other planet.",Y,,supports,1.0,"The passage explicitly states that Venus is the hottest planet in our solar system, which directly supports the claim that it has a higher temperature than every other planet in the Solar System.",Y,
t12_venus_image/c1/e2/ev-aba751eb759c,t12_venus_image,Venus has a higher surface temperature than every other planet in the Solar System.,supported,supports,"Confirms Venus is the hottest planet in the Solar System, maintaining an average surface temperature of 464 °C.",nature.com,https://www.nature.com/articles/s44172-026-00647-y,primary,- Venus is the hottest planet in the Solar System. - Venus sustains an average surface temperature of 464 °C.,supports,1.0,"The passage explicitly states that Venus is the hottest planet in the Solar System, which directly supports the claim that it has a higher surface temperature than every other planet.",Y,,supports,1.0,The passage explicitly states that Venus is the hottest planet in the Solar System with an average surface temperature of 464 °C.,Y,
t12_venus_image/c1/e2/ev-604637313999,t12_venus_image,Venus has a higher surface temperature than every other planet in the Solar System.,supported,supports,Provides average surface temperature data consistent with Venus being extremely hot.,reddit.com,https://www.reddit.com/r/space/comments/1ep2gd/one_of_the_first_photos_of_the_surface_of_venus/,commentary,The average temperature of the surface is around 460 degrees Celsius,neither,1.0,The passage provides Venus's surface temperature but does not mention or compare it to other planets in the Solar System.,N,neither,error,,no response,,
t13_sweden/c1/e1/ev-842a98804320,t13_sweden,Sweden chose not to impose a general lockdown during the 2020-22 period.,supported,supports,Confirms that Sweden decided not to implement a mandatory lockdown in March 2020 unlike many other countries.,nature.com,https://www.nature.com/articles/s41598-023-45934-2,primary,"- In contrast to several countries that intervened by imposing strict lockdown measures in March 2020, Sweden decided to not implement a mandatory lockdown. - Compared to the average number of deaths in the previous 5 years, 7144 more Swedes died in the year 2020.",supports,1.0,"The passage explicitly states that Sweden decided not to implement a mandatory lockdown, which directly aligns with the element.",Y,,supports,0.95,The passage explicitly states that Sweden decided not to implement a mandatory lockdown in 2020.,Y,
t13_sweden/c1/e1/ev-aed744939436,t13_sweden,Sweden chose not to impose a general lockdown during the 2020-22 period.,supported,supports,States that Sweden's response involved no general lockdown and focused on mitigation rather than suppression.,pmc.ncbi.nlm.nih.gov,https://pmc.ncbi.nlm.nih.gov/articles/PMC7537539/,primary,"- Sweden's response was less invasive than many other countries, with no general lockdown, focusing on mitigation rather than stopping the pandemic.",supports,1.0,"The passage explicitly states that Sweden had no general lockdown during its pandemic response, which directly supports the element.",Y,,supports,0.95,The passage explicitly states that Sweden's response involved no general lockdown during the pandemic.,Y,
t13_sweden/c1/e1/ev-0ef47dcd1457,t13_sweden,Sweden chose not to impose a general lockdown during the 2020-22 period.,supported,supports,Identifies Sweden as one of the countries that never enacted a lockdown with legally binding stay-at-home orders.,bbc.com,https://www.bbc.com/future/article/20250304-the-countries-that-never-locked-down-for-covid-19,reporting,"- Sweden, Taiwan, Uruguay, Iceland, and a few others never enacted a lockdown that involved severe restrictions on the movement of people, such as legally binding stay-at-home orders applied across large swathes of the population. - A study published in May 2024 by Ingeborg Forthun and other researchers compared excess deaths in Sweden, Norway, Denmark, and Finland during the first years of the pandemic. - Researchers found a noticeable spike in excess deaths in Sweden during the initial waves of the pandemic in the spring and winter of 2020.",supports,1.0,The passage explicitly states that Sweden never enacted a lockdown that involved severe restrictions on the movement of people.,Y,,supports,0.95,The passage explicitly states that Sweden never enacted a lockdown involving severe restrictions on movement or stay-at-home orders across large swathes of the population.,Y,
t13_sweden/c1/e1/ev-011898bf80f3,t13_sweden,Sweden chose not to impose a general lockdown during the 2020-22 period.,supported,supports,Confirms Sweden relied on voluntary guidelines and personal responsibility rather than mandatory lockdowns during COVID-19.,scienceinsights.org,https://scienceinsights.org/how-did-sweden-handle-covid-and-what-were-the-results/,commentary,"- Sweden relied on voluntary guidelines and personal responsibility rather than mandatory lockdowns during COVID-19. - Over the full three-year period from 2020 to 2022, compared to the 2017 to 2019 baseline, Sweden saw 4.4% more deaths while Norway saw 5.0% more deaths. - Sweden's GDP contracted by 2.2% in 2020, compared to an EU average decline of 6.4%. - During 2020, Sweden fared notably worse than its Nordic neighbors, with sixty percent of Sweden’s excess deaths over the entire 2020 to 2022 period occurring in that first year. - Sweden's government-appointed Corona Commission concluded in its 2022 final report that the core strategy was ""fundamentally correct"" but that early measures were ""too few and should have come sooner.""",supports,1.0,The passage explicitly states that Sweden relied on voluntary guidelines and personal responsibility rather than mandatory lockdowns during COVID-19.,Y,,supports,0.95,The passage explicitly states that Sweden relied on voluntary guidelines and personal responsibility rather than mandatory lockdowns during COVID-19 across the 2020 to 2022 period.,Y,
t13_sweden/c1/e1/ev-c40c7ca12835,t13_sweden,Sweden chose not to impose a general lockdown during the 2020-22 period.,supported,supports,"The evidence outlines Sweden's specific governmental restrictions, confirming it did not impose a general lockdown.",pmc.ncbi.nlm.nih.gov,https://pmc.ncbi.nlm.nih.gov/articles/PMC7717265/,primary,"- Sweden counts COVID-19 deaths as all deaths occurring among individuals with confirmed COVID-19. - In Sweden, the governmental restrictions to fight the virus have mainly consisted of a recommendation to work from home and not to use public transport, to restrict meetings or events to 50 people, to digital teaching at high schools and universities, and to keep a distance of 2 m to other people.",supports,0.9,"The passage details specific, limited governmental restrictions in Sweden rather than a general lockdown, making the claim that Sweden chose not to impose a general lockdown more likely true.",Y,,error,,,,
t13_sweden/c1/e3/ev-486a5114439c,t13_sweden,Sweden experienced lower excess mortality in 2020-22 than every other European country.,disputed,challenges,"Finds that Sweden's 2020-2022 excess mortality rate of 158 per 100,000 ranked 37th of 42 European countries, with nations like Luxembourg (46), Denmark (97), and Norway (129) recording lower rates.",frontiersin.org,https://www.frontiersin.org/journals/public-health/articles/10.3389/fpubh.2023.1206732/full,primary,"- In Sweden, the excess mortality rate of 158/100,000 was among the lowest, ranked 37th among 42 countries, and not very different from other Nordic countries: Norway (129), Denmark (97), and Finland (228). - Among 42 European countries, the cumulative excess all-cause mortality from January 2020 to December 2022 ranged from 46 (Luxembourg) to 1,080 (Bulgaria) deaths per 100,000 inhabitants, with a median of 351/100,000. - Excess mortality in Sweden was estimated to be 85/100,000 in 2020. - Excess mortality in Sweden during the second and third years of the pandemic (2021-2022) was 69/100,000.",challenges,1.0,"The passage states that Sweden's excess mortality ranked 37th among 42 countries, which directly contradicts the claim that it was lower than every other European country.",Y,,challenges,0.98,"The passage shows that Sweden's excess mortality rate was ranked 37th among 42 countries and was higher than several other European countries, including Norway, Denmark, and Luxembourg.",Y,
t13_sweden/c1/e3/ev-e58856a4a31f,t13_sweden,Sweden experienced lower excess mortality in 2020-22 than every other European country.,disputed,supports,Cites a March 2023 report showing Sweden's 2020-2022 excess mortality was the lowest compared to other EU and Nordic countries.,pmc.ncbi.nlm.nih.gov,https://pmc.ncbi.nlm.nih.gov/articles/PMC12048725/,primary,"- A report in March 2023 stated that Sweden's excess mortality was lowest in 2020-2022 compared with other European Union and Nordic countries. - Total excess mortality for the years 2020-2022 was 11,897 individuals in Sweden and 6089 in Norway. - In Sweden, 60% of excess mortality was observed in 2020, 8% in 2021 and 32% in 2022. - Norway had 5.0% more deaths in 2020-2022 compared with 2017-2019, and Sweden 4.4%.",challenges,1.0,"The element claims Sweden had lower excess mortality than every other European country, but the passage states it was lowest compared only to other European Union and Nordic countries, and explicitly notes that Norway had fewer total exces…",N,direction,error,,,,
t13_sweden/c1/e3/ev-75ba196db695,t13_sweden,Sweden experienced lower excess mortality in 2020-22 than every other European country.,disputed,supports,Cites a Cato Institute analysis showing Sweden's pandemic excess death rate was lower than that of any other European country.,bostonglobe.com,https://www.bostonglobe.com/2023/09/06/opinion/sweden-response-covid-19/,commentary,"- According to a study for the Cato Institute by Johan Norberg, Sweden's excess death rate from 2000 through 2022 compared with the previous three years was lower than in any other European nation. - According to Norberg's study, Sweden's excess-death rate during the pandemic was just 4.4 percent higher than the previous norm. - According to Norberg, Sweden's excess-death rate was less than half of the European average of 11.1 percent and lower than the 6.77 percent average of its Nordic neighbors.",supports,1.0,The passage explicitly states that Sweden's excess death rate was lower than in any other European nation.,Y,,error,,no response,,
t13_sweden/c1/e3/ev-c3599202994d,t13_sweden,Sweden experienced lower excess mortality in 2020-22 than every other European country.,disputed,challenges,"Notes that UK ONS data showed Sweden and Norway tied for lowest excess mortality, while OECD data showed Norway lower than Sweden.",reason.com,https://reason.com/volokh/2023/01/10/no-lockdown-sweden-seemingly-tied-for-lowest-all-causes-mortality-in-oecd-since-covid-arrived/,commentary,"- A recent UK Office of National Statistics report says that Sweden and Norway were essentially tied for the lowest proportional all-cause excess-mortality scores among listed European countries, looking at data from Jan. 2020 to June 2022. - Excess mortality for Sweden and Norway was up 2.7%, compared to 5.2% for Denmark, 7.1% for Finland, and 11.8% for the Netherlands, according to a UK report. - Based on OECD data from Mar. 2020 to Oct. 2022, Sweden had an aggregate excess mortality percentage of 2.79, compared to 4.28 for Norway and 6.12 for Denmark.",challenges,1.0,"The passage states that Sweden and Norway were essentially tied for the lowest excess mortality, meaning Sweden did not experience lower excess mortality than every other European country.",Y,,error,,no response,,
t13_sweden/c1/e3/ev-9bc67f924e02,t13_sweden,Sweden experienced lower excess mortality in 2020-22 than every other European country.,disputed,challenges,"The evidence shows that Denmark, Finland, and Norway experienced excess mortality in 2022 while Sweden had it in 2020, challenging the claim that Sweden had lower excess mortality than every other European country across the entire period.",healthdata.org,https://www.healthdata.org/research-analysis/library/excess-mortality-denmark-finland-norway-and-sweden-during-covid-19,primary,"- While Sweden experienced excess mortality in 2020 (75 excess deaths per 100 000 population), Denmark, Finland and Norway experienced excess mortality in 2022 (52, 130 and 88, respectively).",neither,1.0,"The passage provides specific excess mortality figures for a few countries in specific years, but does not contain information comparing Sweden's excess mortality to *every other European country* for the entire 2020-22 period.",N,neither,error,,no response,,
t13_sweden/c1/e3/ev-eeaa1fbe4356,t13_sweden,Sweden experienced lower excess mortality in 2020-22 than every other European country.,disputed,challenges,"The data shows that Norway, Denmark, and Finland had lower excess mortality than Sweden in 2020, directly contradicting the claim that Sweden was lower than every other European country.",aljazeera.com,https://www.aljazeera.com/news/2021/3/24/swedens-2020-death-spike-lower-than-much-of-europe-data-shows,reporting,"- Preliminary data from EU statistics agency Eurostat compiled by Reuters showed Sweden had 7.7 percent more deaths in 2020 than its average for the preceding four years. - Countries that opted for several periods of strict lockdowns, such as Spain and Belgium, had excess mortality of 18.1 percent and 16.2 percent respectively in 2020. - Twenty-one of the 30 countries with available statistics had higher excess mortality than Sweden in 2020. - Denmark registered just 1.5 percent excess mortality and Finland one percent in 2020, while Norway had no excess mortality at all in 2020. - An analysis by the United Kingdom's Office for National Statistics placed Sweden 18th in a ranking of 26 countries for excess mortality after adjusting for differences in age structures and seasonal mortality patterns.",challenges,1.0,"The passage explicitly states that countries like Denmark, Finland, and Norway had lower excess mortality than Sweden, and that twenty-one other countries had higher excess mortality, which directly contradicts the claim that Sweden experi…",Y,,error,,,,
t13_sweden/c1/e3/ev-da381640a638,t13_sweden,Sweden experienced lower excess mortality in 2020-22 than every other European country.,disputed,challenges,"The evidence shows several European countries such as Germany had better death rates than Sweden, contradicting the claim that Sweden had lower mortality than every other European country.",latimes.com,https://www.latimes.com/business/story/2022-03-31/sweden-covid-policy-was-a-disaster,commentary,"- According to the Johns Hopkins pandemic tracker, Sweden's total death rate from February 2020 through the week of publication was 1,790 per million population. - Sweden's total death rate was better than the U.S. (2,939), Britain (2,420), and France (2,107), but worse than Germany (1,539), Canada (984), and Japan (220), according to Johns Hopkins. - Sweden's death rate was worse than its Nordic neighbors Denmark (961), Norway (428), and Finland (538), according to Johns Hopkins.",challenges,1.0,"The passage explicitly states that Sweden's death rate was worse than several other European countries such as Germany, Denmark, Norway, and Finland, which contradicts the claim that it experienced lower excess mortality than every other E…",Y,,error,,no response,,
t13_sweden/c1/e3/ev-010ed7e9ea20,t13_sweden,Sweden experienced lower excess mortality in 2020-22 than every other European country.,disputed,supports,The analysis supports the claim by stating Sweden had the lowest cumulative age-standardized mortality rate in all of Europe from January 2020 to August 2022.,fee.org,https://fee.org/articles/laissez-faire-sweden-had-the-lowest-mortality-in-europe-from-2020-2022-new-analysis-shows/,commentary,"- According to Danish economist Bjørn Lomborg's statistical analysis based on government data from January 2020 to August 2022, Sweden had the lowest cumulative age-standardized mortality rate in all of Europe in that period.",supports,1.0,"The passage provides statistical analysis indicating that Sweden had the lowest cumulative age-standardized mortality rate in Europe during a comparable timeframe, making the claim of lower excess mortality more likely true.",Y,,error,,no response,,
t13_sweden/c1/e3/ev-387470b8596c,t13_sweden,Sweden experienced lower excess mortality in 2020-22 than every other European country.,disputed,challenges,"The evidence notes Sweden recorded the 23rd lowest annual excess deaths out of 30 European countries, directly contradicting the assertion that it was lower than every other European country.",abcnews.com,https://abcnews.com/amp/International/sweden-avoided-covid-19-lockdown-strategy-worked/story?id=76047258,reporting,"- According to data from Eurostat and the University of Oxford, Sweden recorded 7.9% excess deaths last year compared to the years 2016-19, according to the independent health news site Dagens Medicin. - Sweden recorded the 23rd lowest annual excess deaths out of 30 European countries. - Sweden's excess death rate of 7.9% was lower than the U.K. (15.1%), France (10.4%) and Spain (18.9%). - Care home residents have made up around half of Sweden’s total death toll, with a further quarter of the deaths being seen amongst over 70s who receive care at home.",challenges,1.0,"The passage states that Sweden recorded the 23rd lowest annual excess deaths out of 30 European countries, which contradicts the claim that it experienced lower excess mortality than every other European country.",Y,,challenges,0.95,"The passage states that Sweden recorded the 23rd lowest annual excess deaths out of 30 European countries, directly contradicting the claim that it had lower excess mortality than every other European country.",Y,
t14_bankrate_375/c1/e1/ev-5dfc06e10fd6,t14_bankrate_375,The Bank of England's Bank Rate is 3.75% as of 7 September 2026.,supported,supports,Directly reports that the current Bank of England Base Rate is 3.75% as of September 2026.,stoozemax.com,https://stoozemax.com/tools/base-rate,primary,- The current Bank of England Base Rate is 3.75% as of September 2026.,supports,1.0,"The passage explicitly states that the Bank of England Base Rate is 3.75% as of September 2026, which directly supports the element.",Y,,supports,0.9,"The passage states that the Bank of England Base Rate is 3.75% as of September 2026, directly supporting the element.",Y,
t14_bankrate_375/c1/e1/ev-53fa1f6d1a26,t14_bankrate_375,The Bank of England's Bank Rate is 3.75% as of 7 September 2026.,supported,supports,Reports on MPs questioning the Governor about the decision to hold the Bank Rate at 3.75%.,theguardian.com,https://www.theguardian.com/business/live/2026/sep/08/oil-price-approaches-100-a-barrel-saudi-attacks-bank-of-england-latest-news-updates?CMP=share_btn_url&page=with%3Ablock-6a9fa3a38f08b1fc6ac22c25,reporting,- MPs in London will question Bank of England governor Andrew Bailey and colleagues about their recent decision to hold the Bank Rate at 3.75%.,supports,1.0,The passage confirms the specific Bank Rate of 3.75% referenced in the element.,Y,,error,,no response,,
t14_bankrate_375/c1/e1/ev-40eb33584f17,t14_bankrate_375,The Bank of England's Bank Rate is 3.75% as of 7 September 2026.,supported,supports,This commentary explicitly states that the Bank of England's interest rate is currently at 3.75 per cent ahead of the September meeting.,investorschronicle.co.uk,https://www.investorschronicle.co.uk/content/12c74138-0677-48c4-a86a-5ea6421ae3d9?srsltid=AfmBOoqtM6TDkVs9KYif0psej4h4EJUsGZGbj3awr-u1Pk1eWwbwxAi_,commentary,The Monetary Policy Committee (MPC) of the Bank of England (BoE) is expected to hold interest rates at 3.75 per cent next week.,neither,1.0,"The passage states that the interest rate is expected to be held at 3.75 per cent next week, which concerns a future expectation rather than confirming the rate as of 7 September 2026.",N,neither,error,,no response,,
t14_bankrate_375/c1/e2/ev-7212239c72ba,t14_bankrate_375,The next Bank of England interest rate decision is scheduled for 17 September 2026.,supported,supports,States that the next Bank of England interest rate decision is scheduled for Thursday 17 September 2026 at 12:00 UK time.,cambridgecurrencies.com,https://cambridgecurrencies.com/next-bank-of-england-interest-rate-decision/,reporting,"- The Bank of England held Bank Rate at 3.75% on 30 July 2026. - The next Bank of England interest rate decision is on Thursday 17 September 2026, announced at 12:00 UK time. - The current UK interest rate (Bank Rate) is 3.75%.",supports,1.0,The passage explicitly states that the next Bank of England interest rate decision is on Thursday 17 September 2026.,Y,,supports,1.0,The passage explicitly states that the next Bank of England interest rate decision is on Thursday 17 September 2026.,Y,
t14_bankrate_375/c1/e2/ev-319423ff69c6,t14_bankrate_375,The next Bank of England interest rate decision is scheduled for 17 September 2026.,supported,supports,Confirms that the Bank of England's next policy meeting is scheduled for 17 September 2026.,centralbank.watch,https://centralbank.watch/bank-of-england/,primary,"- The Bank of England's next policy meeting is scheduled for 17 September 2026, according to centralbank.watch.",supports,1.0,The passage explicitly states that the Bank of England's next policy meeting is scheduled for 17 September 2026.,Y,,supports,0.95,"The passage confirms that the Bank of England's next policy meeting is scheduled for 17 September 2026, which directly supports the claim.",Y,
t14_bankrate_375/c1/e2/ev-00ed5ef93c7b,t14_bankrate_375,The next Bank of England interest rate decision is scheduled for 17 September 2026.,supported,supports,Confirms the Bank of England will announce its next interest-rate decision on 17 September 2026.,padmagazine.co.uk,https://www.padmagazine.co.uk/property-news/bank-of-england-september-decision/34278/,commentary,"- The Bank of England will announce its next interest-rate decision on 17 September 2026. - Bank Rate currently stands at 3.75%. - At its previous meeting in July, the Bank maintained Bank Rate at 3.75%. - Six members of the Monetary Policy Committee voted to hold the rate, while three preferred an increase to 4%.",supports,1.0,The passage explicitly states that the Bank of England will announce its next interest-rate decision on 17 September 2026.,Y,,supports,1.0,The passage explicitly states that the Bank of England will announce its next interest-rate decision on 17 September 2026.,Y,
t14_bankrate_375/c1/e2/ev-a7aa86367997,t14_bankrate_375,The next Bank of England interest rate decision is scheduled for 17 September 2026.,supported,supports,Identifies the next Bank of England policy decision meeting date as 17 September 2026.,proactiveinvestors.com,https://www.proactiveinvestors.com/companies/news/1098278/ubs-expects-bank-of-england-to-hold-rates-but-strike-more-hawkish-tone-1098278.html,reporting,- UBS expects the Bank of England to keep interest rates unchanged at 3.75% at its meeting on 17 September 2026.,supports,1.0,"The passage explicitly states that the Bank of England's meeting is on 17 September 2026, which directly supports the element.",Y,,error,,no response,,
