label_id,record,element,state,tru8_label,tru8_reasoning,source,url,tier,passage,gemini_verdict,gemini_confidence,gemini_reason,gemini_justified,gemini_kind,gemini_flash_verdict,gemini_flash_confidence,gemini_flash_reason,gemini_flash_justified,gemini_flash_kind
t01_brexit/c1/e1/ev-06cbaa2b1b96,t01_brexit,The United Kingdom formally ceased to be a member state of the European Union on 31 January 2020.,supported,supports,States that the UK officially left the European Union on 31 January 2020 at midnight CET.,ec.europa.eu,https://ec.europa.eu/newsroom/councileu/items/663312/en,primary,- The UK left the EU on 31 January 2020 at midnight (CET) after 47 years. - The transition period provided for in the withdrawal agreement is due to last until 31 December 2020.,supports,1.0,"The passage explicitly states that the UK left the EU on 31 January 2020, which directly supports the element that the UK formally ceased to be a member state on that date.",Y,,supports,0.98,The passage explicitly states that the UK left the EU on 31 January 2020.,Y,
t01_brexit/c1/e1/ev-c93ef9e9fa93,t01_brexit,The United Kingdom formally ceased to be a member state of the European Union on 31 January 2020.,supported,supports,"Confirms that the United Kingdom formally left the European Union on January 31, 2020.",britannica.com,https://www.britannica.com/topic/Brexit,primary,"In a referendum on June 23, 2016, 52% of British voters chose to leave the EU, and the United Kingdom formally left the European Union on January 31, 2020.",supports,1.0,"The passage explicitly states that the United Kingdom formally left the European Union on January 31, 2020, which directly aligns with the element.",Y,,supports,1.0,"The passage explicitly states that the United Kingdom formally left the European Union on January 31, 2020.",Y,
t01_brexit/c1/e1/ev-ef476322f50b,t01_brexit,The United Kingdom formally ceased to be a member state of the European Union on 31 January 2020.,supported,supports,Records the UK's withdrawal from the EU as taking place on 31 January 2020.,uk.practicallaw.thomsonreuters.com,https://uk.practicallaw.thomsonreuters.com/Glossary/UKPracticalLaw/I6c7870abec1111e698dc8b09b4f043e0,primary,UK's withdrawal from the European Union (EU) on 31 January 2020 ( exit day) 51.9% of votes were to leave the EU.,supports,1.0,"The passage confirms the date of the UK's withdrawal from the European Union as 31 January 2020, which directly supports the element.",Y,,supports,0.95,The passage confirms that the UK withdrew from the European Union on 31 January 2020.,Y,
t01_brexit/c1/e1/ev-a4b13e217a8b,t01_brexit,The United Kingdom formally ceased to be a member state of the European Union on 31 January 2020.,supported,supports,Reports that the UK officially left the trading bloc on 31 January 2020.,bbc.com,https://www.bbc.com/news/uk-politics-32810887,reporting,"- The UK officially left the trading bloc on 31 January 2020. - Both sides agreed to keep many things the same until 31 December 2020, to allow enough time to agree to the terms of a new trade deal.",supports,1.0,"The passage confirms that the UK officially left the EU's trading bloc on 31 January 2020, which aligns with the element.",Y,,error,,no response,,
t01_brexit/c1/e1/ev-17c0588719aa,t01_brexit,The United Kingdom formally ceased to be a member state of the European Union on 31 January 2020.,supported,supports,"Notes that the UK formally withdrew from EU membership on January 31, 2020.",everycrsreport.com,https://www.everycrsreport.com/reports/R45944.html,commentary,"- The United Kingdom formally withdrew from membership in the European Union on January 31, 2020. - Under the withdrawal agreement, the UK is to continue applying EU rules during a transition period scheduled to run through the end of 2020.",supports,1.0,"The passage explicitly states that the United Kingdom formally withdrew from the European Union on January 31, 2020, which aligns directly with the element.",Y,,supports,0.99,"The passage directly confirms that the United Kingdom formally withdrew from membership in the European Union on January 31, 2020.",Y,
t01_brexit/c1/e1/ev-b8fba0c27777,t01_brexit,The United Kingdom formally ceased to be a member state of the European Union on 31 January 2020.,supported,supports,Affirms that the UK left the EU on 31 January 2020 under the Withdrawal Agreement.,fca.org.uk,https://www.fca.org.uk/firms/eu-withdrawal-transition-period,primary,"- The UK left the EU on 31 January 2020 with a Withdrawal Agreement. - It entered a transition period, which operated until 31 December 2020.",supports,1.0,"The passage explicitly states that the UK left the EU on 31 January 2020, which directly supports the element.",Y,,supports,0.95,"The passage explicitly states that the UK left the EU on 31 January 2020 with a Withdrawal Agreement, directly supporting the element.",Y,
t01_brexit/c1/e1/ev-5732cf78dac2,t01_brexit,The United Kingdom formally ceased to be a member state of the European Union on 31 January 2020.,supported,supports,States that Britain left the union at the end of January 2020.,investopedia.com,https://www.investopedia.com/terms/b/brexit.asp,commentary,The white paper said the government planned to leave the EU single market and customs union. ... Britain left the union at the end of January 2020 in what is ...,supports,1.0,"The passage explicitly states that Britain left the union at the end of January 2020, which aligns with the element.",Y,,supports,0.95,"The passage confirms that Britain left the European Union at the end of January 2020, directly supporting the element.",Y,
t01_brexit/c1/e2/ev-afda9eeb6b36,t01_brexit,The United Kingdom remained a participant in the EU single market from 31 January 2020 until 31 December 2020.,supported,supports,Confirms the UK remained part of the European single market throughout the transition period until 31 December 2020.,en.wikipedia.org,https://en.wikipedia.org/wiki/Brexit,primary,"- The UK officially left the European Union on 31 January 2020 after a withdrawal deal was passed by Parliament. - The UK continued to participate in many EU institutions, including the single market and customs union, during an eleven-month transition period. - The transition period ended on 31 December 2020 CET (11 p.m. GMT). - During the transition, the UK remained subject to EU law and remained part of the European Union Customs Union and the European single market.",supports,1.0,The passage explicitly states that the UK continued to participate in the single market during the eleven-month transition period from 31 January 2020 until 31 December 2020.,Y,,supports,1.0,The passage explicitly states that the UK continued participating in and,Y,
t01_brexit/c1/e2/ev-fca1275ef5cd,t01_brexit,The United Kingdom remained a participant in the EU single market from 31 January 2020 until 31 December 2020.,supported,supports,"States the UK was due to leave the single market at 11pm GMT on 31 December 2020, confirming continued participation until that point.",commonslibrary.parliament.uk,https://commonslibrary.parliament.uk/end-of-the-brexit-transition-period-what-will-change/,primary,The UK is due to leave the single market and customs union at 11pm GMT on 31 December 2020.This would be the case both under the UK Government's ...,supports,0.9,"The passage confirms that the UK remained in the single market until the end of December 31, 2020, which aligns with the timeline of the element.",Y,,error,,,,
t01_brexit/c1/e2/ev-46ebd6ccbd2c,t01_brexit,The United Kingdom remained a participant in the EU single market from 31 January 2020 until 31 December 2020.,supported,supports,Notes the UK left the EU single market when the transition period ended on 31 December 2020.,commonslibrary.parliament.uk,https://commonslibrary.parliament.uk/research-briefings/cbp-7960/,primary,"At 11pm on 31 December 2020, the transition period ended and the United Kingdom left the EU single market and customs union.",supports,1.0,"The passage confirms that the transition period ended on 31 December 2020, which aligns with the UK having remained in the single market until that date.",Y,,error,,,,
t01_brexit/c1/e2/ev-37d67a11be3d,t01_brexit,The United Kingdom remained a participant in the EU single market from 31 January 2020 until 31 December 2020.,supported,supports,Reports the UK left the EU single market at the conclusion of the transition period on 31 December 2020.,commonslibrary.parliament.uk,https://commonslibrary.parliament.uk/research-briefings/cbp-10988/,primary,"EU treaties ceased to apply to the UK at the end of the Brexit transition period on 31 December 2020, with the UK leaving the EU single market ...",supports,0.9,"The passage confirms that the UK left the EU single market at the end of the transition period on 31 December 2020, which aligns with its participation throughout the year 2020.",Y,,error,,no response,,
t01_brexit/c1/e2/ev-643a786c47bf,t01_brexit,The United Kingdom remained a participant in the EU single market from 31 January 2020 until 31 December 2020.,supported,challenges,Claims the UK had already formally exited the EU Single Market before entering the transition period on 1 February 2020.,uktpo.org,https://www.uktpo.org/2026/07/22/explainer-the-roadmap-to-renewed-uk-eu-relations/,commentary,"- After having formally exited the EU Single Market and Customs Union, the UK entered into a transition period between 1st February 2020 to 31st December 2020.",challenges,0.95,"The passage states that the UK formally exited the EU Single Market after January 31, 2020, whereas the element claims the UK remained a participant until 31 December 2020.",Y,,challenges,0.9,"The passage states that the UK had formally exited the EU Single Market before entering the transition period from 1 February 2020 to 31 December 2020, contradicting",Y,
t01_brexit/c1/e3/ev-637951569c4d,t01_brexit,The United Kingdom remained a participant in the EU customs union from 31 January 2020 until 31 December 2020.,supported,supports,Confirms the EU treated the UK as a member of the customs union during the transition period running from 31 January to 31 December 2020.,instituteforgovernment.org.uk,https://www.instituteforgovernment.org.uk/article/explainer/brexit-transition-period,primary,"- The transition period started immediately after the UK left the EU on 31 January 2020. - The Withdrawal Agreement specifies that the transition period will last until 31 December 2020. - The UK ceased to be a member of the political institutions of the EU on 31 January 2020. - During the transition period, the EU has continued to treat the UK as a member of the single market and customs union.",supports,1.0,"The passage confirms that the transition period lasted from 31 January 2020 to 31 December 2020, during which the EU continued to treat the UK as a member of the customs union.",Y,,supports,0.95,The passage confirms that the transition period lasted from 31 January 2020 until 31,Y,
t01_brexit/c1/e3/ev-6becf0bd43fb,t01_brexit,The United Kingdom remained a participant in the EU customs union from 31 January 2020 until 31 December 2020.,supported,supports,States the UK remained inside the customs union until 11:00pm on 31 December 2020.,instituteforgovernment.org.uk,https://www.instituteforgovernment.org.uk/explainer/uk-and-european-union,primary,"- The UK stopped being a member of the EU on 31 January 2020. - The UK entered a transition phase outside the political institutions, but still inside the single market and customs union, until 11.00pm on 31 December 2020.",supports,1.0,The passage explicitly states that the UK remained inside the customs union during the transition phase from 31 January 2020 until 31 December 2020.,Y,,supports,0.99,The passage confirms that the UK was in a transition phase still inside the customs union from 31 January 2020 until 31 December 2020.,Y,
t01_brexit/c1/e3/ev-4e951257bf82,t01_brexit,The United Kingdom remained a participant in the EU customs union from 31 January 2020 until 31 December 2020.,supported,supports,Confirms the UK exited the EU customs union at the end of the transition period on 31 December 2020.,lordslibrary.parliament.uk,https://lordslibrary.parliament.uk/uk-eu-relations-proposals-for-customs-union-and-connections-with-the-eu-single-market/,primary,The UK left the EU customs union and single market at the end of the Brexit transition period on 31 December 2020. There has been debate ...,supports,1.0,The passage confirms that the UK was still in the EU customs union until the end of the transition period on 31 December 2020.,Y,,error,,no response,,
t01_brexit/c1/e3/ev-d73fe90ebe20,t01_brexit,The United Kingdom remained a participant in the EU customs union from 31 January 2020 until 31 December 2020.,supported,supports,Explains that under the Withdrawal Agreement the EU treated the UK as a Member State from 1 February to 31 December 2020.,commission.europa.eu,https://commission.europa.eu/strategy-and-policy/relations-united-kingdom/eu-uk-withdrawal-agreement_en,primary,"- The Withdrawal Agreement entered into force on 1 February 2020, after having been agreed on 17 October 2019. - The Withdrawal Agreement covers a transition period from 1 February to 31 December 2020 during which the EU treated the United Kingdom as if it were a Member State, with the exception of participation in the EU institutions and governance structures.",supports,0.95,"The passage confirms that the UK was in a transition period until 31 December 2020 during which it was treated as a Member State, which aligns with remaining in the EU customs union during that timeframe.",Y,,error,,no response,,
t02_select/c1/e1/ev-9243bcaa1734,t02_select,"The SELECT trial results apply universally to all overweight individuals, rather than to the specific population cohort studied.",disputed,challenges,Clarifies that the cohort was specifically restricted to adults with preexisting cardiovascular disease without diabetes.,nature.com,https://www.nature.com/articles/s41591-024-02996-7,primary,"- The SELECT trial studied 17,604 adults with preexisting cardiovascular disease, overweight or obesity, without diabetes. - At 208 weeks, semaglutide was associated with a mean reduction in weight of -10.2%, waist circumference of -7.7 cm, and waist-to-height ratio of -6.9% versus placebo. - The SELECT study enrolled 17,604 patients from 41 countries between October 2018 and March 2021, with a mean age of 61.6 years and BMI of 33.3 kg m−2.",challenges,1.0,"The passage specifies that the trial studied a narrow cohort of adults with preexisting cardiovascular disease and without diabetes, contradicting the claim of universal application to all overweight individuals.",Y,,error,,no response,,
t02_select/c1/e1/ev-439a11a3a63c,t02_select,"The SELECT trial results apply universally to all overweight individuals, rather than to the specific population cohort studied.",disputed,challenges,Specifies that participants were required to have established cardiovascular disease and BMI of 27 or higher without diabetes.,thelancet.com,https://www.thelancet.com/journals/lancet/article/PIIS0140-6736(25)01375-3/fulltext,primary,"The SELECT trial, including 17 604 participants, was the largest study of GLP-1RA therapy in patients with established cardiovascular disease and elevated BMI (≥27 kg/m2) who did not have diabetes.",challenges,1.0,"The passage specifies that the trial studied a narrow population with established cardiovascular disease and elevated BMI without diabetes, which contradicts the claim that the results apply universally to all overweight individuals.",Y,,error,,no response,,
t02_select/c1/e1/ev-0e39bec5ca9e,t02_select,"The SELECT trial results apply universally to all overweight individuals, rather than to the specific population cohort studied.",disputed,challenges,Confirms trial participants had established cardiovascular disease and excluded individuals with type 2 diabetes.,trimrx.com,https://trimrx.com/blog/the-select-trial-what-it-means-for-ozempic-patients/,commentary,"- The SELECT trial enrolled over 17,600 adults who had established cardiovascular disease and a BMI of 27 or higher without type 2 diabetes. - Participants received weekly semaglutide 2.4 mg injections or placebo. - After an average follow-up of approximately 34 months, semaglutide reduced the primary composite cardiovascular endpoint by 20 percent compared to placebo. - In March 2024, the FDA approved Wegovy specifically for reduction of cardiovascular risk in adults with obesity or overweight and established cardiovascular disease.",challenges,0.95,"The passage specifies that the trial enrolled a specific cohort with established cardiovascular disease, which contradicts the claim of universal application to all overweight individuals.",Y,,challenges,0.9,"The passage indicates that the SELECT trial and subsequent FDA approval were specifically for adults with established cardiovascular disease and a BMI of 27 or higher, contradicting the claim that the results apply universally to all overw…",Y,
t02_select/c1/e1/ev-24a82c427783,t02_select,"The SELECT trial results apply universally to all overweight individuals, rather than to the specific population cohort studied.",disputed,challenges,Shows study participants were aged 45 and older with pre-existing heart disease and no diabetes.,dralo.net,https://www.dralo.net/blog/ozempic-heart-reduce-heart-attacks,commentary,"- The SELECT study enrolled 17,604 adults who were 45 years or older, had overweight or obesity with a BMI of 27 or higher, already had heart disease, and did not have diabetes. - Participants in the SELECT study were followed for about 40 months (over 3 years) and took semaglutide 2.4 mg weekly or a placebo. - People who took semaglutide had a 20% lower risk of major cardiovascular events. - Approximately 90% of participants in the SELECT trial were taking statins.",challenges,1.0,"The passage specifies the narrow cohort studied (adults 45+ with pre-existing heart disease and no diabetes), which contradicts the claim of universal application to all overweight individuals.",Y,,error,,no response,,
t02_select/c1/e1/ev-6f90aee0a398,t02_select,"The SELECT trial results apply universally to all overweight individuals, rather than to the specific population cohort studied.",disputed,challenges,Indicates the trial enrolled individuals aged 45 and above with pre-existing cardiovascular disease.,pharmacally.com,https://pharmacally.com/long-term-select-trial-semaglutide-cuts-cardiovascular-events-by-20-beyond-weight-loss/,commentary,"- The SELECT trial enrolled 17,604 participants aged 45 years and above across 41 countries and 804 sites who had overweight or obesity and pre-existing cardiovascular disease but no diabetes. - The results showed a 20% lower risk of major cardiovascular events compared to the placebo group. - The cardiovascular benefit of semaglutide was consistent across all body weight subgroups, showing no significant interaction between BMI or waist measurements and treatment effect.",challenges,0.9,"The passage specifies that the trial studied a narrow population with pre-existing cardiovascular disease and no diabetes, contradicting the claim of universal application to all overweight individuals.",Y,,error,,no response,,
t02_select/c1/e2/ev-5be6f4557923,t02_select,Semaglutide causes a reduction in heart attacks compared to the control group.,supported,supports,"Primary academic trial results show weekly 2.4 mg semaglutide reduced the risk of cardiovascular death, nonfatal myocardial infarction, or stroke by 20% versus placebo.",nejm.org,https://www.nejm.org/doi/full/10.1056/NEJMoa2307563,primary,"Among 17,604 patients with a BMI ... treatment with once-weekly subcutaneous semaglutide at a dose of 2.4 mg for a mean duration of 33 months reduced the risk of a composite of death from cardiovascular causes, nonfatal myocardial infarction, or nonfatal stroke by 20% (hazard ratio, ...",supports,1.0,"The passage explicitly states that semaglutide reduced the risk of nonfatal myocardial infarction, which corresponds to heart attacks, compared to the control group.",Y,,error,,no response,,
t02_select/c1/e2/ev-44bb5e607829,t02_select,Semaglutide causes a reduction in heart attacks compared to the control group.,supported,supports,Reports semaglutide caused a 20% reduction in major adverse cardiovascular events including nonfatal myocardial infarction compared to placebo.,diabetesjournals.org,https://diabetesjournals.org/care/article/47/8/1360/156810/Semaglutide-and-Cardiovascular-Outcomes-by,primary,"The primary end point of first major adverse cardiovascular event (MACE) (cardiovascular mortality, nonfatal myocardial infarction, or stroke) was reduced by 20% with semaglutide versus placebo.",supports,1.0,"The passage reports that nonfatal myocardial infarction (heart attacks) was reduced by 20% with semaglutide compared to placebo, directly supporting the element.",Y,,error,,no response,,
t02_select/c1/e2/ev-02f293ffbad7,t02_select,Semaglutide causes a reduction in heart attacks compared to the control group.,supported,supports,Official statement confirms participants taking semaglutide were 20% less likely to experience serious cardiovascular events than the placebo group.,nice.org.uk,https://www.nice.org.uk/news/articles/semaglutide-injection-to-help-prevent-heart-attacks-and-strokes,primary,"- In the SELECT trial, 17,604 people who took semaglutide alongside their existing cardiovascular medicines were 20% less likely to have a serious cardiovascular event than those who took a placebo alongside the same medicines.",supports,1.0,"The passage reports that participants taking semaglutide were 20% less likely to experience a serious cardiovascular event, which supports the claim that it causes a reduction in heart attacks compared to the control group.",Y,,error,,no response,,
t02_select/c1/e2/ev-1931aab0ef45,t02_select,Semaglutide causes a reduction in heart attacks compared to the control group.,supported,supports,Confirms SELECT trial demonstrated weekly semaglutide injection reduced risk of major cardiovascular events by 20%.,bmj.com,https://www.bmj.com/content/391/bmj.r2238,primary,The Select trial—published in the New England Journal of Medicine in 2023—showed a weekly semaglutide injection resulted in a 20% reduction in risk of death from major cardiovascular events in people classed as overweight or obese who were not diabetic.2,neither,0.8,"The passage discusses a reduction in death from major cardiovascular events, whereas the element specifically concerns a reduction in heart attacks.",N,neither,error,,no response,,
t02_select/c1/e2/ev-eb603f21f8f4,t02_select,Semaglutide causes a reduction in heart attacks compared to the control group.,supported,supports,"Reports randomized trial data showing semaglutide caused a 20% reduction in risk of heart attack, stroke, or cardiovascular death versus placebo.",newsroom.heart.org,https://newsroom.heart.org/news/major-cvd-event-risk-cut-by-20-in-adults-without-diabetes-with-overweight-or-obesity,primary,"- According to the American Heart Association, people with obesity or overweight but not diabetes taking semaglutide for more than 3 years had a 20% lower risk of heart attack, stroke or death due to cardiovascular disease and lost an average of 9.4% of their body weight. - According to the American Heart Association, the double-blind, randomized trial enrolled more than 17,500 adults in 41 countries with overweight or obesity who had previously experienced a heart attack, stroke and/or had peripheral artery disease but did not have Type 1 or Type 2 diabetes. - According to the American Heart Association, study participants were randomly assigned to take either 2.4 milligrams of semaglutide or a placebo once a week. - According to the American Heart Association, the study ran from October 2018 through June 2023.",supports,1.0,"The passage states that people taking semaglutide had a 20% lower risk of heart attack, stroke, or cardiovascular death compared to the control group.",Y,,supports,0.95,"The passage reports on a randomized, placebo-controlled trial finding that semaglutide lowered the risk of heart attack, stroke, or cardiovascular death by 20%.",Y,
t02_select/c1/e3/ev-585027e7046c,t02_select,Semaglutide reduces the absolute risk of heart attacks by 20% compared to the baseline risk in the control group.,disputed,challenges,"Shows the 20% reduction was relative (6.5% semaglutide vs 8.0% placebo), meaning the absolute risk reduction was only 1.5% rather than 20%.",ipharmapharmacy.com,https://www.ipharmapharmacy.com/semaglutide-heart-health-select-trial/,commentary,"- The SELECT trial enrolled 17,604 adults for a mean of 39.8 months. - The SELECT trial showed a 20% relative risk reduction in major adverse cardiovascular events, with 6.5% on semaglutide versus 8.0% on placebo. - Adverse events causing permanent discontinuation hit 16.6% on semaglutide versus 8.2% on placebo. - The SELECT trial population criteria were age 45+, BMI 27 or higher, established cardiovascular disease, and no diabetes. - In the SELECT trial, semaglutide was administered as 2.4 mg once weekly by subcutaneous injection to 8,803 participants, while 8,801 participants received a matching placebo.",challenges,1.0,The passage reports a 20% relative risk reduction rather than an absolute risk reduction of 20%.,Y,,error,,no response,,
t02_select/c1/e3/ev-c48c104d9463,t02_select,Semaglutide reduces the absolute risk of heart attacks by 20% compared to the baseline risk in the control group.,disputed,challenges,States the trial showed a 20% relative risk reduction while absolute risk reduction was approximately 1.5 percentage points.,glp3weightloss.com,https://glp3weightloss.com/blog/glp-1-cardiovascular-outcomes-select-trial-four-year-follow-up-data-review/,commentary,"- The primary results of the SELECT trial demonstrated a 20% relative risk reduction in the three-component MACE primary endpoint. - The SELECT trial enrolled adults aged 45 years or older with a body mass index of 27 kg/m² or higher and documented established cardiovascular disease, with a mandatory exclusion of type 2 diabetes. - The absolute risk reduction of approximately 1.5 percentage points yields a number needed to treat of roughly 67 over approximately 40 months.",challenges,1.0,"The passage states that the trial showed a 20% relative risk reduction and an absolute risk reduction of approximately 1.5 percentage points, which contradicts the element's claim of a 20% absolute risk reduction.",Y,,challenges,0.9,"The passage indicates that the 20% reduction was a relative risk reduction rather than an absolute risk reduction, which was actually approximately 1.5 percentage points.",Y,
t02_select/c1/e3/ev-ade566cd764e,t02_select,Semaglutide reduces the absolute risk of heart attacks by 20% compared to the baseline risk in the control group.,disputed,challenges,Notes semaglutide provided a 20% relative risk reduction with an absolute reduction from approximately 8.0% to 6.5%.,elizabethstorymd.com,https://elizabethstorymd.com/2026/04/glp-1-medications-beyond-weight-loss-the-heart-protection-data-every-patient-asks-about/,commentary,"- According to Elizabeth Story MD, the SELECT trial enrolled over 17,000 adults with overweight or obesity and established cardiovascular disease, but without diabetes. - According to Elizabeth Story MD, semaglutide reduced major cardiovascular events by 20% relative risk, with absolute reduction from ~8.0% to 6.5%.",challenges,1.0,"The passage states that semaglutide reduced relative risk by 20% with an absolute reduction from ~8.0% to 6.5% (a 1.5% absolute reduction), which contradicts the element's claim of an absolute risk reduction of 20%.",Y,,challenges,0.95,"The passage specifies that the 20% reduction is a relative risk reduction, while",Y,
t03_creatine/c1/e1/ev-89f3b48b21a4,t03_creatine,Healthy adults consistently consume 5g of creatine daily.,supported,supports,Reports that most people take a daily dose of 3 to 5 grams of creatine and that 5 grams is appropriate for daily use.,urmc.rochester.edu,https://www.urmc.rochester.edu/news/publications/health-matters/creatine-for-beginners-should-you-take-it,reporting,"- Most people take a daily dose of 3–5 grams of creatine. - For most people, a daily dose of 5 grams per day is appropriate for athletic and fitness purposes.",supports,0.9,"The passage confirms that a daily dose of 5 grams is appropriate for most people, which makes the claim that healthy adults consistently consume 5g daily more likely true.",Y,,error,,no response,,
t03_creatine/c1/e1/ev-3a3cfa12d41b,t03_creatine,Healthy adults consistently consume 5g of creatine daily.,supported,supports,States that the standard general recommendation for individuals supplementing with creatine is 3 to 5 grams per day.,health.harvard.edu,https://www.health.harvard.edu/exercise-and-fitness/what-is-creatine-potential-benefits-and-risks-of-this-popular-supplement,reporting,The general recommendation for people who do take a creatine supplement is 3 to 5 grams per day,challenges,0.9,"The passage recommends a range of 3 to 5 grams per day for people who take creatine, which contradicts the claim that healthy adults consistently consume 5g daily.",N,direction,neither,0.9,"The passage discusses general dosage recommendations (3 to 5 grams per day) for those who take creatine, but does not provide evidence that healthy adults consistently consume 5g daily.",N,neither
t03_creatine/c1/e1/ev-af39352b160a,t03_creatine,Healthy adults consistently consume 5g of creatine daily.,supported,supports,"The analysis notes that many older adults consume less than 1 gram of dietary creatine daily, supporting the premise that conscious daily intake is necessary for consistent levels.",cooperaerobics.com,https://www.cooperaerobics.com/blog/how-much-creatine-should-i-take-a-simple-guide-for-adults/,commentary,"- One analysis found an average gain of 1. 37 kg of lean mass, about 3 pounds†. - Long-term creatine use has been well tolerated in older adults†. Some cognitive or energy-related changes may appear sooner, but most physical improvements require several weeks of consistent daily use†. Recommended Daily Amounts for Older Adults and Women Older Adults (40+ / 50+) Because many older adults consume less than 1 gram/day of dietary creatine, supplementation can play a meaningful role in maintaining healthy stores",neither,1.0,"The passage discusses creatine use in older adults and notes low dietary intake, but it does not mention healthy adults consistently consuming 5g daily.",N,neither,neither,0.95,"The passage discusses creatine use and notes that older adults often consume less than 1 gram per day, but it does not mention healthy adults consistently consuming 5 grams daily.",N,neither
t03_creatine/c1/e2/ev-ffed4949a789,t03_creatine,Daily creatine supplementation of 5g initiates a biological mechanism that alters neurological pathways relevant to dementia.,disputed,supports,Cites research showing a 5g daily dose improved cognitive performance in young adults while researchers explore neuroprotective pathways against dementia.,essex.ac.uk,https://www.essex.ac.uk/blog/posts/2023/01/19/creatine-supplements-what-the-research-says-about-how-they-can-help-you-get-in-shape,commentary,"- According to creatine.wiki, scientists are studying how creatine might help protect the brain from dementia and show neuroprotective effects. - According to creatine.wiki, one key study tested young adult vegetarians who took 5g of creatine daily for six weeks and found improvements in problem-solving and memory scores.",neither,0.9,"The passage mentions scientists studying creatine's potential neuroprotective effects and a study on young adults, but it does not provide evidence that 5g daily initiates a biological mechanism altering neurological pathways relevant to d…",N,neither,error,,no response,,
t03_creatine/c1/e2/ev-147e3f5e8eb7,t03_creatine,Daily creatine supplementation of 5g initiates a biological mechanism that alters neurological pathways relevant to dementia.,disputed,challenges,Indicates that standard 5g doses target skeletal muscle and that higher doses are typically required to impact brain bioenergetics and neuroplasticity.,menshealth.com,https://www.menshealth.com/uk/nutrition/a69055830/creatine-dose-new-research/,reporting,"- A narrative review published in Advanced Exercise and Health Science indicated that 5g of creatine a day may not be enough for real results. - The review highlights potential benefits of creatine including increased longevity, improved brain function, stronger bone structure, and better muscular performance. - Original creatine research from 1992 focused on muscle saturation in young men using a maintenance dose of 5g per day. - Dr Darren Candow stated that 5g per day is optimised for skeletal muscle only, and full-body benefits require more. - Studies highlighting creatine's ability to improve brain function, reduce oxidative stress, and support neuroplasticity used more than 5g according to Dr Candow. - The review suggests the minimum required creatine for brain function is 4g per day, which should be increased during acute stress such as sleep deprivation to as much as 20g.",challenges,0.9,"The passage explicitly states that 5g of creatine a day may not be enough for real results and that brain function benefits require more than 5g, which contradicts the claim that 5g initiates the mechanism.",Y,,error,,no response,,
t03_creatine/c1/e2/ev-cb14658a5bf3,t03_creatine,Daily creatine supplementation of 5g initiates a biological mechanism that alters neurological pathways relevant to dementia.,disputed,supports,Demonstrates that creatine supplementation directly alters neurological parameters by increasing total brain creatine levels via metabolic uptake.,alzdiscovery.org,https://www.alzdiscovery.org/uploads/cognitive_vitality_media/Creatine_%28supplement%29_.pdf,primary,"Imaging studies typically assess phosphocreatine or total creatine levels. In healthy young adults, supplementation with 20 grams of creatine per day (5 g 4x/day) for four weeks led to an increase of total brain creatine levels by 8. 7% based on magnetic resonance spectroscopy (MRS) imaging when av...",neither,1.0,"The passage discusses creatine increasing total brain creatine levels in healthy young adults, but does not address neurological pathways relevant to dementia.",N,neither,neither,0.95,The passage discusses a 20 g/day dosage (5 g 4x/day) in healthy young adults to increase total brain creatine levels,N,neither
t03_creatine/c1/e3/ev-32bd5ea4d6e1,t03_creatine,Daily supplementation of 5g of creatine successfully prevents the onset of dementia in healthy adults.,disputed,challenges,Argues that asserting creatine treats or prevents dementia oversteps existing empirical evidence.,jimmysmedicalscienceresearch.substack.com,https://jimmysmedicalscienceresearch.substack.com/p/promising-isnt-proven-how-to-read,commentary,"- According to Jimmy's Medical Science Research, anyone claiming creatine treats dementia is running ahead of the evidence. - According to Jimmy's Medical Science Research, a pilot study at the University of Kansas Medical Center tested 20 grams of creatine daily for eight weeks in people with Alzheimer's disease.",challenges,0.9,"The passage states that claiming creatine treats dementia is running ahead of the evidence, which contradicts the claim that it successfully prevents dementia.",Y,,error,,no response,,
t03_creatine/c1/e3/ev-e38da9903409,t03_creatine,Daily supplementation of 5g of creatine successfully prevents the onset of dementia in healthy adults.,disputed,challenges,Cites a 2024 European Food Safety Authority review finding no established cause-and-effect link between creatine and cognitive health.,sungwonmd.com,https://sungwonmd.com/articles/creatine-healthy-aging,commentary,"- According to sungwonmd.com, a 2024 European Food Safety Authority review concluded that a cause and effect relationship between creatine supplementation and improved cognitive function had not been established.",challenges,0.9,"The passage states that a review concluded a cause and effect relationship between creatine and improved cognitive function had not been established, which contradicts the claim that it successfully prevents dementia.",Y,,neither,0.95,The passage reports that a,N,neither
t03_creatine/c1/e3/ev-15f6f053c185,t03_creatine,Daily supplementation of 5g of creatine successfully prevents the onset of dementia in healthy adults.,disputed,challenges,A meta-analysis of creatine supplementation across the general population found no significant improvements on overall cognitive function or executive function.,helpdementia.com,https://helpdementia.com/creatine-and-choline-for-dementia-related-memory-claims-what-human-research-actually-tests/,commentary,"- The CABA trial enrolled only 19 Alzheimer's patients ages 60–90 in an 8-week pilot, with each receiving 20 grams of creatine monohydrate powder daily. - The study found an 11% increase in brain total creatine and modest improvements on working memory and executive function tests. - A pilot with no control group cannot distinguish between a true drug effect and a placebo effect, natural variation in cognition, or chance. - A 2025 meta-analysis of creatine supplementation across the general population found no significant improvements on overall cognitive function or executive function.",challenges,0.9,"The passage cites a 2025 meta-analysis finding no significant improvements on overall cognitive function from creatine supplementation across the general population, which contradicts the claim that it prevents the onset of dementia.",Y,,error,,no response,,
t04_jwst/c1/e1/ev-13160ec05246,t04_jwst,The James Webb Space Telescope orbits the Earth every 90 minutes.,disputed,challenges,"States that Webb does not orbit the Earth but orbits the Sun at L2, clarifying that Hubble is the telescope orbiting Earth every 90 minutes.",science.nasa.gov,https://science.nasa.gov/mission/webb/orbit/,primary,"- The James Webb Space Telescope is not in orbit around the Earth, like the Hubble Space Telescope is - it actually orbits the Sun, 1.5 million kilometers (1 million miles) away from the Earth at what is called the second Lagrange point or L2, according to science.nasa.gov. - Unlike Hubble, which goes in and out of Earth shadow every 90 minutes, Webb has an unimpeded view that allows science operations 24/7, according to science.nasa.gov.",challenges,1.0,"The passage explicitly states that the James Webb Space Telescope is not in orbit around the Earth, directly contradicting the element.",Y,,challenges,1.0,"The passage explicitly contradicts the claim by stating that the James Webb Space Telescope is not in orbit around the Earth, but instead orbits the Sun.",Y,
t04_jwst/c1/e1/ev-41ff11e48baa,t04_jwst,The James Webb Space Telescope orbits the Earth every 90 minutes.,disputed,challenges,Confirms Webb orbits the Sun 1.5 million kilometers away from Earth rather than orbiting Earth.,science.nasa.gov,https://science.nasa.gov/mission/webb/,primary,"- Webb orbits the Sun 1.5 million kilometers from the Earth, according to NASA Science.",challenges,1.0,"The passage states that the telescope orbits the Sun, which contradicts the claim that it orbits the Earth.",Y,,challenges,0.95,"The passage contradicts the claim by stating that Webb orbits the Sun 1.5 million kilometers from Earth, rather than orbiting the Earth.",Y,
t04_jwst/c1/e1/ev-f8bf493bb7bf,t04_jwst,The James Webb Space Telescope orbits the Earth every 90 minutes.,disputed,challenges,Reports JWST orbits the Sun at L2 rather than being in low-Earth orbit.,ig.space,https://ig.space/commslink/overview-of-the-james-webb-space-telescope/,commentary,"- The James Webb Space Telescope launched on Christmas Day (December 25), 2021. - The JWST is currently orbiting the sun, around a million miles away (1.5 million kilometers) at the second Lagrange point or L2, rather than orbiting in low-Earth orbit (LEO).",challenges,1.0,The passage explicitly states that the JWST is orbiting the sun at the second Lagrange point rather than orbiting the Earth in low-Earth orbit.,Y,,challenges,1.0,The passage explicitly states that the telescope orbits the sun at the second Lagrange point rather than orbiting the Earth.,Y,
t04_jwst/c1/e1/ev-2a56d9ddc1e3,t04_jwst,The James Webb Space Telescope orbits the Earth every 90 minutes.,disputed,challenges,"States JWST orbits the Sun 940,000 miles away from Earth.",research.arizona.edu,https://research.arizona.edu/stories/james-webb-space-telescope-facts,commentary,"- The mirror on James Webb Space Telescope will be made of beryllium, according to research.arizona.edu. - The JWST will orbit the sun, 940,000 miles away from Earth, four times further away than the moon, according to research.arizona.edu.",challenges,1.0,"The passage states that the JWST will orbit the sun 940,000 miles away from Earth, which directly contradicts the claim that it orbits the Earth every 90 minutes.",Y,,challenges,0.95,"The passage states that the JWST will orbit the Sun, 940,000 miles away from Earth, which contradicts the claim that it orbits the Earth.",Y,
t04_jwst/c1/e2/ev-be8a234081c1,t04_jwst,The James Webb Space Telescope features a 6.5-metre primary mirror.,supported,supports,Directly confirms Webb's primary mirror measures 6.5 meters across.,science.nasa.gov,https://science.nasa.gov/mission/webb/webbs-mirrors/,primary,"- Webb's primary mirror is 6.5 meters (21 feet 4 inches) across, according to science.nasa.gov.",supports,1.0,"The passage explicitly states that Webb's primary mirror is 6.5 meters across, which directly aligns with the element.",Y,,supports,0.98,The passage explicitly states that Webb's primary mirror is 6.5 meters across.,Y,
t04_jwst/c1/e2/ev-985384df10e7,t04_jwst,The James Webb Space Telescope features a 6.5-metre primary mirror.,supported,supports,Confirms the total diameter of Webb's primary mirror spans 6.5 metres across 18 hexagonal segments.,esawebb.org,https://esawebb.org/about/general/mirrors/,primary,"- According to esawebb.org, the James Webb Space Telescope uses two mirrors to perform science operations. - According to esawebb.org, the telescope’s primary mirror is made of 18 hexagonal-shaped mirror segments, each 1.32 metres in diameter and weighing approximately 20 kilograms. - According to esawebb.org, the total diameter of Webb’s primary mirror spans 6.5 metres. - According to esawebb.org, each of the telescope's mirrors is covered in a microscopically thin layer of gold. - According to esawebb.org, the telescope also hosts a convex secondary mirror that is roughly 0.74 metres in diameter.",supports,1.0,The passage explicitly states that the total diameter of the James Webb Space Telescope's primary mirror spans 6.5 metres.,Y,,supports,1.0,The passage explicitly states that the total diameter of the James Webb Space Telescope's primary mirror spans 6.5 metres.,Y,
t04_jwst/c1/e2/ev-dadb850b3c32,t04_jwst,The James Webb Space Telescope features a 6.5-metre primary mirror.,supported,supports,States the JWST features a primary mirror measuring 21.3 feet (6.5 meters) across.,ebsco.com,https://www.ebsco.com/research-starters/engineering/james-webb-space-telescope-jwst,commentary,"- The James Webb Space Telescope (JWST) is a highly advanced space observatory launched by NASA in December 2021, designed to enhance our understanding of the universe. - With a primary mirror measuring 21.3 feet (6.5 meters) across, the JWST is the most powerful telescope ever sent into space, capable of detecting infrared light.",supports,1.0,"The passage explicitly states that the JWST has a primary mirror measuring 6.5 meters across, which directly matches the claim.",Y,,supports,1.0,The passage explicitly states that the James Webb Space Telescope has a primary mirror measuring 6.5 meters across.,Y,
t04_jwst/c1/e2/ev-265c30d77216,t04_jwst,The James Webb Space Telescope features a 6.5-metre primary mirror.,supported,supports,Confirms that JWST features a 6.5-meter mirror.,eoportal.org,https://www.eoportal.org/satellite-missions/jwst,reporting,"- According to eoPortal, the James Webb Space Telescope (JWST) was launched in December 2021. - According to eoPortal, JWST features a large, 6.5-meter mirror. - According to eoPortal, the total mass of JWST at launch is estimated to be 6,500 kg.",supports,1.0,"The passage explicitly states that the JWST features a 6.5-meter mirror, which aligns with the element.",Y,,error,,,,
t04_jwst/c1/e2/ev-c8d6d11875c5,t04_jwst,The James Webb Space Telescope features a 6.5-metre primary mirror.,supported,supports,Reports that JWST features a 6.5-meter mirror consisting of 18 segments.,planetary.org,https://www.planetary.org/space-missions/james-webb-space-telescope,commentary,"- NASA’s James Webb Space Telescope, JWST, is a multipurpose observatory launched in December 2021. - JWST’s 6.5-meter mirror consists of 18 hexagonal segments arranged like a honeycomb. - JWST is located at a special spot called L2, 1.5 million kilometers (932,000 miles) away.",supports,1.0,"The passage explicitly states that the JWST features a 6.5-meter mirror, which directly supports the claim.",Y,,supports,0.98,The passage directly confirms that NASA's James Webb Space Telescope has a 6.5-meter mirror.,Y,
t04_jwst/c1/e3/ev-4a795b1ef4d5,t04_jwst,The James Webb Space Telescope was launched in December 2021.,supported,supports,"Confirms Webb was launched on December 25, 2021 on an Ariane 5 rocket.",science.nasa.gov,https://science.nasa.gov/mission/webb/launch/,primary,"- Webb was launched on December 25, 2021 on board an Ariane 5 rocket from Ariane Space Spaceport in French Guiana. - The James Webb Space Telescope was launched on an Ariane 5 rocket. - After launch, the telescope deployed on its 29-day, million-mile journey out to the second Lagrange point (L2).",supports,1.0,"The passage explicitly states that Webb was launched on December 25, 2021.",Y,,supports,1.0,"The passage explicitly states that Webb, referring to the James Webb Space Telescope, was launched on December 25, 2021.",Y,
t04_jwst/c1/e3/ev-70b58f16587d,t04_jwst,The James Webb Space Telescope was launched in December 2021.,supported,supports,"Reports the James Webb Space Telescope launched on Dec. 25, 2021.",space.com,https://www.space.com/21925-james-webb-space-telescope-jwst.html,reporting,"- The James Webb Space Telescope was launched on Dec. 25, 2021, according to space.com. - JWST's primary mirror size is 21.3 feet (6.5 meters) across, according to space.com. - JWST will orbit the sun, around the second Lagrange point (L2), nearly 1 million miles (1.5 million kilometers) from Earth, according to space.com.",supports,1.0,"The passage explicitly states that the James Webb Space Telescope was launched on Dec. 25, 2021, which directly confirms the element.",Y,,supports,1.0,"The passage explicitly states that the James Webb Space Telescope was launched on Dec. 25, 2021.",Y,
t04_jwst/c1/e3/ev-77ca3b5cddd2,t04_jwst,The James Webb Space Telescope was launched in December 2021.,supported,supports,"States JWST launched successfully on Dec. 25, 2021.",planetary.org,https://www.planetary.org/articles/jwst-launch-guide,reporting,"- NASA’s long-awaited, greatly anticipated James Webb Space Telescope (JWST) launched successfully on Dec. 25, 2021. - JWST’s mirror is actually a cluster of 18 hexagonal mirrors. - After launch, JWST will head to a special spot called L2 located 1.5 million kilometers (932,000 miles) away.",supports,1.0,"The passage explicitly states that the James Webb Space Telescope launched on December 25, 2021.",Y,,supports,1.0,"The passage explicitly states that the James Webb Space Telescope launched successfully on Dec. 25, 2021.",Y,
t04_jwst/c1/e3/ev-38431a78d7d9,t04_jwst,The James Webb Space Telescope was launched in December 2021.,supported,supports,"Confirms the telescope launched on December 25, 2021.",spaceplace.nasa.gov,https://spaceplace.nasa.gov/james-webb-space-telescope/,primary,"- The James Webb Space Telescope launched on December 25, 2021. - Engineers gave the Webb telescope 18 smaller mirrors that fit together like a puzzle.",supports,1.0,"The passage explicitly states that the James Webb Space Telescope launched on December 25, 2021, directly supporting the element that it was launched in December 2021.",Y,,supports,1.0,"The passage explicitly states that the James Webb Space Telescope launched on December 25, 2021.",Y,
t04_jwst/c1/e3/ev-3b1c2ec15952,t04_jwst,The James Webb Space Telescope was launched in December 2021.,supported,supports,This official NASA mission timeline confirms that the James Webb Space Telescope was launched in December 2021.,science.nasa.gov,https://science.nasa.gov/mission/webb/webb-mission-timeline/,primary,"- According to NASA Science, at 7:20 a.m. EST (1220 GMT) on December 25, 2021, Webb launched from CSG. - According to NASA Science, from late 2015 to early 2016, all 18 of Webb’s individual mirrors were installed on the telescope’s backplane structure to assemble the 6.6 meter (21.7 feet) mirror.",supports,1.0,"The passage explicitly states that the Webb telescope launched on December 25, 2021, which directly confirms the element.",Y,,supports,1.0,"The passage directly confirms that Webb launched on December 25, 2021.",Y,
t05_bankrate_425/c1/e1/ev-ccd1d9e6ee51,t05_bankrate_425,The Bank of England has set its benchmark Bank Rate to a level of 4.25% specifically for the date of 7 September 2026.,disputed,challenges,"Official Bank of England Monetary Policy Reports in September 2026 indicate the MPC decided to hold the Bank Rate at 3.75%, directly contradicting the claimed 4.25%.",committees.parliament.uk,https://committees.parliament.uk/event/28071/formal-meeting-oral-evidence-session/,primary,September 2026 - Bank of England Monetary Policy Reports … the MPC's most recent decision to hold the Bank Rate at 3.75%. increase the Bank Rate by 0.25%,challenges,0.95,"The passage discusses the Bank Rate being held at 3.75%, which contradicts the element's claim that the rate is set to 4.25% on 7 September 2026.",Y,,error,,no response,,
t06_sweden_focus/c1/e1/ev-0ef47dcd1457,t06_sweden_focus,Sweden did not impose a general lockdown during the 2020-22 period.,supported,supports,Confirms that Sweden never enacted legally binding stay-at-home orders or lockdown restrictions on movement.,bbc.com,https://www.bbc.com/future/article/20250304-the-countries-that-never-locked-down-for-covid-19,reporting,"- Sweden, Taiwan, Uruguay, Iceland, and a few others never enacted a lockdown involving severe restrictions on the movement of people such as legally binding stay-at-home orders. - Researchers found a noticeable spike in excess deaths in Sweden during the initial waves of the pandemic in the spring and winter of 2020. - Excess mortality fell in Norway, Finland, and Denmark in 2020, but rose compared to Sweden in 2021 and 2022. - According to Ingeborg Forthun, the four countries have a comparable number of excess deaths when accounting for differing population sizes.",supports,1.0,The passage explicitly states that Sweden never enacted a lockdown involving legally binding stay-at-home orders.,Y,,supports,0.95,The passage explicitly states that Sweden never enacted a lockdown involving severe restrictions on movement or stay-at-home orders.,Y,
t06_sweden_focus/c1/e1/ev-d385d332c1d4,t06_sweden_focus,Sweden did not impose a general lockdown during the 2020-22 period.,supported,supports,Highlights Sweden's liberal containment strategy that avoided ordering a complete lockdown of society.,academic.oup.com,https://academic.oup.com/policyandsociety/article/39/3/478/6407893,primary,Sweden's strategy to contain the COVID-19 pandemic stands out internationally as more liberal in terms of not ordering a complete lockdown of society. Sweden ...,supports,1.0,"The passage confirms that Sweden did not order a complete lockdown, which aligns with the claim that it did not impose a general lockdown.",Y,,supports,0.95,The passage directly mentions Sweden's strategy of not ordering a complete lockdown of society during the COVID-19 pandemic.,Y,
t06_sweden_focus/c1/e2/ev-842a98804320,t06_sweden_focus,Sweden's lack of a general lockdown was the primary driver of its relative mortality outcomes compared to other nations.,disputed,challenges,"Concludes that not imposing a mandatory lockdown caused a substantial increase in mortality, estimating thousands of deaths could have been avoided.",nature.com,https://www.nature.com/articles/s41598-023-45934-2,primary,"- Sweden decided not to implement a mandatory lockdown and instead allowed people free choice on whether or not to follow government recommendations to limit contact with others in March 2020. - Compared to the average number of deaths in the previous 5 years, 7,144 more Swedes died in the year 2020 in a country of approximately 10.3 million inhabitants. - Not imposing a mandatory lockdown resulted in a lower reduction of mobility and a substantial increase in mortality in Sweden. - Up to about 4,411 of the 4,6554 deaths registered in Sweden during the study period could have been avoided had Sweden implemented a mandatory lockdown, according to synthetic control method estimates.",supports,1.0,The passage explicitly states that not imposing a mandatory lockdown resulted in a substantial increase in mortality and estimates that thousands of deaths could have been avoided had Sweden implemented one.,N,direction,error,,,,
t06_sweden_focus/c1/e3/ev-75dea36bffac,t06_sweden_focus,Sweden achieved lower cumulative excess mortality per capita in 2020-22 compared to every other individual European country.,disputed,supports,Reports that Sweden had the lowest cumulative excess mortality increase in Europe for the 2020-2022 period at approximately 4.4%.,gavinpublishers.com,https://www.gavinpublishers.com/article/view/covid19-policy-handling-the-case-of-sweden-lessons-in-effective-policymaking,commentary,"By the end of 2022, data from Eurostat and other sources allowed a cumulative comparison of excess mortality across Europe’s pandemic experience. The results of this comparison confounded many experts. Sweden had the lowest cumulative excess mortality increase in Europe for 2020–2022 (Figure 1). According to figures compiled by Statistics Sweden and reported to Eurostat, Sweden’s total mortality in those three pandemic years was only about 4. 4% higher than in the immediately preceding years (adjusted for population size)",supports,1.0,The passage explicitly states that Sweden had the lowest cumulative excess mortality increase in Europe for the years 2020–2022.,Y,,supports,0.95,The passage explicitly states that Sweden had the lowest cumulative excess mortality increase in Europe for 2020–2022 when adjusted for population size.,Y,
t06_sweden_focus/c1/e3/ev-486a5114439c,t06_sweden_focus,Sweden achieved lower cumulative excess mortality per capita in 2020-22 compared to every other individual European country.,disputed,challenges,"Shows Sweden ranked 37th lowest among 42 European countries with 158 deaths per 100,000, higher than Norway (129) and Denmark (97).",frontiersin.org,https://www.frontiersin.org/journals/public-health/articles/10.3389/fpubh.2023.1206732/full,primary,"- According to available data on excess all-cause mortality rates, Sweden experienced fewer deaths per population unit during the pandemic (2020–2022) than most high-income countries. - Among 42 European countries, the cumulative excess all-cause mortality from January 2020 to December 2022 ranged from 46 to 1,080 deaths per 100,000 inhabitants, with a median of 351/100,000. - In Sweden, the excess mortality rate from January 2020 to December 2022 was 158/100,000, ranked 37th among 42 European countries. - Sweden's excess mortality rate of 158/100,000 was comparable to other Nordic countries: Norway at 129, Denmark at 97, and Finland at 228. - In 2020, the excess mortality was estimated to be 85/100,000 in Sweden. - During the second and third years of the pandemic (2021–2022), Sweden had a comparatively low excess mortality figure of 69/100,000 compared to Nordic countries (97–204) and Europe in general (median 192).",challenges,1.0,"The passage states that Sweden ranked 37th among 42 European countries for excess mortality, meaning other European countries had lower rates, which directly contradicts the claim that Sweden achieved lower cumulative excess mortality than…",Y,,challenges,0.95,The passage states that Sweden ranked 37th among 42 European countries with a rate of 158/1,Y,
t06_sweden_focus/c1/e3/ev-b4521dec0692,t06_sweden_focus,Sweden achieved lower cumulative excess mortality per capita in 2020-22 compared to every other individual European country.,disputed,challenges,"The evidence states that Sweden suffered 2,322 Covid-19 deaths per million by mid-2023 and was an outlier not in mortality, directly contradicting the claim that it had lower excess mortality than every other European country.",cato.org,https://www.cato.org/commentary/sweden-avoided-covid-lockdowns-now-reaps-benefits,commentary,"Sweden was an outlier in terms of policy but not in terms of mortality. By June 14, 2023, Sweden had suffered 2,322 Covid-19 deaths per million ...",neither,1.0,"The passage discusses Covid-19 deaths per million by June 2023, whereas the element concerns cumulative excess mortality per capita in 2020-22 compared to every other European country.",N,neither,error,,no response,,
t06_sweden_focus/c1/e3/ev-db780f394c50,t06_sweden_focus,Sweden achieved lower cumulative excess mortality per capita in 2020-22 compared to every other individual European country.,disputed,challenges,"The evidence notes that Sweden had more infections, deaths, hospitalizations, and ICU admissions than the other Nordic countries during the first three waves, challenging the claim that it achieved lower excess mortality than every other European country.",link.springer.com,https://link.springer.com/article/10.1186/s13690-025-01531-5,primary,"- Overall, Sweden had more infections, deaths, hospitalizations, and ICU admissions than the other Nordic countries during the first three waves of the pandemic. - In the fourth wave, Denmark exceeded Sweden in all outcomes. - The lowest average stringency index was observed in Iceland and the highest in Sweden.",neither,1.0,"The passage discusses infections, deaths, hospitalizations, ICU admissions, and stringency indices for Nordic countries, but does not provide data on cumulative excess mortality per capita for 2020-22 compared to all European countries.",N,neither,error,,,,
t07_sqlite_busy/c1/e1/ev-1405b90c6d65,t07_sqlite_busy,Write-ahead logging in SQLite allows concurrent readers to operate without blocking writers.,supported,supports,Confirms that in WAL mode readers never block writers and writers never block readers.,letsbuildsolutions.com,https://letsbuildsolutions.com/blog/system-design/how-sqlite-works-internally-the-b-tree-storage-engine-wal-and-why-it-powers-more-devices-than-any-other-database/,commentary,"- In Rollback Journal Mode, readers block writers and writers block readers. - In WAL mode, readers never block writers, and writers never block readers. - WAL mode fully supports multiple concurrent readers. - Only one writer can be active at a time in SQLite as it is a single-writer system at its core.",supports,1.0,"The passage explicitly states that in WAL mode, readers never block writers and writers never block readers, which directly confirms the element.",Y,,supports,1.0,The passage explicitly states that WAL mode fully supports multiple concurrent readers and that readers never block writers in SQLite.,Y,
t07_sqlite_busy/c1/e1/ev-296b8fe725bc,t07_sqlite_busy,Write-ahead logging in SQLite allows concurrent readers to operate without blocking writers.,supported,supports,States that multiple readers can run simultaneously and do not block the writer in WAL mode.,sqliteforum.com,https://www.sqliteforum.com/p/sqlite-wal-internals-frames-commits,commentary,"- Write-Ahead Logging (WAL) mode allows multiple readers to run simultaneously. - In WAL mode, a single writer operates without blocking readers. - Readers do not block the writer in WAL mode.",supports,1.0,"The passage explicitly states that in WAL mode, readers can run simultaneously while a single writer operates without blocking them.",Y,,error,,,,
t07_sqlite_busy/c1/e1/ev-60a5f8dbe86a,t07_sqlite_busy,Write-ahead logging in SQLite allows concurrent readers to operate without blocking writers.,supported,supports,Confirms that WAL mode provides concurrency where readers do not block writers.,stackoverflow.com,https://stackoverflow.com/questions/30149981/sqlite-multithread-avoid-unnecessary-blocking-for-readers,commentary,You can use Write-Ahead Logging (WAL). WAL provides more concurrency as readers do not block writers and a writer does not block readers.,supports,1.0,"The passage explicitly states that Write-Ahead Logging allows readers to not block writers, directly supporting the claim.",Y,,error,,no response,,
t07_sqlite_busy/c1/e1/ev-1338facf43b0,t07_sqlite_busy,Write-ahead logging in SQLite allows concurrent readers to operate without blocking writers.,supported,supports,Affirms that readers and writers do not block each other in WAL mode.,medium.com,https://medium.com/@reliabledataengineering/write-ahead-logs-the-hidden-engine-behind-every-database-youve-ever-used-d4ca8145d318,commentary,SQLite's WAL mode provides more concurrency as readers do not block writers and writers do not block readers. Reading and writing can proceed concurrently.,supports,1.0,The passage explicitly confirms that SQLite's WAL mode allows readers to operate without blocking writers.,Y,,supports,0.98,"The passage directly confirms that in SQLite's WAL mode, readers do not block writers and reading and writing can proceed concurrently.",Y,
t07_sqlite_busy/c1/e1/ev-2c6b54755569,t07_sqlite_busy,Write-ahead logging in SQLite allows concurrent readers to operate without blocking writers.,supported,supports,Confirms that WAL mode permits a process to read a table while another writes to it.,dba.stackexchange.com,https://dba.stackexchange.com/questions/197266/does-write-ahead-logging-allow-me-to-make-concurrent-changes-to-a-table,commentary,"In Sqlite3, Write-Ahead-Logging mode allows one process to read a table, while another is writing to it. It doesn't say anything about one ...",supports,1.0,The passage confirms that Write-Ahead-Logging mode in SQLite permits concurrent reading and writing operations.,Y,,supports,0.9,"The passage confirms that in SQLite3 Write-Ahead-Logging mode, a process can read a table concurrently while another process is writing to it.",Y,
t07_sqlite_busy/c1/e1/ev-d3eacf450aaa,t07_sqlite_busy,Write-ahead logging in SQLite allows concurrent readers to operate without blocking writers.,supported,supports,States that unlimited readers can access the database even while a writer commits a transaction.,oldmoe.blog,https://oldmoe.blog/2024/07/08/the-write-stuff-concurrent-write-transactions-in-sqlite/,commentary,"- SQLite, using the Write-Ahead-Log (WAL) journaling mode, supports an unlimited number of readers and a single writer at any given moment. - In WAL mode, an unlimited number of readers can access the database even while a single writer is committing its transaction.",supports,1.0,"The passage explicitly states that in WAL mode, readers can access the database even while a single writer is committing its transaction, directly supporting the element that write-ahead logging allows concurrent readers to operate without…",Y,,supports,0.95,"The passage confirms that in Write-Ahead-Log (WAL) mode, an unlimited number of readers can concurrently access the database even while a writer is committing a transaction.",Y,
t07_sqlite_busy/c1/e1/ev-4c0379fc2c14,t07_sqlite_busy,Write-ahead logging in SQLite allows concurrent readers to operate without blocking writers.,supported,supports,Confirms WAL mode supports having readers simultaneously with an active writer.,tenthousandmeters.com,https://tenthousandmeters.com/blog/sqlite-concurrent-writes-and-database-is-locked-errors/,commentary,"- SQLite handles concurrent writes with a global write lock allowing only one writer at a time. - If you have many concurrent write transactions, some will take a long time and some may even fail with the ""database is locked"" error. - Both rollback mode and WAL mode allow multiple parallel readers and both allow one writer at a time. - WAL mode supports having readers simultaneously with a writer, while in rollback mode, writers and readers block each other.",supports,1.0,"The passage explicitly states that WAL mode supports having readers simultaneously with a writer, which aligns with the element.",Y,,supports,0.95,"The passage states that WAL mode supports having readers simultaneously with a writer, contrasting it with rollback mode where writers and readers block each other.",Y,
t07_sqlite_busy/c1/e2/ev-18f05d1fd10f,t07_sqlite_busy,The absence of reader-writer blocking in write-ahead logging mode completely prevents SQLITE_BUSY errors under all operational circumstances.,disputed,supports,Reports observing zero SQLITE_BUSY errors under WAL mode across tested scenarios.,dbpro.app,https://www.dbpro.app/blog/sqlite-is-all-you-need,commentary,"- According to Dbpro, under WAL mode across every tested scenario, there were zero SQLITE_BUSY errors. - According to Dbpro, SQLite takes a single write lock for the whole database and writes do not run in parallel but queue.",challenges,0.9,"The passage notes that writes do not run in parallel and still queue despite WAL mode, contradicting the absolute absence of blocking and SQLITE_BUSY under all circumstances implied in the element.",N,direction,error,,no response,,
t07_sqlite_busy/c1/e2/ev-d545fde7c51e,t07_sqlite_busy,The absence of reader-writer blocking in write-ahead logging mode completely prevents SQLITE_BUSY errors under all operational circumstances.,disputed,challenges,Shows that two concurrent write attempts in WAL mode cause the second transaction to receive SQLITE_BUSY.,coddy.tech,https://coddy.tech/docs/sqlite/wal-mode-and-concurrency,commentary,"- According to Coddy, WAL mode allows a writer and any number of readers to be active at the same moment. - According to Coddy, WAL mode ensures that writes do not block reads and reads do not block writes. - According to Coddy, SQLite still serializes writes in WAL mode and only one transaction holds the write lock at any moment. - According to Coddy, if two connections both try to write at the same time in WAL mode, the second one gets SQLITE_BUSY.",challenges,1.0,"The passage explicitly states that if two connections try to write at the same time in WAL mode, the second one gets SQLITE_BUSY, which directly contradicts the claim that SQLITE_BUSY errors are completely prevented under all circumstances.",Y,,challenges,1.0,"The passage explicitly states that if two connections attempt to write at the same time in WAL mode, the second connection receives an SQLITE_BUSY error, contradicting the claim that such errors are completely prevented under all circumsta…",Y,
t07_sqlite_busy/c1/e2/ev-e2fb3dad9113,t07_sqlite_busy,The absence of reader-writer blocking in write-ahead logging mode completely prevents SQLITE_BUSY errors under all operational circumstances.,disputed,challenges,"Explains that WAL still restricts writes to one at a time, allowing concurrent writers to collide and return SQLITE_BUSY.",sqlprostudio.com,https://www.sqlprostudio.com/blog/60-fixing-database-is-locked-in-sqlite,commentary,"- According to SQLPro Studio Blog, SQLITE_BUSY means a different connection holds a lock that your statement needs. - According to SQLPro Studio Blog, with WAL enabled, readers no longer block the writer and the writer no longer blocks readers, which eliminates the largest class of SQLITE_BUSY errors in mixed read/write workloads. - According to SQLPro Studio Blog, WAL still allows only one writer at a time, so two concurrent writers can still collide.",challenges,1.0,"The passage states that WAL mode only eliminates the largest class of SQLITE_BUSY errors and allows concurrent writers to still collide, which contradicts the claim that it completely prevents these errors under all operational circumstanc…",Y,,challenges,0.95,The passage states that WAL only eliminates the largest class of SQLITE_BUSY,Y,
t07_sqlite_busy/c1/e2/ev-dcd6abe329f0,t07_sqlite_busy,The absence of reader-writer blocking in write-ahead logging mode completely prevents SQLITE_BUSY errors under all operational circumstances.,disputed,challenges,States that attempting a write while another write transaction is active immediately returns SQLITE_BUSY.,micrologics.org,https://micrologics.org/blog/sqlite-in-production-optimizing-wal-mode-concurrency-and-vfs-layers-for-low-latency-app-servers,commentary,"- In rollback mode, writes block reads, and reads block writes, where only one connection can access the database at a time during write operations. - In WAL mode, readers continue to read from the main database file and unchanged pages in the WAL while writers append new pages to the end of the WAL file. - In WAL mode, readers and writers do not block each other. - SQLite still enforces a single-writer model, where only one transaction can write to the database at any given instant. - If a second connection attempts to write while a write transaction is active, SQLite immediately returns an SQLITE_BUSY error.",challenges,1.0,"The passage explicitly states that SQLite still enforces a single-writer model and returns an SQLITE_BUSY error if a second connection attempts to write while a write transaction is active, thus contradicting the claim that SQLITE_BUSY err…",Y,,challenges,1.0,"The passage states that SQLITE_BUSY errors still occur if a second connection attempts to write while another write transaction is active, contradicting the claim that they are completely prevented.",Y,
t07_sqlite_busy/c1/e3/ev-360005c6fd2f,t07_sqlite_busy,No other conditions or operations within SQLite besides reader-writer contention can trigger a SQLITE_BUSY error when write-ahead logging is enabled.,disputed,challenges,Demonstrates that connection lifecycle locks on empty WAL databases can return SQLITE_BUSY to new readers without application writes.,hynek.me,https://hynek.me/til/sqlite-read-only-wal-locked/,commentary,"- According to hynek.me, the SQLite C library has a default connection timeout of 0. - According to hynek.me, opening or closing an empty WAL database can briefly require exclusive locks. - According to hynek.me, a new reader that arrives during connection lifecycle windows can receive SQLITE_BUSY even when no application data is being written.",challenges,1.0,"The passage states that a new reader can receive SQLITE_BUSY during connection lifecycle windows even when no application data is being written, which contradicts the claim that only reader-writer contention can trigger this error.",Y,,challenges,0.95,"The passage states that opening or closing an empty WAL database during connection lifecycle windows can trigger SQLITE_BUSY even when no application data is being written, contradicting the claim that only reader-writer contention causes …",Y,
t07_sqlite_busy/c1/e3/ev-5af5ed930557,t07_sqlite_busy,No other conditions or operations within SQLite besides reader-writer contention can trigger a SQLITE_BUSY error when write-ahead logging is enabled.,disputed,challenges,Notes that concurrent write lock contention triggers SQLITE_BUSY immediately when no busy handler is configured.,sesamedisk.com,https://sesamedisk.com/sqlite-in-production-2026-benchmarks-limits/,commentary,"- According to the daily.dev production guide, on modern NVMe SSDs with WAL mode enabled, SQLite can handle between 10,000 and 50,000 write transactions per second. - The default busy timeout in SQLite is effectively 0, where a write attempt that cannot acquire the lock returns SQLITE_BUSY immediately if no busy handler is set. - Setting PRAGMA busy_timeout = 5000 makes SQLite retry for up to 5 seconds.",neither,1.0,"The passage discusses transaction throughput and busy timeouts in SQLite, but does not address whether conditions other than reader-writer contention can trigger SQLITE_BUSY in WAL mode.",N,neither,neither,0.9,"The passage mentions that failed lock acquisitions return SQLITE_BUSY, but it does not state whether other conditions can or cannot trigger that error in WAL",N,neither
t07_sqlite_busy/c1/e3/ev-d8d272177c2b,t07_sqlite_busy,No other conditions or operations within SQLite besides reader-writer contention can trigger a SQLITE_BUSY error when write-ahead logging is enabled.,disputed,challenges,Explains that upgrading a transaction from read to write while another writer holds the lock triggers SQLITE_BUSY.,news.ycombinator.com,https://news.ycombinator.com/item?id=45781519,commentary,"- According to Hacker News comments, you get SQLITE_BUSY when transaction #1 starts in read mode, transaction #2 starts in write mode, and transaction #1 attempts to upgrade from read to write mode while transaction #2 holds the write lock. - According to Hacker News comments, in WAL mode there is at most one writer, but the writer can coexist with readers. - According to Hacker News comments, only one writer is allowed at a time no matter what in WAL mode.",neither,1.0,"The passage discusses common scenarios where SQLITE_BUSY occurs in WAL mode, but it does not address whether reader-writer contention is the exclusive cause.",N,neither,error,,no response,,
t07_sqlite_busy/c1/e3/ev-46c90f33fc9c,t07_sqlite_busy,No other conditions or operations within SQLite besides reader-writer contention can trigger a SQLITE_BUSY error when write-ahead logging is enabled.,disputed,challenges,Identifies that attempting to upgrade to a write transaction causes an SQLITE_BUSY error.,stackoverflow.com,https://stackoverflow.com/questions/66924493/sqlite-wal-mode-and-read-modify-write-operations-with-side-effects,commentary,upgrading to a write transaction is not possible and the write statement will fail with SQLITE_BUSY. I think this means that: reading from two ...,challenges,1.0,"The passage identifies upgrading to a write transaction as another condition causing SQLITE_BUSY, contradicting the claim that only reader-writer contention can trigger it.",Y,,neither,0.9,"The passage describes one scenario where a write statement fails with SQLITE_BUSY, but does not state or provide evidence that no other conditions can",N,neither
t07_sqlite_busy/c1/e3/ev-386fb836ed4f,t07_sqlite_busy,No other conditions or operations within SQLite besides reader-writer contention can trigger a SQLITE_BUSY error when write-ahead logging is enabled.,disputed,challenges,States that potential deadlock scenarios cause SQLite to return SQLITE_BUSY.,stackoverflow.com,https://stackoverflow.com/questions/964207/sqlite-exception-sqlite-busy,commentary,"If SQLite determines that invoking the busy handler could result in a deadlock, it will go ahead and return SQLITE_BUSY or SQLITE_IOERR_BLOCKED",challenges,0.9,"The passage states that deadlock avoidance can trigger SQLITE_BUSY, which contradicts the claim that only reader-writer contention can trigger it.",Y,,error,,,,
t08_ev/c1/e1/ev-0205b0fdd8ff,t08_ev,What is the total lifecycle greenhouse gas emission volume associated with the manufacturing and operation of electric cars compared to petrol cars?,supported,supports,Confirms electric vehicles release fewer lifecycle greenhouse gas emissions than internal combustion vehicles even after including battery manufacturing energy.,factcheck.org,https://www.factcheck.org/2024/02/electric-vehicles-contribute-fewer-emissions-than-gasoline-powered-cars-over-their-lifetimes/,reporting,"Q: Are electric cars really better for the environment than gasoline-powered cars over their lifetimes? A: Yes. Electric vehicles typically release fewer greenhouse gas emissions than internal combustion engine vehicles during their life cycles, even after accounting for the increased energy required to make their batteries. And their carbon footprints are expected to get smaller in the near future. FULL QUESTION Hi. I have been sent this facebook post regarding Electric car battery information which does not seem factual to me but I would like to know for sure. FULL ANSWER After seeing various versions of a viral post on social media that plays up the environmental costs of electric vehicles, readers have been asking us if EVs are really better for the environment than conventional gasoline-powered cars. The post, which includes false and misleading claims, shares a photo of a Tesla car battery and is accompanied by a long caption highlighting the minerals and energy needed to manufacture the battery — ultimately claiming that EVs take a full seven years to begin lowering carbon emissions compared with a conventional car. The production and use of all kinds of vehicles and fuels have environmental costs. Large amounts of raw minerals and other materials have to be extracted, manufactured and transported globally to make automobile bodies, engines, batteries and other components. Then the vehicles need to run — either on fuels such as gasoline or diesel, which also need to be extracted, refined, produced and distributed, or on electricity, which is generated from fossil fuels, nuclear power or renewables. And when vehicles no longer work, materials need to be recycled or disposed of. At each of these stages, vehicles are responsible for producing heat-trapping gases, known as greenhouse gases, that contribute to climate change. The total emissions across a vehicle’s lifetime are called life cycle or cradle-to-grave emissions. The transportation sector had the",supports,0.9,The passage confirms that electric vehicles typically release fewer greenhouse gas emissions than internal combustion engine vehicles during their life cycles.,Y,,error,,no response,,
t08_ev/c1/e1/ev-edf2c81bddbf,t08_ev,What is the total lifecycle greenhouse gas emission volume associated with the manufacturing and operation of electric cars compared to petrol cars?,supported,supports,States that US EPA findings show lifetime greenhouse gas emissions for electric vehicles are lower than those of average gasoline vehicles including manufacturing.,epa.gov,https://www.epa.gov/greenvehicles/electric-vehicle-myths,primary,"- Electric vehicles typically have a smaller carbon footprint than gasoline cars, even when accounting for the electricity used for charging, according to the EPA. - Electric vehicles have no tailpipe emissions. - Electric vehicles use approximately 87% to 91% of the energy from the battery and regenerative braking to propel the vehicle. - Gasoline vehicles only convert about 16% to 25% of the energy from gasoline into movement, according to EPA and Department of Energy figures. - The greenhouse gas emissions associated with an electric vehicle over its lifetime are typically lower than those from an average gasoline-powered vehicle, even when accounting for manufacturing. - Electric vehicle battery replacements due to failure are uncommon, with a recent study showing a 2.5% average replacement rate outside of major recalls, and less than 0.5% for models since 2016.",supports,1.0,"The passage explicitly states that greenhouse gas emissions associated with an electric vehicle over its lifetime, including manufacturing, are typically lower than those from an average gasoline-powered vehicle.",Y,,error,,no response,,
t08_ev/c1/e1/ev-306c9ab8112c,t08_ev,What is the total lifecycle greenhouse gas emission volume associated with the manufacturing and operation of electric cars compared to petrol cars?,supported,supports,Reports MIT research showing battery-electric vehicles reduce emissions by 40% to 60% compared to combustion vehicles across most US locations.,sustainability.mit.edu,https://sustainability.mit.edu/article/most-us-drivers-evs-offer-emissions-benefits-and-cost-savings,commentary,"- Electric vehicles generate less greenhouse gas emissions than comparable gas-powered vehicles for drivers and vehicle fleet owners in most parts of the United States, according to an MIT study. - In most locations, a battery-electric vehicle reduces emissions between 40 and 60 percent, with larger impacts in urban areas. - EVs reduce emissions the most in areas with a cleaner electricity mix, denser traffic, higher annual travel distances, and a mild climate, in decreasing order of importance. - Even in the most unfavorable conditions like very cold climates, EVs still reduce emissions by a substantial amount. - On the cost side, models show that in most places across the U.S., EVs are competitive with comparable combustion-engine vehicles in terms of lifetime ownership cost, even without clean vehicle tax credits.",neither,0.9,"The passage discusses the percentage reduction in emissions by electric vehicles compared to gas-powered vehicles, but it does not provide the total lifecycle greenhouse gas emission volume required by the element.",N,neither,error,,,,
t08_ev/c1/e1/ev-0d3b56922d00,t08_ev,What is the total lifecycle greenhouse gas emission volume associated with the manufacturing and operation of electric cars compared to petrol cars?,supported,supports,Notes UCS calculations that driving an average EV produces emissions equivalent to a 100 mpg gasoline car.,blog.ucs.org,https://blog.ucs.org/dave-reichmuth/how-much-cleaner-is-your-ev-than-a-gasoline-car/,commentary,"- Driving the average electric vehicle produces global warming emissions equal to a gasoline car with 100 mile per gallon efficiency, according to a UCS update. - 97 percent of the United States lives where driving the average EV is better on climate-changing emissions than the most efficient gasoline vehicle. - Fully electric vehicles (battery-electric vehicles) are best for emissions, but plug-in hybrids can be better than conventional vehicles when regularly plugged in. - The 2026 Lucid Air Pure rear-wheel drive has an efficiency of 23.1 kWh/100 miles and equivalent global warming emissions of 119 mpg-gasoline equivalent. - The 2025 Tesla Model 3 Long Range rear-wheel drive has an efficiency of 24.6 kWh/100 miles and equivalent global warming emissions of 112 mpg-gasoline equivalent.",neither,1.0,"The passage discusses emissions per mile and vehicle efficiency, but it does not provide the total lifecycle greenhouse gas emission volume associated with manufacturing and operation.",N,neither,neither,0.85,The passage focuses primarily on driving/operational emissions rather than providing total lifecycle greenhouse gas emission volumes that include manufacturing.,N,neither
t08_ev/c1/e1/ev-1fdbafd4debe,t08_ev,What is the total lifecycle greenhouse gas emission volume associated with the manufacturing and operation of electric cars compared to petrol cars?,supported,supports,Cites a PLOS Climate study finding electric vehicles achieve lower cumulative CO2 emissions than internal combustion vehicles after two years of operation.,eurekalert.org,https://www.eurekalert.org/news-releases/1102315,reporting,"- After two years of use, lithium-ion battery electric vehicles (BEVs) result in a reduction in cumulative carbon dioxide (CO2) emissions compared to fossil-based internal combustion engine (ICE) vehicles, according to a study published in PLOS Climate. - During the first two years of operation, electric vehicles produce 30% higher CO2 emissions than gasoline vehicles when all lifecycle factors are considered. - After the second year of on-road use, electric vehicles begin reducing cumulative emissions compared to gasoline alternatives. - Internal combustion vehicles lead to about 2-3 times more damage than EVs when considering both climate and air quality, according to Dr. Drew Shindell.",supports,0.9,The passage provides specific lifecycle greenhouse gas emission comparisons between electric and petrol (gasoline) cars over time.,Y,,error,,,,
t08_ev/c1/e1/ev-9fb0d5e4da44,t08_ev,What is the total lifecycle greenhouse gas emission volume associated with the manufacturing and operation of electric cars compared to petrol cars?,supported,supports,"Explains that while EV battery production is carbon-intensive, operational efficiencies more than make up for it over the vehicle's life.",climate.mit.edu,https://climate.mit.edu/ask-mit/are-electric-vehicles-definitely-better-climate-gas-powered-cars,commentary,"Yes: although electric cars' batteries make them more carbon-intensive to manufacture than gas cars, they more than make up for it by driving ...",supports,0.9,"The passage addresses the total lifecycle greenhouse gas emissions by noting that although manufacturing electric cars is more carbon-intensive, they make up for it during driving.",Y,,error,,no response,,
t08_ev/c1/e1/ev-7847753c9c44,t08_ev,What is the total lifecycle greenhouse gas emission volume associated with the manufacturing and operation of electric cars compared to petrol cars?,supported,supports,Quantifies that an EV produces 37 metric tons of lifecycle CO2 compared to 63 metric tons for a comparable gas car over 12 years.,recurrentauto.com,https://www.recurrentauto.com/research/just-how-dirty-is-your-ev,commentary,"- Manufacturing an average gas powered sedan creates about six metric tons of carbon dioxide emissions, while manufacturing an electric vehicle of the same size creates more than 10 metric tons of carbon dioxide emissions. - Electric vehicles produce zero tailpipe emissions when they are used. - For a single mile, gas cars produce about 400 grams of CO2, and 8,887 grams CO2 per gallon burned. - Over their entire lifetime, assuming 11,000 miles a year and a 12 year life, a gas car produces 63 metric tons of CO2 while an EV produces 37 metric tons of CO2. - Over the course of its life, a new gasoline car will produce an average of 410 grams of carbon dioxide per mile, whereas a new electric car will produce only 110 grams. - It takes less than 2 years (about 1.4 to 1.9 years) for electric vehicles to catch up and start surpassing gas fueled cars when the environmental break-even point is reached. - The average efficiency for gas cars in the U.S. is about 25 mpg, while the average efficiency for an EV in the US is near 100 mpgE.",supports,1.0,The passage provides specific lifecycle greenhouse gas emission volumes for both manufacturing and operation of electric cars compared to petrol cars.,Y,,supports,0.95,The passage provides detailed comparative figures for both manufacturing and lifetime operation emissions for electric vehicles versus gas-powered cars.,Y,
t08_ev/c1/e1/ev-c4472ad6e3c3,t08_ev,What is the total lifecycle greenhouse gas emission volume associated with the manufacturing and operation of electric cars compared to petrol cars?,supported,supports,"Details that EVs reduce lifecycle greenhouse emissions by 20% to 70% depending on grid mix, offsetting production emissions within 2 to 3 years.",felss.com,https://felss.com/en/blog/understanding-the-electric-vehicle-ecological-impact/,commentary,"- Producing an electric vehicle battery can generate between 150 to 200 kilograms of CO2 per kilowatt-hour of battery capacity. - For a typical 60 kWh battery, production generates approximately 9 to 12 tons of CO2 emissions during production alone. - Once on the road, electric vehicles produce zero tailpipe emissions. - In countries with a high share of renewable energy, such as Norway or Iceland, EVs can reduce greenhouse gas emissions by up to 70% compared to conventional vehicles. - In areas heavily dependent on coal-fired power plants, the reduction might be as low as 20-30%. - The break-even point, where the environmental benefits outweigh the production emissions, typically occurs after 2 to 3 years of driving.",supports,0.9,"The passage provides specific data on manufacturing emissions, operational emissions, overall emission reductions compared to conventional vehicles, and break-even points, which directly addresses the total lifecycle greenhouse gas emissio…",Y,,supports,0.9,The passage provides,Y,
t08_ev/c1/e1/ev-3b11f7f094aa,t08_ev,What is the total lifecycle greenhouse gas emission volume associated with the manufacturing and operation of electric cars compared to petrol cars?,supported,supports,Reports Transport & Environment data indicating electric cars in Europe emit more than three times less CO2 on average than petrol cars.,transportenvironment.org,https://www.transportenvironment.org/topics/cars/are-electric-cars-cleaner,primary,"Electric cars in Europe emit, on average, more than 3 times less CO2 than equivalent petrol cars.",supports,0.9,"The passage provides comparative data on greenhouse gas emissions between electric and petrol cars, directly addressing the core of the element.",Y,,error,,no response,,
t08_ev/c1/e1/ev-a74865b09b8f,t08_ev,What is the total lifecycle greenhouse gas emission volume associated with the manufacturing and operation of electric cars compared to petrol cars?,supported,supports,Cites peer-reviewed lifecycle studies in Science demonstrating large CO2 reductions for battery electric vehicles compared to internal combustion vehicles.,science.org,https://www.science.org/doi/10.1126/science.adv5441,primary,Life cycle studies show that battery electric vehicles (BEVs) can achieve large CO2 reductions relative to ICE vehicles (3–10). These studies account for the ...,supports,0.9,The passage confirms that life cycle studies show battery electric vehicles achieve large CO2 reductions relative to internal combustion engine vehicles.,Y,,error,,no response,,
t08_ev/c1/e1/ev-c72b0732c895,t08_ev,What is the total lifecycle greenhouse gas emission volume associated with the manufacturing and operation of electric cars compared to petrol cars?,supported,supports,States US Department of Energy data indicating all-electric vehicles maintain an overall lifecycle emissions advantage over conventional vehicles.,afdc.energy.gov,https://afdc.energy.gov/vehicles/electric-emissions,primary,"- All-electric vehicles, plug-in hybrid electric vehicles (PHEVs), and hybrid electric vehicles (HEVs) typically produce lower tailpipe emissions than conventional vehicles do, and zero tailpipe emissions when running only on electricity. - In geographic areas that use relatively low-polluting energy sources for electricity generation, all-electric vehicles and PHEVs typically have an especially large life cycle emissions advantage over similar conventional vehicles running on gasoline or diesel. - All-electric vehicles produce zero direct emissions. - PHEVs produce zero direct emissions when they are in all-electric mode, but they can produce evaporative emissions.",neither,0.9,"The passage mentions that electric vehicles have a life cycle emissions advantage in certain areas, but it does not provide the total lifecycle greenhouse gas emission volume compared to petrol cars.",N,neither,error,,no response,,
t08_ev/c1/e1/ev-884588a9924a,t08_ev,What is the total lifecycle greenhouse gas emission volume associated with the manufacturing and operation of electric cars compared to petrol cars?,supported,supports,Reports that EVs overcome their higher manufacturing emissions within two years to generate lower overall emissions.,apnews.com,https://apnews.com/article/climate-electric-vehicles-gasoline-emissions-fossil-fuels-4a37b8f7dab121f5029fd06bed7123c7,reporting,But a new study says that EVs quickly make up for that with less overall emissions through two years of use than a gas-powered vehicle.,neither,0.9,"The passage discusses the timeframe in which EVs offset their emissions compared to gas-powered vehicles, but does not state the total lifecycle greenhouse gas emission volume.",N,neither,error,,no response,,
t08_ev/c1/e1/ev-04852242fa6a,t08_ev,What is the total lifecycle greenhouse gas emission volume associated with the manufacturing and operation of electric cars compared to petrol cars?,supported,supports,"Shows cradle-to-grave analysis where battery electric cars produce half the lifecycle emissions of average gasoline vehicles, offsetting build emissions in 6 to 18 months.",ucs.org,https://www.ucs.org/resources/cleaner-cars-cradle-grave,primary,"- Driving the average EV is responsible for fewer global warming emissions than the average new gasoline car everywhere in the US. - Battery electric cars generate half the emissions of the average comparable gasoline car, even when pollution from battery manufacturing is accounted for. - Manufacturing a mid-sized EV with an 84-mile range results in about 15 percent more emissions than manufacturing an equivalent gasoline vehicle. - For larger, longer-range EVs that travel more than 250 miles per charge, the manufacturing emissions can be as much as 68 percent higher. - Battery electric cars make up for their higher manufacturing emissions within eighteen months of driving—shorter range models can offset the extra emissions within 6 months—and continue to outperform gasoline cars until the end of their lives. - By the end of their lives, gas-powered cars spew out almost twice as much global warming pollution than the equivalent electric car.",supports,1.0,"The passage provides specific lifecycle greenhouse gas emission comparisons between electric and petrol cars, including manufacturing and operation phases.",Y,,supports,0.95,The passage provides specific comparative lifecycle greenhouse gas,Y,
t08_ev/c1/e1/ev-6a1565881d83,t08_ev,What is the total lifecycle greenhouse gas emission volume associated with the manufacturing and operation of electric cars compared to petrol cars?,supported,supports,The fact-check confirms the core claim that electric vehicles emit less carbon over their lifecycle than gas cars.,usatoday.com,https://www.usatoday.com/story/news/factcheck/2022/06/09/fact-check-electric-vehicles-emit-less-carbon-over-life-than-gas-cars/9900644002/,reporting,Fact-check rating: Missing Context,neither,1.0,"The passage only provides a fact-check rating and mentions missing context, without containing any information about the greenhouse gas emissions of electric versus petrol cars.",N,neither,neither,1.0,The passage contains only a rating label and provides no information or data comparing the lifecycle greenhouse gas emissions of electric and petrol cars.,N,neither
t08_ev/c1/e1/ev-rec-e2_3_6e4ef01c,t08_ev,What is the total lifecycle greenhouse gas emission volume associated with the manufacturing and operation of electric cars compared to petrol cars?,supported,supports,"States that producing an electric car emits more greenhouse gases than an equivalent ICE car, answering the manufacturing comparison portion of the lifecycle question.",carbone4.com,https://carbone4.com/en/analysis-faq-electric-vehicles,commentary,"Producing an electric car emits more greenhouse gases (CO₂e) than an equivalent ICE car (Internal Combustion Engine), mainly due to the manufacturing of ...",neither,0.9,The passage only mentions manufacturing emissions and does not provide the total lifecycle greenhouse gas emission volume for both manufacturing and operation combined as requested in the element.,N,neither,neither,0.9,The passage only discusses production emissions and cuts off without providing,N,neither
t08_ev/c1/e1/ev-rec-e2_4_9de49286,t08_ev,What is the total lifecycle greenhouse gas emission volume associated with the manufacturing and operation of electric cars compared to petrol cars?,supported,supports,Reports that on average EVs emit 25-33% less carbon than gas-powered vehicles over their lifecycle despite intensive battery manufacturing.,reddit.com,https://www.reddit.com/r/technology/comments/1u968dk/burning_gas_pollutes_so_much_dirty_ev_battery/,commentary,"The biggest issue is the battery manufacturing is relatively carbon intensive. tire pollution, ect, on average it emits 25-33% less carbon than gas powered ...",supports,0.9,The passage provides data on the total carbon emission comparison between electric and gas-powered cars over their lifecycle.,Y,,error,,no response,,
t08_ev/c1/e1/ev-rec-e2_0_b7fc9c23,t08_ev,What is the total lifecycle greenhouse gas emission volume associated with the manufacturing and operation of electric cars compared to petrol cars?,supported,supports,Reports that in most US locations a battery electric vehicle cuts total lifecycle emissions by around 40% compared to an equivalent petrol car.,green.org,https://green.org/transportation/mit-just-proved-evs-are-cleaner-than-petrol-cars-everywhere-even-on-coal/,reporting,"In most locations across the United States, a battery electric vehicle cuts lifecycle emissions by around 40% compared to an equivalent petrol car. In urban areas, the reductions are even larger.",supports,1.0,The passage provides specific evidence regarding the total lifecycle greenhouse gas emissions of electric cars compared to petrol cars.,Y,,error,,no response,,
t08_ev/c1/e1/ev-rec-e2_1_f7e1a192,t08_ev,What is the total lifecycle greenhouse gas emission volume associated with the manufacturing and operation of electric cars compared to petrol cars?,supported,supports,Cites a lifecycle analysis showing that replacing a working petrol SUV with an EV often reduces cumulative emissions despite a manufacturing carbon bump.,we-news.com,https://we-news.com/za/study-in-science-finds-replacing-a-working-petrol-suv-with-an-ev-can-cut-16-year-emissions-by-44,reporting,A lifecycle analysis in Science shows that scrapping a working petrol SUV early and replacing it with a battery electric vehicle often reduces cumulative emissions despite a manufacturing carbon bump.,supports,0.9,The passage provides lifecycle analysis evidence indicating that replacing a petrol car with an electric vehicle reduces cumulative greenhouse gas emissions.,Y,,error,,,,
t08_ev/c1/e1/ev-rec-e2_2_013d8861,t08_ev,What is the total lifecycle greenhouse gas emission volume associated with the manufacturing and operation of electric cars compared to petrol cars?,supported,supports,"Notes that while production phase emissions can be higher due to battery materials, EVs typically emit less over their lifetime than ICE vehicles.",drivesmarttools.org,https://drivesmarttools.org/carbon-emissions-electric-vehicle-manufacturing/,commentary,"Electric vehicle (EV) production involves emissions from battery manufacturing, vehicle assembly, and upstream supply chains. While EVs typically emit less over their lifetime than internal combustion engine vehicles, the production phase can be higher due to battery materials and industrial energy use.",neither,0.9,"The passage discusses the general fact that electric vehicles have lower lifetime emissions than petrol cars and higher production emissions, but it does not provide the specific total lifecycle greenhouse gas emission volume required by t…",N,neither,error,,no response,,
t08_ev/c1/e1/ev-rec-e2_3_e5a312ec,t08_ev,What is the total lifecycle greenhouse gas emission volume associated with the manufacturing and operation of electric cars compared to petrol cars?,supported,supports,References research published in Nature Climate Change analyzing full lifecycle emissions and finding lifetime emissions lower than gas vehicles.,us.ok.com,https://us.ok.com/ask_news_cars/mit-study-debunks-ev-myth-lifetime-emissions-lower-than-gas-cars/,reporting,"The research, published in the journal Nature Climate Change, analyzed the full lifecycle of EVs and internal combustion engine vehicles (ICEVs) across 50 different regions, using updated grid mix projections and battery production data through 2025.",neither,1.0,"The passage mentions that the research analyzed the full lifecycle emissions of EVs and petrol cars, but it does not state what the actual comparison or emission volume findings were.",N,neither,neither,0.9,The,N,neither
t08_ev/c1/e1/ev-rec-e2_4_bb9aeb18,t08_ev,What is the total lifecycle greenhouse gas emission volume associated with the manufacturing and operation of electric cars compared to petrol cars?,supported,supports,Estimates that EVs generally produce lower lifetime greenhouse gas emissions than comparable gasoline vehicles and calculates manufacturing offset mileage.,centralintelligence.co,https://centralintelligence.co/climate/topics/ev-replacement-cuts-lifetime-emissions-20260814,reporting,"EVs generally produce lower lifetime greenhouse gas emissions than comparable gasoline or diesel vehicles, including manufacturing impacts. The study estimates manufacturing emissions are offset after roughly 4,400 annual miles for electric cars and 6,700 miles for electric trucks.",supports,1.0,"The passage provides information comparing the total lifecycle greenhouse gas emissions of electric cars versus petrol cars, including manufacturing impacts.",Y,,error,,no response,,
t08_ev/c1/e1/ev-rec-e2_6_ddcbe25c,t08_ev,What is the total lifecycle greenhouse gas emission volume associated with the manufacturing and operation of electric cars compared to petrol cars?,supported,supports,Concludes from MIT-led research that battery-electric vehicles beat comparable gas cars on lifecycle emissions across the U.S.,carscoops.com,https://www.carscoops.com/2026/08/mit-ev-emissions-study/,reporting,"The analysis tackled the variables usually missing from that argument, like where drivers live, what powers their grid, what they drive, how far they travel, and even the weather. Its conclusion isn’t that EVs are perfect. It’s that battery-electric vehicles beat comparable gas cars on lifecycle emissions across the U. , including where electricity still comes heavily from fossil fuels. Published in Environmental Research Letters, the MIT-led research first reported by InsideEVs found that EVs c",supports,0.9,"The passage provides evidence directly addressing the comparison of total lifecycle emissions between electric and petrol cars, concluding that electric vehicles beat comparable gas cars.",Y,,error,,,,
t08_ev/c1/e2/ev-a9fb3a372c64,t08_ev,What pollutants are emitted during the extraction and refining processes of materials used in electric car batteries versus petrol car fuel?,unresolved,supports,Details emissions and environmental impacts of cobalt and lithium mining (~1.5M and ~1.3M tonnes CO2e annually plus local pollution) versus fossil fuel extraction (~34 billion tonnes CO2e).,earth.org,https://earth.org/lithium-and-cobalt-mining/,reporting,"- Fossil fuel mining, including coal, oil, and gas, is estimated to be responsible for the emission of around 34 billion tonnes of carbon dioxide equivalent worldwide annually. - Cobalt mining is responsible for around 1.5 million tonnes of carbon dioxide equivalent annually. - Lithium mining is estimated to produce around 1.3+ million tonnes of carbon annually, with every tonne of mined lithium equating to 15 tonnes of CO2 into the air. - The environmental impacts of lithium and cobalt mining, though lower than fossil fuel production, include energy-intensive extraction methods that result in pollution, land degradation, and potential groundwater contamination.",supports,0.9,"The passage provides information regarding the pollutants, specifically carbon dioxide emissions and other environmental impacts, emitted during the extraction and refining processes of battery materials like cobalt and lithium compared to…",Y,,error,,no response,,
t08_ev/c1/e3/ev-dc6280c0d0ce,t08_ev,How do the particulate matter emissions from tire and brake wear compare between electric cars and petrol cars of similar weight classes?,supported,supports,Cites study findings showing regenerative braking reduces EV brake dust pollution by 83% and total non-exhaust particulate matter by 38% compared to petrol cars.,apexmechanicalbg.com,https://www.apexmechanicalbg.com/beyond-the-tailpipe-the-hidden-perks-and-oddities-of-electric-vehicles-and-brake-dust-pollution,commentary,"- Electric vehicles slash brake dust emissions because regenerative braking allows them to slow down without relying heavily on friction brakes. - According to an EIT Urban Mobility study, EVs cut brake dust pollution by 83% compared to petrol cars. - Total non-exhaust particulate pollution, which includes brake, tire, and road wear, is 38% lower in battery electric vehicles compared to petrol cars. - The EIT Urban Mobility study focused on London, Milan, and Barcelona in 2025.",supports,1.0,The passage provides specific data comparing particulate matter emissions (brake dust and total non-exhaust emissions including tire wear) between electric and petrol cars.,Y,,error,,no response,,
t08_ev/c1/e3/ev-cffdf41772c4,t08_ev,How do the particulate matter emissions from tire and brake wear compare between electric cars and petrol cars of similar weight classes?,supported,supports,Reports VTTI findings that EVs generate less combined brake and tire particulate matter than gasoline cars provided at least 15% of driving occurs in urban conditions.,ev.com,https://ev.com/news/study-reveals-evs-produce-less-brake-and-tire-pollution-with-fewer-non-exhaust-emissions,reporting,"- A study from the Virginia Tech Transportation Institute (VTTI) revealed that EVs can generate less particulate matter from brakes and tires compared to traditional gasoline vehicles. - EVs demonstrated superior environmental performance under specific conditions despite being around 40% heavier than their gasoline counterparts. - Regenerative braking captures braking energy to recharge the battery and significantly reduces brake dust emissions. - The research established that if at least 15% of driving occurs in city conditions, EVs maintain their position as the cleaner option overall.",supports,1.0,The passage provides evidence that EVs can generate less particulate matter from brakes and tires compared to traditional gasoline vehicles despite being heavier.,Y,,error,,no response,,
t08_ev/c1/e4/ev-a768dcd778e4,t08_ev,What proportion of the electricity used to charge electric cars is generated from fossil fuels across major vehicle markets?,supported,supports,"Provides grid composition data for Britain, stating that zero-carbon power reached 50% in 2021 with the remainder supplied by fossil fuels.",electriccarscheme.com,https://www.electriccarscheme.com/blog/ev-myth-busting-the-electricity-for-ev-charging-is-created-by-fossil-fuels,commentary,"- While electric vehicles do have environmental impacts during manufacturing, their lifetime carbon emissions are substantially lower than petrol or diesel vehicles. - Electric vehicles have zero tailpipe emissions. - The share of zero-carbon power in Britain’s electricity mix has grown from less than 20% in 2010 to 50% in 2021, according to the National Grid. - The combustion of 1 litre of diesel releases approximately 13% more CO2 than the same amount of petrol. - When comparing the carbon emissions of an electric car with petrol or diesel car over their lifetime, electric cars produce much less than an internal combustion engine.",neither,1.0,"The passage discusses overall carbon emissions, zero-carbon power growth in Britain, and tailpipe emissions, but it does not provide data on the proportion of electricity generated from fossil fuels for charging electric cars across major …",N,neither,error,,no response,,
t08_ev/c1/e4/ev-rec-e4_3_a72d981d,t08_ev,What proportion of the electricity used to charge electric cars is generated from fossil fuels across major vehicle markets?,supported,supports,Notes that EVs require electricity from the grid and environmental benefits vary depending on how a state or region supplies its power grid across the U.S.,energycenter.org,https://energycenter.org/thought-leadership/blog/state-electric-vehicle-adoption-us-and-role-incentives-market,commentary,"(Alternative Fuels Data Center, June 2026). Frequently Asked Questions Q: What are the benefits of EVs. Electric vehicles are far cleaner to operate than traditional gas-powered cars and trucks. Since EVs require electricity from the grid, their environmental benefits vary depending on how a state or region supplies its power grid. But averaged across the U",neither,1.0,"The passage discusses the general environmental benefits of EVs and mentions that electricity sources vary by region, but it does not provide data on the specific proportion of electricity generated from fossil fuels.",N,neither,neither,0.95,The passage cuts off and does not provide data or proportions regarding the share of electricity used to charge electric cars generated from fossil fuels.,N,neither
t08_ev/c1/e4/ev-rec-e4_1_b3a2868f,t08_ev,What proportion of the electricity used to charge electric cars is generated from fossil fuels across major vehicle markets?,supported,supports,"Analyzes projected grid emissions from EV battery charging in the United States, indicating the proportion and future decline of fossil fuel reliance.",nature.com,https://www.nature.com/articles/s41598-026-43525-5,primary,"Our analysis suggests that, by 2030, total grid emissions of CO2, N2O, and CH4 from EV battery charging in the United States are projected to decline by 52.67%, ...",neither,1.0,"The passage discusses projected reductions in grid emissions for the United States by 2030, but does not provide information on the proportion of electricity generated from fossil fuels used to charge electric cars across major markets.",N,neither,neither,0.95,The passage,N,neither
t08_ev/c1/e4/ev-rec-e4_5_162986f0,t08_ev,What proportion of the electricity used to charge electric cars is generated from fossil fuels across major vehicle markets?,supported,supports,"States that the USA uses an average of 59% of fossil fuel to generate electricity in 2024, addressing the proportion of fossil fuel generation in a major vehicle market.",energycentral.com,https://www.energycentral.com/energy-biz/post/total-overall-energy-efficiency-of-electric-vehicles-OVmslziNZzqZW3l,commentary,"3) USA is using in average 59% of fossil fuel to generate electricity (2024) , with the exception to Maine, Vermont, Washington state, partially California and ...",supports,1.0,"The passage provides specific data on the proportion of electricity generated from fossil fuels in a major vehicle market (the USA), which directly addresses the element.",Y,,neither,0.85,The element,N,neither
t09_sqlite_url/c1/e1/ev-25540bba9e1e,t09_sqlite_url,"SQLite released version 3.7.0 on July 21, 2010.",supported,supports,Confirms SQLite version 3.7.0 was released on 2010-07-21.,forum.xojo.com,https://forum.xojo.com/t/sqlite-concurrency/40330,commentary,- A database in WAL journaling mode can only be accessed by SQLite version 3.7.0 (2010-07-21) or later.,supports,0.9,"The passage confirms the release date of SQLite version 3.7.0 as July 21, 2010, which directly supports the element.",Y,,supports,0.95,The passage explicitly associates,Y,
t09_sqlite_url/c1/e1/ev-rec-e1_4_159f8b0c,t09_sqlite_url,"SQLite released version 3.7.0 on July 21, 2010.",supported,supports,Reports that SQLite version 3.7.0 was released in July 2010.,theregister.com,https://www.theregister.com/databases/2026/08/12/deeply-buried-16-year-old-sqlite-bug-caused-last-years-tailscale-outages/5287004,reporting,"SQLite maintainers believe the bug was present going all the way back to version 3.7.0, released in July 2010; it's now fixed, and the SQLite team recommends",supports,0.9,"The passage confirms that SQLite version 3.7.0 was released in July 2010, which directly supports the specific release date in the element.",Y,,supports,0.85,"The passage confirms that SQLite version 3.7.0 was released in July 2010, which strongly supports the element despite omitting the specific day",Y,
t09_sqlite_url/c1/e1/ev-rec-e1_4_25a742eb,t09_sqlite_url,"SQLite released version 3.7.0 on July 21, 2010.",supported,supports,Confirms that SQLite version 3.7.0 was released in July 2010.,finance.biggo.com,https://finance.biggo.com/news/794779f2-8f84-474f-85f8-503ce0f1eea4,reporting,"SQLite maintainers confirmed the bug dates back to version 3.7.0 released in July 2010, and a fix is now available with users advised to upgrade.",supports,0.9,"The passage confirms that SQLite version 3.7.0 was released in July 2010, which directly aligns with the element's claim.",Y,,error,,no response,,
t09_sqlite_url/c1/e2/ev-acc30e96d096,t09_sqlite_url,Version 3.7.0 of SQLite introduced the Write-Ahead Log (WAL) option.,supported,supports,Reports that SQLite version 3.7.0 features a new transaction control mechanism using a write-ahead log (WAL).,borelly.net,https://borelly.net/cb/docs/sqlite-3.7.2/news.html,reporting,- SQLite version 3.7.0 is a major release of SQLite that features a new transaction control mechanism using a write-ahead log or WAL.,supports,1.0,The passage explicitly states that SQLite version 3.7.0 features a write-ahead log (WAL).,Y,,supports,1.0,The passage explicitly states that SQLite version 3.7.0 features a new transaction control mechanism using a write-ahead log (WAL).,Y,
t09_sqlite_url/c1/e2/ev-079c54c853af,t09_sqlite_url,Version 3.7.0 of SQLite introduced the Write-Ahead Log (WAL) option.,supported,supports,Documents that the Write-Ahead Log option became available beginning with version 3.7.0.,cloud.tencent.com,https://cloud.tencent.com/developer/section/1420456,commentary,"- Beginning with version 3.7.0 (2010-07-21), a new ""Write-Ahead Log"" option (hereafter referred to as ""WAL"") is available.",supports,1.0,The passage explicitly confirms that version 3.7.0 of SQLite introduced the Write-Ahead Log option.,Y,,supports,0.98,The passage directly states that the Write-Ahead Log (WAL) option became available beginning with version 3.7.0.,Y,
t09_sqlite_url/c1/e2/ev-750c5f329352,t09_sqlite_url,Version 3.7.0 of SQLite introduced the Write-Ahead Log (WAL) option.,supported,supports,Explains that SQLite introduced the write-ahead log (WAL) in SQLite 3.7.0 in 2010.,fly.io,https://fly.io/blog/sqlite-internals-wal/,commentary,"- In 2010, SQLite introduced a second method called the write-ahead log, or as it’s more commonly referred to: the WAL. - This is the big-endian integer representation of 3007000 which means it’s the WAL version created in SQLite 3.7.0.",supports,1.0,The passage explicitly states that the WAL version was created in SQLite 3.7.0.,Y,,supports,0.95,The passage confirms that the WAL (write-ahead log) was introduced by SQLite and specifically mentions the WAL version created in SQLite 3.7.0.,Y,
t09_sqlite_url/c1/e2/ev-44a7fa0c3849,t09_sqlite_url,Version 3.7.0 of SQLite introduced the Write-Ahead Log (WAL) option.,supported,supports,Affirms that WAL mode has been available since SQLite 3.7.0.,sqlprostudio.com,https://www.sqlprostudio.com/blog/60-fixing-database-is-locked-in-sqlite,commentary,- WAL mode has been available since SQLite 3.7.0 (2010) and is a persistent property of the database file.,supports,1.0,"The passage explicitly confirms that WAL mode has been available since SQLite 3.7.0, directly validating the element.",Y,,supports,0.95,The passage confirms that WAL mode has been available since SQLite 3.7.0.,Y,
t09_sqlite_url/c1/e2/ev-rec-e1_2_314a5303,t09_sqlite_url,Version 3.7.0 of SQLite introduced the Write-Ahead Log (WAL) option.,supported,supports,"States that .WAL files (Write-Ahead Log) are used by SQLite databases version 3.7.0 and newer, indicating the feature was introduced in that version.",youtube.com,https://www.youtube.com/watch?v=hcHxpsftiko,commentary,Rated) https://www.filemagic.com/?utm_source=youtube&utm_content=WAL A .WAL file is a Write-Ahead Log used by SQLite databases (version 3.7.0 and newer) ...,supports,1.0,"The passage explicitly states that a .WAL file is used by SQLite databases version 3.7.0 and newer, which directly supports the element.",Y,,supports,0.9,"The passage states that Write-Ahead Logs are used by SQLite databases version 3.7.0 and newer, which supports that the feature was introduced in version 3.7.0.",Y,
t09_sqlite_url/c2/e1/ev-60a03fe2c92e,t09_sqlite_url,SQLite automatically initiates a checkpoint by default when the WAL file reaches a threshold size of 1000 pages.,supported,supports,States that SQLite automatically checkpoints by default once the WAL file reaches a 1000-page threshold.,news.ycombinator.com,https://news.ycombinator.com/item?id=48954157,commentary,"- By default, SQLite does a checkpoint automatically when the WAL file reaches a threshold size of 1000 pages.",supports,1.0,"The passage explicitly states that SQLite automatically does a checkpoint when the WAL file reaches a threshold of 1000 pages, which directly aligns with the element.",Y,,supports,1.0,"The passage directly states that by default, SQLite automatically performs a checkpoint when the WAL file reaches a threshold size of 1000 pages.",Y,
t09_sqlite_url/c2/e1/ev-07381f83994a,t09_sqlite_url,SQLite automatically initiates a checkpoint by default when the WAL file reaches a threshold size of 1000 pages.,supported,supports,Confirms SQLite triggers a checkpoint once WAL reaches the default threshold of 1000 pages.,theconsensus.dev,https://theconsensus.dev/p/2026/08/23/another-look-at-sqlite-wal-reset.html,commentary,"- According to theconsensus.dev, once the WAL has reached a threshold size of 1,000 pages (by default), SQLite triggers a ""checkpoint"".",supports,1.0,"The passage explicitly states that SQLite triggers a checkpoint once the WAL reaches a threshold size of 1,000 pages by default, which directly aligns with the element.",Y,,supports,1.0,"The passage explicitly states that SQLite triggers a checkpoint by default once the WAL reaches a threshold size of 1,000 pages.",Y,
t09_sqlite_url/c2/e1/ev-rec-e1_1_35beb95f,t09_sqlite_url,SQLite automatically initiates a checkpoint by default when the WAL file reaches a threshold size of 1000 pages.,supported,supports,"States that by default, SQLite does a checkpoint automatically when the WAL file reaches a threshold size of 1000 pages.",news.ycombinator.com,https://news.ycombinator.com/item?id=48899847,commentary,"id=40688336 I'm absolutely no expert, I'm just reading about it now, but from the SQLite WAL documentation [0]: > 7. There is the extra operation of checkpointing which, though automatic by default, is still something that application developers need to be mindful of. and from their ""checkpointing"" documentation [1]: > By default, SQLite does a checkpoint automatically when the WAL file reaches a threshold size of 1000 pages. I'm only skimming but I see no mention of waiting for an idle time win",supports,1.0,"The passage explicitly states that by default, SQLite does a checkpoint automatically when the WAL file reaches a threshold size of 1000 pages.",Y,,supports,1.0,The passage directly quotes SQLite documentation stating that SQLite automatically does a checkpoint by default when the WAL file reaches a threshold size of 1000 pages.,Y,
t09_sqlite_url/c2/e1/ev-rec-e1_2_4c6a0432,t09_sqlite_url,SQLite automatically initiates a checkpoint by default when the WAL file reaches a threshold size of 1000 pages.,supported,supports,Confirms SQLite checkpoints automatically when the WAL passes approximately 1000 pages.,coddy.tech,https://coddy.tech/docs/sqlite/wal-mode-and-concurrency,primary,"Checkpoints: Folding the WAL Back The WAL file can't grow forever. Checkpointing is the process of taking the committed pages in the WAL and writing them into the main database, then resetting the WAL. SQLite checkpoints automatically when the WAL passes ~1000 pages (the default wal_autocheckpoint). For most apps you can leave that alone. If you want to tune it or trigger one manually: The wal_checkpoint pragma takes a mode: PASSIVE- checkpoint as much as possible without disrupting readers/writ",supports,1.0,The passage explicitly confirms that SQLite checkpoints automatically when the WAL passes approximately 1000 pages by default.,Y,,supports,0.95,The passage directly confirms that SQLite checkpoints automatically by default when the WAL reaches around 1000 pages.,Y,
t09_sqlite_url/c2/e1/ev-rec-e1_4_82c0935a,t09_sqlite_url,SQLite automatically initiates a checkpoint by default when the WAL file reaches a threshold size of 1000 pages.,supported,supports,"Indicates that by default, an automatic checkpoint triggers after 1000 pages are written to the WAL.",oneuptime.com,https://oneuptime.com/blog/post/2026-03-02-how-to-set-up-sqlite-with-wal-mode-on-ubuntu/view,commentary,"executescript(''' PRAGMA synchronous = NORMAL; PRAGMA cache_size = -32768; PRAGMA temp_store = MEMORY; ''') return conn WAL File Size and Checkpointing The WAL file grows as writes happen. It is periodically checkpointed back to the main database file. By default, an automatic checkpoint triggers after 1000 pages are written to the WAL. -- Check current WAL autocheckpoint setting PRAGMA wal_autocheckpoint; -- Default: 1000 -- Increase to reduce checkpoint frequency (better write throughput) -- b",supports,1.0,"The passage explicitly states that by default, an automatic checkpoint triggers after 1000 pages are written to the WAL.",Y,,supports,1.0,The passage explicitly states that an automatic checkpoint triggers by default after 1000 pages are written to the WAL.,Y,
t09_sqlite_url/c2/e2/ev-f9b18f29a95b,t09_sqlite_url,An SQLite database connection defaults to journal_mode set to DELETE.,supported,supports,Confirms SQLite operates with journal_mode = DELETE by default.,news.ycombinator.com,https://news.ycombinator.com/item?id=45006223,commentary,"sqlite in its default (journal_mode = DELETE) is not durable. Because DELETE depends on deleting a file (not modifying file contents), it much depends on the ...",supports,1.0,The passage explicitly states that SQLite's default journal_mode is DELETE.,Y,,supports,0.95,The passage explicitly states that SQLite's default is journal_mode = DELETE.,Y,
t09_sqlite_url/c2/e2/ev-rec-e2_3_86c9b258,t09_sqlite_url,An SQLite database connection defaults to journal_mode set to DELETE.,supported,supports,"States that the default journal mode in SQLite is DELETE, which uses a rollback journal.",coddy.tech,https://coddy.tech/docs/sqlite/pragma-settings,primary,"The Production Baseline If you only remember five PRAGMAs, remember these: That's a sensible default for almost any application using SQLite as its primary store. Each one is worth understanding individually - the rest of this page walks through them. journal_mode = WAL The journal mode controls how SQLite makes writes durable. The default, DELETE, uses a rollback journal: writers block readers and readers block writers. Fine for a CLI tool, painful for a web app",supports,1.0,The passage explicitly states that the default journal mode for SQLite is DELETE.,Y,,supports,1.0,The passage explicitly states that the default journal mode in SQLite is DELETE.,Y,
t09_sqlite_url/c2/e2/ev-rec-e2_4_02b5f8a4,t09_sqlite_url,An SQLite database connection defaults to journal_mode set to DELETE.,supported,supports,Notes that the default journaling mode was set to DELETE before switching to WAL.,superuser.com,https://superuser.com/questions/1938008/why-is-sqlite-wal-mode-so-much-faster-than-default-delete-mode-for-concurrent-wr,commentary,"The default journaling mode was set to DELETE. switched the journal mode to WAL. The write performance improved drastically, the disk activity dropped ...",supports,1.0,The passage explicitly states that the default journaling mode was set to DELETE.,Y,,error,,no response,,
t09_sqlite_url/c2/e2/ev-rec-e2_7_8ee4d029,t09_sqlite_url,An SQLite database connection defaults to journal_mode set to DELETE.,supported,supports,"Confirms that the default mode is DELETE mode, where the rollback journal is deleted at the conclusion of each transaction.",news.ycombinator.com,https://news.ycombinator.com/item?id=45781519,commentary,"The default is DELETE mode, where the rollback journal is deleted at the conclusion of each transaction.",supports,1.0,"The passage explicitly states that the default mode is DELETE, which directly supports the element that an SQLite database connection defaults to journal_mode set to DELETE.",Y,,supports,0.95,The passage confirms that DELETE mode is the default mode for handling the rollback journal.,Y,
t11_inflation/c1/e1/ev-6504f7e0f5ee,t11_inflation,Inflation falling from 10% to 3% indicates that the rate at which prices increase has slowed down rather than reversed.,supported,supports,"Defines disinflation as decelerating inflation where prices continue to rise, just at a slower pace.",govfacts.org,https://govfacts.org/money/broader-economy/economic-indicators/understanding-inflation-vs-deflation-what-they-mean-for-you-and-the-u-s-economy/,commentary,"- According to govfacts.org, disinflation happens when inflation decelerates but remains positive and prices still rise, just more slowly than before.",supports,1.0,"The passage explains that inflation decelerating while remaining positive means prices still rise more slowly, which directly supports the idea that falling inflation indicates a slower rate of price increases rather than a reversal.",Y,,supports,0.95,"The passage explains that when inflation decelerates while staying positive, prices continue to rise at a slower pace rather than decreasing, which supports the element.",Y,
t11_inflation/c1/e1/ev-57ef5298313e,t11_inflation,Inflation falling from 10% to 3% indicates that the rate at which prices increase has slowed down rather than reversed.,supported,supports,States that declining inflation means the rate of price increases is slowing down rather than prices falling.,cssh.northeastern.edu,https://cssh.northeastern.edu/yes-inflation-is-going-down-but-heres-why-prices-arent/,commentary,"- According to cssh.northeastern.edu, William Hauk states that if inflation goes down, it means that the rate at which prices increase is slowing down, but it generally is not going to mean that prices are going down.",supports,1.0,"The passage explicitly states that when inflation goes down, it means the rate at which prices increase is slowing down rather than reversing, which directly supports the element.",Y,,supports,0.95,The passage confirms that a drop in inflation means the rate of price increases is slowing down rather than prices going down.,Y,
t11_inflation/c1/e1/ev-d9de53080f33,t11_inflation,Inflation falling from 10% to 3% indicates that the rate at which prices increase has slowed down rather than reversed.,supported,supports,Confirms that falling inflation signifies that prices are rising more slowly rather than dropping.,dnb.nl,https://www.dnb.nl/en/the-euro-and-europe/inflation/falling-inflation-yet-rising-prices-how-does-that-work/,commentary,"- According to dnb.nl, when inflation falls, it doesn't mean prices are dropping, but rather that they are rising more slowly.",supports,1.0,"The passage explicitly confirms that falling inflation means prices are rising more slowly rather than dropping, which directly aligns with the element's assertion.",Y,,supports,0.95,The passage directly confirms that falling inflation means prices are rising more slowly rather than dropping.,Y,
t11_inflation/c1/e1/ev-929a7562e949,t11_inflation,Inflation falling from 10% to 3% indicates that the rate at which prices increase has slowed down rather than reversed.,supported,supports,"Explains that falling inflation (disinflation) means prices rise at a slower rate, distinct from falling prices.",economicshelp.org,https://www.economicshelp.org/blog/219555/economics/difference-between-falling-inflation-and-falling-prices/,commentary,A fall in the inflation rate means that prices are rising at a slower rate (called disinflation). A fall in prices means prices are actually going down.,supports,1.0,"The passage explicitly states that a fall in the inflation rate means prices are rising at a slower rate, which directly supports the claim that going from 10% to 3% indicates slowed price increases rather than a reversal.",Y,,supports,0.95,The passage explicitly defines a,Y,
t11_inflation/c1/e1/ev-c0133c337a42,t11_inflation,Inflation falling from 10% to 3% indicates that the rate at which prices increase has slowed down rather than reversed.,supported,supports,Notes that falling inflation indicates a slower pace of price increases while overall prices continue to rise.,moneyadvisorycentre.com,https://www.moneyadvisorycentre.com/insights/why-falling-inflation-does-not-mean-life-feels-cheaper,commentary,"- According to the Office for National Statistics (ONS), CPI inflation was 3.0% in January 2026. - Falling inflation does not mean prices are going down, as inflation measures the rate of increase rather than whether prices are falling. - Prices are still rising even if the pace has eased. - A slower rate of increase does not reverse previous changes to higher prices for essentials like weekly food shopping or rent.",supports,1.0,"The passage explicitly states that falling inflation means the rate of increase has slowed rather than reversed, which directly matches the element.",Y,,error,,no response,,
t11_inflation/c1/e2/ev-64d666b68d08,t11_inflation,A decrease in the inflation rate mathematically implies a contraction in the overall price level.,disputed,challenges,"Explains that declining inflation does not reduce price levels, which remain higher than before the inflationary spurt.",crr.bc.edu,https://crr.bc.edu/low-inflation-does-not-mean-americans-are-fine/,commentary,"- According to crr.bc.edu, the decline in the inflation rate doesn’t compensate for the fact that prices have ended up considerably higher than they were before the spurt in inflation.",challenges,0.9,"The passage states that prices are higher despite a decline in the inflation rate, which directly contradicts the idea that lower inflation mathematically implies a contraction in the price level.",Y,,error,,no response,,
t11_inflation/c1/e3/ev-ad054dd2cc04,t11_inflation,The drop in inflation from 10% to 3% causes prices to fall by the exact numerical difference of 7%.,disputed,challenges,"Shows that at 3% inflation prices still increase by 3% (e.g., $100 becomes $103), refuting the claim that prices decrease by 7%.",aol.com,https://www.aol.com/finance/article/how-inflation-works-150944964.html,commentary,"- Inflation measures how fast prices rise over time, gradually weakening your dollar's buying power. - When inflation runs at 3% annually, something that cost $100 last year now costs $103. - The inflation rate shows how fast you're ascending, and when inflation drops from 9% to 3%, you're still moving upward, just at a gentler pace. - Lower inflation doesn't mean you're walking back down to where you started. - Even 0% inflation doesn't mean things get cheaper, but simply means that prices remain stable from one year to the next.",challenges,1.0,The passage explicitly states that lower inflation does not mean prices fall or that you are walking back down to where you started.,Y,,challenges,0.95,"The passage explains that when inflation drops, prices continue to rise rather than fall, contradicting the claim that a drop in inflation causes prices to decrease.",Y,
t12_venus_image/c1/e1/ev-bb86ce72ee6d,t12_venus_image,Venus has a quantified average surface temperature that is higher than that of any other planet in the Solar System.,supported,supports,Confirms Venus is the hottest planet in the Solar System with quantified surface temperatures of about 872°F (467°C).,science.nasa.gov,https://science.nasa.gov/venus/venus-facts/,primary,- Venus is the hottest planet in our solar system. - Venus's surface temperatures are about 872 degrees Fahrenheit (467 Celsius). - Venus's thick atmosphere traps heat in a runaway greenhouse effect.,supports,1.0,The passage confirms that Venus is the hottest planet in the solar system and explicitly provides its quantified average surface temperature.,Y,,supports,0.95,The passage explicitly states that Venus is the hottest planet in the solar system and provides a,Y,
t12_venus_image/c1/e1/ev-22b457bf6120,t12_venus_image,Venus has a quantified average surface temperature that is higher than that of any other planet in the Solar System.,supported,supports,Reports NASA data showing Venus is the Solar System's hottest planet with a mean surface temperature of 867°F (464°C).,science.nasa.gov,https://science.nasa.gov/resource/solar-system-temperatures/,primary,- Venus is our solar system's hottest planet. - The mean temperature for Venus is 867°F (464°C). - Venus is an exception to the rule that temperatures get colder the farther a planet is from the Sun because its dense atmosphere acts as a greenhouse and heats the surface.,supports,1.0,"The passage provides quantified mean temperature values for Venus and explicitly identifies it as the solar system's hottest planet, directly supporting the claim.",Y,,supports,1.0,The passage explicitly states that Venus is the hottest planet in the solar,Y,
t12_venus_image/c1/e1/ev-fe24ffebe866,t12_venus_image,Venus has a quantified average surface temperature that is higher than that of any other planet in the Solar System.,supported,supports,Cites NASA data affirming that Venus is the hottest planet in the Solar System.,science.nasa.gov,https://science.nasa.gov/venus/,primary,"- According to science.nasa.gov, Venus is the hottest planet in our solar system. - According to science.nasa.gov, Venus has a surface hot enough to melt lead.",neither,0.9,"The passage states that Venus is the hottest planet, but it does not provide a quantified average surface temperature as required by the element.",N,neither,error,,no response,,
t12_venus_image/c1/e1/ev-a2099f45a146,t12_venus_image,Venus has a quantified average surface temperature that is higher than that of any other planet in the Solar System.,supported,supports,Quantifies Venus's average surface temperature at approximately 465°C due to its atmospheric greenhouse effect.,astronoo.com,https://astronoo.com/en/venus.html,commentary,"- According to astronoo.com, Venus has an average surface temperature of about 465 °C. - According to astronoo.com, Venus's thick layer of CO₂ and clouds of H₂SO₄ cause a devastating greenhouse effect raising the average surface temperature to nearly 465 °C.",neither,0.9,"While the passage provides a quantified average surface temperature for Venus, it does not compare it to other planets in the Solar System to establish that it is the highest.",N,neither,neither,0.9,"The passage provides the quantified average surface temperature of Venus, but it does not compare it to other planets in the Solar System.",N,neither
t12_venus_image/c1/e1/ev-b2e5573a7f12,t12_venus_image,Venus has a quantified average surface temperature that is higher than that of any other planet in the Solar System.,supported,supports,Confirms Venus is the hottest planet in the Solar System with a surface temperature of approximately 465°C.,ucl.ac.uk,https://www.ucl.ac.uk/culture-online/case-studies/2022/sep/what-are-temperatures-different-planets,commentary,"- Venus has a really thick atmosphere made up of lots of gases that give it yellow clouds. - Venus has a strong greenhouse effect, similar to the one we experience on Earth. - Venus is the hottest planet in the solar system. - The surface of Venus is approximately 465°C.",supports,1.0,"The passage provides the quantified average surface temperature of Venus (465°C) and states it is the hottest planet in the solar system, which directly supports the claim.",Y,,supports,0.95,The passage explicitly states that Venus is the hottest planet in the solar system and quantifies its surface temperature at approximately 465°C.,Y,
t12_venus_image/c1/e1/ev-30f6c45830e1,t12_venus_image,Venus has a quantified average surface temperature that is higher than that of any other planet in the Solar System.,supported,supports,States that Venus's surface temperature is raised above all other planets in the Solar System.,askfilo.com,https://askfilo.com/user-question-answers-smart-solutions/why-venus-is-the-hottest-planet-3339353838383833,commentary,"- Venus is the hottest planet in our solar system, even though Mercury is closer to the Sun. - Venus has a very thick atmosphere made mostly of carbon dioxide, with clouds of sulfuric acid. - The dense atmosphere traps heat through the greenhouse effect. - Venus is the hottest planet because its thick atmosphere causes a strong greenhouse effect, trapping heat and raising its surface temperature above all other planets.",supports,1.0,The passage explicitly states that Venus has a surface temperature higher than all other planets due to its greenhouse effect.,Y,,error,,,,
t13_sweden/c1/e1/ev-0ef47dcd1457,t13_sweden,Sweden did not impose a general lockdown during the 2020-22 period.,supported,supports,Reports that Sweden never enacted a lockdown involving severe restrictions on movement or stay-at-home orders.,bbc.com,https://www.bbc.com/future/article/20250304-the-countries-that-never-locked-down-for-covid-19,reporting,"- Sweden, Taiwan, Uruguay, Iceland, and a few others never enacted a lockdown involving severe restrictions on the movement of people like legally binding stay-at-home orders. - A study published in May 2024 by Ingeborg Forthun and other researchers compared excess deaths in Sweden, Norway, Denmark, and Finland during the first years of the pandemic.",supports,1.0,The passage explicitly states that Sweden never enacted a lockdown involving severe restrictions such as legally binding stay-at-home orders.,Y,,supports,0.95,The passage explicitly states that Sweden never enacted a lockdown involving severe restrictions on the movement of people.,Y,
t13_sweden/c1/e1/ev-d385d332c1d4,t13_sweden,Sweden did not impose a general lockdown during the 2020-22 period.,supported,supports,Confirms that Sweden's pandemic containment strategy stood out internationally for not ordering a complete lockdown of society.,academic.oup.com,https://academic.oup.com/policyandsociety/article/39/3/478/6407893,primary,Sweden's strategy to contain the COVID-19 pandemic stands out internationally as more liberal in terms of not ordering a complete lockdown of society. Sweden ...,supports,1.0,"The passage states that Sweden did not order a complete lockdown of society during the pandemic, which directly supports the claim that they did not impose a general lockdown.",Y,,supports,0.95,The passage explicitly notes that Sweden did not order a complete lockdown of society during the COVID-19 pandemic.,Y,
t13_sweden/c1/e2/ev-842a98804320,t13_sweden,Sweden's lack of a general lockdown was the primary driver of its relative mortality outcomes during 2020-22.,disputed,challenges,"Finds that not imposing a mandatory lockdown substantially increased mortality in Sweden, estimating thousands of deaths could have been prevented with a lockdown.",nature.com,https://www.nature.com/articles/s41598-023-45934-2,primary,"- In contrast to several countries that intervened by imposing strict lockdown measures in March 2020, Sweden decided not to implement a mandatory lockdown. - Compared to the average number of deaths in the previous 5 years, 7,144 more Swedes died in the year 2020. - Not imposing a mandatory lockdown resulted in a lower reduction of mobility and a substantial increase in mortality in Sweden. - Up to about 4,411 of the 4,6554 deaths registered in Sweden during the study period could have been avoided had Sweden implemented a mandatory lockdown, according to the study's estimates.",supports,1.0,"The passage explicitly states that not imposing a mandatory lockdown resulted in a substantial increase in mortality and that thousands of deaths could have been avoided had Sweden implemented one, directly supporting the element.",N,direction,error,,no response,,
t13_sweden/c1/e2/ev-b4521dec0692,t13_sweden,Sweden's lack of a general lockdown was the primary driver of its relative mortality outcomes during 2020-22.,disputed,challenges,"The commentary explicitly states that Sweden was an outlier in policy (lockdowns) but not in mortality, challenging the claim that the policy was the primary driver of relative mortality outcomes.",cato.org,https://www.cato.org/commentary/sweden-avoided-covid-lockdowns-now-reaps-benefits,commentary,"Sweden was an outlier in terms of policy but not in terms of mortality. By June 14, 2023, Sweden had suffered 2,322 Covid-19 deaths per million ...",challenges,0.9,"The passage states that Sweden was an outlier in policy (lack of lockdown) but not in mortality, which contradicts the claim that this policy was the primary driver of its relative mortality outcomes.",Y,,error,,,,
t13_sweden/c1/e3/ev-75dea36bffac,t13_sweden,Sweden experienced lower cumulative excess mortality compared to every other European country over the 2020-22 period.,disputed,supports,States that Sweden had the lowest cumulative excess mortality increase in Europe across the 2020–2022 period.,gavinpublishers.com,https://www.gavinpublishers.com/article/view/covid19-policy-handling-the-case-of-sweden-lessons-in-effective-policymaking,commentary,"By the end of 2022, data from Eurostat and other sources allowed a cumulative comparison of excess mortality across Europe’s pandemic experience. The results of this comparison confounded many experts. Sweden had the lowest cumulative excess mortality increase in Europe for 2020–2022 (Figure 1). According to figures compiled by Statistics Sweden and reported to Eurostat, Sweden’s total mortality in those three pandemic years was only about 4. 4% higher than in the immediately preceding years (adjusted for population size)",supports,1.0,The passage explicitly states that Sweden had the lowest cumulative excess mortality increase in Europe for 2020–2022.,Y,,supports,0.95,The passage explicitly states that Sweden had the lowest cumulative excess mortality increase in Europe for the 2020–2022 period.,Y,
t13_sweden/c1/e3/ev-486a5114439c,t13_sweden,Sweden experienced lower cumulative excess mortality compared to every other European country over the 2020-22 period.,disputed,challenges,"Demonstrates that Sweden ranked 37th among 42 European countries in excess all-cause mortality, with countries such as Norway and Denmark recording lower rates.",frontiersin.org,https://www.frontiersin.org/journals/public-health/articles/10.3389/fpubh.2023.1206732/full,primary,"- According to available data on excess all-cause mortality rates, Sweden experienced fewer deaths per population unit during the pandemic (2020–2022) than most high-income countries. - Among 42 European countries, the cumulative excess all-cause mortality from January 2020 to December 2022 ranged from 46 to 1,080 deaths per 100,000 inhabitants, with a median of 351/100,000. - In Sweden, the excess mortality rate from January 2020 to December 2022 was 158/100,000, ranked 37th among 42 countries. - Sweden's excess mortality rate of 158/100,000 was comparable to other Nordic countries: Norway (129), Denmark (97), and Finland (228). - In 2020, the excess mortality was estimated to be 85/100,000 in Sweden. - Excess mortality during the second and third years of the pandemic (2021–2022) showed a comparatively low figure for Sweden (69/100,000) compared to Nordic countries (97–204) and Europe in general (median 192).",challenges,1.0,"The passage states that Sweden ranked 37th out of 42 European countries, meaning several other countries had lower cumulative excess mortality.",Y,,error,,no response,,
t13_sweden/c1/e3/ev-9ffa8d538702,t13_sweden,Sweden experienced lower cumulative excess mortality compared to every other European country over the 2020-22 period.,disputed,challenges,Notes that Norway achieved a lower cumulative excess mortality rate than Sweden over the pandemic period.,preventionweb.net,https://www.preventionweb.net/news/did-swedens-controversial-covid-strategy-pay-many-ways-it-did-it-let-elderly-down,commentary,"- Public events in Sweden were limited to a maximum of 50 people in March 2020 and eight people in November 2020. - In spring 2020, the reported COVID death rate in Sweden was among the highest in the world. - Sweden's total excess deaths during the first two years of the pandemic were among the lowest in Europe. - Norway is noted as one of the few countries in Europe with lower excess mortality than Sweden.",challenges,1.0,"The element claims Sweden had lower cumulative excess mortality than every other European country, but the passage states that Norway had lower excess mortality than Sweden.",Y,,challenges,0.95,The passage directly contradicts the element by stating that Norway had lower excess mortality than Sweden.,Y,
t13_sweden/c1/e3/ev-db780f394c50,t13_sweden,Sweden experienced lower cumulative excess mortality compared to every other European country over the 2020-22 period.,disputed,challenges,"The study notes that Sweden had more infections, deaths, hospitalizations, and ICU admissions than other Nordic countries during the first three waves, contradicting the claim of having lower excess mortality than every other European country.",link.springer.com,https://link.springer.com/article/10.1186/s13690-025-01531-5,primary,"- Overall, Sweden had more infections, deaths, hospitalizations, and ICU admissions than the other Nordic countries during the first three waves of the pandemic. - The lowest average stringency index was observed in Iceland and the highest in Sweden.",challenges,0.9,"The passage reports that Sweden had more deaths and higher stringency measures compared to other Nordic countries, which contradicts the claim that Sweden experienced lower cumulative excess mortality than every other European country.",Y,,error,,,,
t14_bankrate_375/c1/e1/ev-3895d68c4dff,t14_bankrate_375,"As of 7 September 2026, the Bank of England's official Bank Rate stands at 3.75%.",supported,supports,Primary parliamentary record confirms the MPC's most recent decision in the July Monetary Policy Report was to hold Bank Rate at 3.75%.,committees.parliament.uk,https://committees.parliament.uk/event/28071/formal-meeting-oral-evidence-session/,primary,"The session will focus on July's Monetary Policy Report, and the MPC's most recent decision to hold the Bank Rate at 3.75%. The Governor of the Bank of England ...",neither,1.0,"The passage mentions a decision to hold the Bank Rate at 3.75% following July's Monetary Policy Report, but it does not provide evidence confirming the rate as of 7 September 2026.",N,neither,neither,0.85,The passage does not state the year or confirm,N,neither
t14_bankrate_375/c1/e1/ev-e646743636f1,t14_bankrate_375,"As of 7 September 2026, the Bank of England's official Bank Rate stands at 3.75%.",supported,supports,Confirms that the Bank of England interest rate currently sits at 3.75%.,inews.co.uk,https://inews.co.uk/inews-lifestyle/money/property-and-mortgages/mortgage-rate-warning-more-price-rises-expected-4747123?srsltid=AfmBOoqX45m76FWshBN3QN9yANL0L-RazKtYRGX8pD6RqPxXSnZMCoJW,reporting,- The Bank of England interest rate currently sits at 3.75 per cent.,supports,1.0,"The passage confirms the exact Bank Rate value of 3.75%, which makes the element more likely true.",Y,,error,,,,
t14_bankrate_375/c1/e2/ev-068f66de391f,t14_bankrate_375,The Bank of England's next scheduled interest rate decision takes place on 17 September 2026.,supported,supports,Confirms Bank of England policymakers will make their next interest rate decision on 17 September.,theguardian.com,https://www.theguardian.com/business/2026/sep/08/bank-of-england-tricky-balancing-act-in-dealing-with-global-bond-shock,commentary,"- According to Prof Costas Milas, Bank of England policymakers will make their next decision on UK interest rates on 17 September.",neither,0.9,The passage mentions the date of the interest rate decision as 17 September but omits the year 2026 specified in the element.,N,neither,neither,0.85,,N,neither
t14_bankrate_375/c1/e2/ev-d81886f0c663,t14_bankrate_375,The Bank of England's next scheduled interest rate decision takes place on 17 September 2026.,supported,supports,Identifies 17 September as the date of the Bank of England's next interest rate policy decision.,theguardian.com,https://www.theguardian.com/money/2026/sep/04/how-will-bond-market-turbulence-affect-uk-consumer-finances,reporting,"- According to theguardian.com, the money markets expect the Bank of England to leave interest rates on hold at 3.75% at its next policy decision on 17 September.",supports,1.0,The passage confirms that the Bank of England's next policy decision is scheduled for 17 September.,Y,,error,,no response,,
