label_id,record,element,state,tru8_label,tru8_reasoning,source,url,tier,passage,gemini_verdict,gemini_confidence,gemini_reason,gemini_justified,gemini_kind,gemini_flash_verdict,gemini_flash_confidence,gemini_flash_reason,gemini_flash_justified,gemini_flash_kind
t01_brexit/c1/e1/ev-06cbaa2b1b96,t01_brexit,The UK left the EU on 31 January 2020.,supported,supports,Confirms the UK officially left the European Union on 31 January 2020 at midnight CET.,ec.europa.eu,https://ec.europa.eu/newsroom/councileu/items/663312/en,primary,- The UK left the EU on 31 January 2020 at midnight (CET). - The transition period provided for in the withdrawal agreement is due to last until 31 December 2020.,supports,1.0,The passage explicitly states that the UK left the EU on 31 January 2020.,Y,,supports,1.0,The passage directly states that the UK left the EU on 31 January 2020.,Y,
t01_brexit/c1/e1/ev-2859768f3715,t01_brexit,The UK left the EU on 31 January 2020.,supported,supports,States that the United Kingdom withdrew from the European Union on 31 January 2020.,commission.europa.eu,https://commission.europa.eu/law/law-topic/data-protection/international-dimension-data-protection/brexit_en,primary,- The United Kingdom withdrew from the European Union on 31 January 2020. - The transitional period ended on 31 December 2020.,supports,1.0,"The passage explicitly states that the United Kingdom withdrew from the European Union on 31 January 2020, which directly supports the element.",Y,,supports,1.0,The passage directly states that the United Kingdom withdrew from the European Union on 31 January 2020.,Y,
t01_brexit/c1/e1/ev-9e0e39876a3f,t01_brexit,The UK left the EU on 31 January 2020.,supported,supports,Notes that Brexit became official on 31 January 2020.,inta.org,https://www.inta.org/topics/brexit/,commentary,"- Brexit became official on January 31, 2020, opening the transition period until December 31, 2020.",supports,1.0,"The passage confirms that Brexit became official on January 31, 2020, which directly supports the claim that the UK left the EU on that date.",Y,,supports,0.95,"The passage confirms that Brexit became official on January 31, 2020, which directly supports that the UK left the EU on that date.",Y,
t01_brexit/c1/e1/ev-b239c26b82df,t01_brexit,The UK left the EU on 31 January 2020.,supported,supports,Confirms that the UK left the European Union at 11pm on 31 January 2020.,brexitlegal.ie,https://brexitlegal.ie/wp-content/uploads/2020/09/CBP-7960.pdf,primary,"This is the legislation that will implement the withdrawal agreement negotiated by the UK and the EU. At 11pm on 31 January 2020, the UK left the European Union and entered a transition period that is due to run until the end of the year.",supports,1.0,"The passage explicitly states that at 11pm on 31 January 2020, the UK left the European Union.",Y,,supports,1.0,The passage explicitly confirms that the UK left the European Union on 31 January 2020.,Y,
t01_brexit/c1/e1/ev-b8fba0c27777,t01_brexit,The UK left the EU on 31 January 2020.,supported,supports,Reports that the UK left the EU on 31 January 2020 under the Withdrawal Agreement.,fca.org.uk,https://www.fca.org.uk/firms/eu-withdrawal-transition-period,primary,- The UK left the EU on 31 January 2020 with a Withdrawal Agreement. - A transition period operated until 31 December 2020.,supports,1.0,The passage explicitly states that the UK left the EU on 31 January 2020.,Y,,supports,1.0,The passage explicitly states that the UK left the EU on 31 January 2020.,Y,
t01_brexit/c1/e1/ev-d56edbb4abcf,t01_brexit,The UK left the EU on 31 January 2020.,supported,supports,Confirms that the UK officially left the EU trading bloc on 31 January 2020.,bbc.co.uk,https://www.bbc.co.uk/news/uk-politics-32810887,reporting,- The UK officially left the trading bloc on 31 January 2020. - Both sides agreed to keep many things the same until 31 December 2020.,supports,1.0,The passage explicitly states that the UK officially left the trading bloc on 31 January 2020.,Y,,error,,,,
t01_brexit/c1/e2/ev-032e5c6df512,t01_brexit,The UK remained in the single market until 31 December 2020.,supported,supports,States that the UK remained part of the EU single market until the transition period ended on 31 December 2020.,commonslibrary.parliament.uk,https://commonslibrary.parliament.uk/end-of-the-brexit-transition-period-what-will-change/,primary,The post-Brexit transition period is scheduled to end on 31 December 2020. The UK remains part of the EU single market and customs union. union ...,supports,0.9,The passage confirms that the UK remains part of the EU single market during the transition period ending on 31 December 2020.,Y,,supports,0.9,The passage states that the post-Brexit transition period is scheduled to end on 31 December 2020 while the UK remains part of the EU single market.,Y,
t01_brexit/c1/e2/ev-46ebd6ccbd2c,t01_brexit,The UK remained in the single market until 31 December 2020.,supported,supports,Confirms that the UK left the EU single market at 11pm on 31 December 2020 when the transition period ended.,commonslibrary.parliament.uk,https://commonslibrary.parliament.uk/research-briefings/cbp-7960/,primary,"At 11pm on 31 December 2020, the transition period ended and the United Kingdom left the EU single market and customs union.",supports,1.0,The passage confirms that the United Kingdom remained in the EU single market until the transition period ended at 11pm on 31 December 2020.,Y,,supports,1.0,"The passage directly states that the United Kingdom left the EU single market at 11pm on 31 December 2020, confirming that it remained in it until that date.",Y,
t01_brexit/c1/e2/ev-afda9eeb6b36,t01_brexit,The UK remained in the single market until 31 December 2020.,supported,supports,States that the UK remained part of the European single market until the transition period ended on 31 December 2020.,en.wikipedia.org,https://en.wikipedia.org/wiki/Brexit,primary,"- The UK officially left the European Union on 31 January 2020. - The UK left the EU at the end of 31 January 2020 CET (11 p.m. GMT). - The transition period ended on 31 December 2020 CET (11 p.m. GMT). - During the transition, the UK remained part of the European Union Customs Union and the European single market.",supports,1.0,"The passage explicitly states that during the transition period, which ended on 31 December 2020, the UK remained part of the European single market.",Y,,supports,1.0,"The passage states that the transition period ended on 31 December 2020 and that during this transition, the UK remained part of the European single market.",Y,
t01_brexit/c1/e3/ev-011da8ca10a7,t01_brexit,The UK remained in the customs union until 31 December 2020.,supported,supports,States that the UK remained part of the customs union during the transition period ending 31 December 2020.,loomissayles.com,https://www.loomissayles.com/insights/the-brexit-beat-phase-one-is-done/,commentary,"- The UK legally exited the EU on Friday, January 31. - The UK entered an 11-month transition period that ends December 31, 2020. - During the transition period, the UK is still part of the single market and customs union.",supports,1.0,"The passage explicitly states that during the transition period ending December 31, 2020, the UK remained part of the customs union.",Y,,supports,0.95,"The passage explicitly states that the UK remained part of the customs union during the transition period, which ends on December 31, 2020.",Y,
t01_brexit/c1/e3/ev-55434a8c6ba9,t01_brexit,The UK remained in the customs union until 31 December 2020.,supported,supports,Confirms the UK maintained access to the Customs Union during the transition period ending 31 December 2020.,cleiss.fr,https://www.cleiss.fr/brexit/index_en.html,primary,"- The United Kingdom officially left the European Union on January 31, 2020. - The withdrawal agreement sets forth a transition period ending on December 31, 2020. - During the transition period, the United Kingdom continued to apply all European legislation and had access to the common market and the Customs Union.",supports,1.0,"The passage explicitly states that during the transition period ending on December 31, 2020, the UK continued to have access to the Customs Union.",Y,,supports,0.95,"The passage confirms that the transition period ended on December 31, 2020, and that during this time the United Kingdom maintained access to",Y,
t01_brexit/c1/e3/ev-796ab6c6477f,t01_brexit,The UK remained in the customs union until 31 December 2020.,supported,supports,Confirms Britain remained part of the EU Customs Union until the transition period ended at 23:00 on 31 December 2020.,en.wikipedia.org,https://en.wikipedia.org/wiki/Timeline_of_Brexit,primary,"- The UK officially left the EU at 23:00 GMT on 31 January 2020. - A transition period—in which Britain remained a part of the European single market and the European Union Customs Union—began following the UK's departure. - At 23:00 on 31 December 2020, the transition period ended.",supports,1.0,The passage explicitly states that Britain remained a part of the European Union Customs Union during the transition period that ended at 23:00 on 31 December 2020.,Y,,supports,1.0,The passage confirms that Britain remained in the European Union Customs Union during a transition period that,Y,
t02_select/c1/e1/ev-eb603f21f8f4,t02_select,The SELECT trial demonstrates that semaglutide prevents heart attacks.,supported,supports,"States the SELECT trial proved semaglutide reduced the risk of heart attack, stroke, or cardiovascular death by 20% in participants.",newsroom.heart.org,https://newsroom.heart.org/news/major-cvd-event-risk-cut-by-20-in-adults-without-diabetes-with-overweight-or-obesity,primary,"- According to newsroom.heart.org, people with obesity or overweight but not diabetes taking semaglutide for more than 3 years had a 20% lower risk of heart attack, stroke or death due to cardiovascular disease and lost an average of 9.4% of their body weight. - According to newsroom.heart.org, the double-blind, randomized trial enrolled more than 17,500 adults in 41 countries with overweight or obesity who had previously experienced a heart attack, stroke and/or had peripheral artery disease but did not have either Type 1 or Type 2 diabetes. - According to newsroom.heart.org, the SELECT trial results represent the first time any medication or lifestyle therapy has been proven to reduce cardiovascular events in adults with overweight or obesity who did not have Type 1 or Type 2 diabetes. - According to newsroom.heart.org, study participants were randomly assigned to take either 2.4 milligrams of semaglutide or a placebo once a week, with a mean follow-up of 40 months. - According to newsroom.heart.org, participants in the semaglutide group had a 20% reduction in the risk of heart attacks, strokes or death due to cardiovascular disease compared to the placebo group. - According to newsroom.heart.org, body weight in the semaglutide group was reduced on average by 9.4% compared to a reduction of 0.9% in the placebo group.",supports,1.0,"The passage explicitly states that the SELECT trial showed participants taking semaglutide had a 20% reduction in the risk of heart attacks, among other cardiovascular events.",Y,,supports,0.95,The passage describes the SELECT trial results,Y,
t02_select/c1/e1/ev-9243bcaa1734,t02_select,The SELECT trial demonstrates that semaglutide prevents heart attacks.,supported,supports,"Reports that semaglutide showed a 20% reduction in major adverse cardiovascular events in 17,604 adults in the SELECT trial.",nature.com,https://www.nature.com/articles/s41591-024-02996-7,primary,"- In the SELECT cardiovascular outcomes trial, semaglutide showed a 20% reduction in major adverse cardiovascular events in 17,604 adults with preexisting cardiovascular disease, overweight or obesity, without diabetes. - In the SELECT trial, semaglutide was associated with a 20% reduction in major adverse CV events with a hazard ratio of 0.80. - The SELECT study enrolled 17,604 patients from 41 countries between October 2018 and March 2021.",supports,1.0,"The passage reports that the SELECT trial showed a 20% reduction in major adverse cardiovascular events with semaglutide, which supports the claim that it prevents heart attacks.",Y,,neither,0.85,The passage reports a reduction in major adverse cardiovascular events,N,neither
t02_select/c1/e1/ev-d8a1ba3b5fbe,t02_select,The SELECT trial demonstrates that semaglutide prevents heart attacks.,supported,supports,Confirms that once-weekly semaglutide reduced major adverse cardiovascular events by 20% versus placebo in the SELECT trial.,nature.com,https://www.nature.com/articles/s41591-026-04281-1,primary,"- In the SELECT trial, once-weekly subcutaneous semaglutide reduced major adverse cardiovascular events (MACE) by 20% versus placebo in patients with atherosclerotic cardiovascular disease and obesity but without diabetes. - The SELECT CV outcome trial included patients aged 45 years or older with a body mass index (BMI) ≥ 27.0 kg m−2 and established ASCVD but without diabetes. - Patients treated with semaglutide 2.4 mg had a 20% MACE reduction compared with those receiving placebo on top of standard of care. - FIB-4 score data were available for 16,585 patients, representing 94.2% of the total SELECT population.",supports,0.9,"The passage reports that the SELECT trial showed semaglutide reduced major adverse cardiovascular events by 20%, which supports the claim that it prevents heart attacks.",Y,,error,,no response,,
t02_select/c1/e1/ev-e034ece5a149,t02_select,The SELECT trial demonstrates that semaglutide prevents heart attacks.,supported,supports,Demonstrates semaglutide was superior to placebo in reducing major adverse cardiovascular events including non-fatal myocardial infarction.,news-medical.net,https://www.news-medical.net/news/20251026/Semaglutide-protects-the-heart-beyond-weight-loss-SELECT-trial-shows.aspx,reporting,"- The SELECT trial was a randomized, placebo-controlled, phase 3 trial evaluating whether semaglutide as an adjunct to standard of care was superior to placebo in decreasing MACE risk in 17,604 non-diabetic patients with obesity or overweight and cardiovascular disease. - Eligible patients were aged ≥ 45 years, with a body mass index (BMI) ≥ 27 kg/m² and established cardiovascular disease. - The primary outcome was MACE, defined as a composite of non-fatal myocardial infarction, non-fatal stroke, or cardiovascular death. - At week 20, the mean changes in body weight and waist circumference were −6.4% and −5.0 cm for the semaglutide group, and −0.8% and −1.1 cm for the placebo group, respectively. - Early waist circumference reduction accounted for an estimated 33% of the effect.",neither,1.0,"The passage describes the design, patient population, and primary outcome definition of the SELECT trial, but does not provide the actual results showing whether semaglutide prevented heart attacks.",N,neither,neither,0.95,"The passage describes the trial design and weight/waist circumference outcomes, but does not state the results regarding heart attacks or MACE.",N,neither
t02_select/c1/e1/ev-b1f94c97f72f,t02_select,The SELECT trial demonstrates that semaglutide prevents heart attacks.,supported,supports,States the SELECT trial established semaglutide as effective in reducing cardiovascular events by 20%.,adameetingnews.org,https://www.adameetingnews.org/select-trial-demonstrates-semaglutide-benefits-beyond-reduction-of-cardiovascular-events/,reporting,"- According to ADA Meeting News, the SELECT trial established semaglutide as effective in reducing cardiovascular events by 20% in people considered to be overweight or obese who have cardiovascular disease without diabetes. - According to ADA Meeting News, more than 17,000 people were in the SELECT study.",supports,0.9,"The passage reports that the SELECT trial established semaglutide's effectiveness in reducing cardiovascular events by 20%, which makes the claim that it prevents heart attacks more likely true.",Y,,error,,,,
t02_select/c1/e1/ev-fd8f700f6641,t02_select,The SELECT trial demonstrates that semaglutide prevents heart attacks.,supported,supports,Reports that the SELECT trial proved semaglutide reduces major adverse cardiovascular events.,prnewswire.com,https://www.prnewswire.com/news-releases/novo-nordisks-wegovy-cuts-risk-of-heart-attack-stroke-or-death-by-57-compared-to-tirzepatide-in-real-world-study-of-people-with-obesity-and-cardiovascular-disease-302542590.html,primary,"- According to prnewswire.com, the SELECT trial was a randomized, double-blind, parallel-group, placebo-controlled trial designed to evaluate the efficacy of Wegovy (semaglutide) 2.4 mg versus placebo as an adjunct to standard of care for the prevention of MACE in people with overweight or obesity and established CVD with no prior history of diabetes. - According to prnewswire.com, people included in the SELECT trial were aged 45 years or older with a body mass index of 27 kg/m2 or greater.",neither,1.0,"The passage describes the design and objectives of the SELECT trial for evaluating MACE prevention, but it does not report the actual findings or demonstrate that semaglutide prevents heart attacks.",N,neither,neither,0.95,The passage describes the design and population of the SELECT trial but does not report its results or whether semaglutide was found to prevent heart attacks.,N,neither
t02_select/c1/e2/ev-3307641904ff,t02_select,This preventive effect applies to everyone who is overweight.,disputed,challenges,"Shows the trial enrolled only adults aged 45 years or older with established cardiovascular disease and BMI of 27 or higher, not all overweight individuals.",wikijournalclub.org,https://www.wikijournalclub.org/wiki/SELECT,commentary,"- The 2023 SELECT trial randomized 17,604 adults with overweight or obesity and prior CVD events but no diabetes to semaglutide or placebo. - At 34 months in the SELECT trial, semaglutide was associated with a lower risk of CV mortality, nonfatal MI, or nonfatal stroke when compared to placebo at 6.5% versus 8.0% (HR 0.80; P<0.001). - The SELECT trial included adults aged 45 years or older with a BMI >=27 kg/m2 and established cardiovascular disease without diabetes.",challenges,0.9,"The passage states the trial only included adults with prior cardiovascular disease, whereas the element claims the preventive effect applies to everyone who is overweight.",Y,,error,,,,
t02_select/c1/e2/ev-6f90aee0a398,t02_select,This preventive effect applies to everyone who is overweight.,disputed,challenges,"Notes participants had to be at least 45 years old with pre-existing cardiovascular disease and no diabetes, contradicting universal applicability to all overweight individuals.",pharmacally.com,https://pharmacally.com/long-term-select-trial-semaglutide-cuts-cardiovascular-events-by-20-beyond-weight-loss/,commentary,"- The SELECT trial enrolled 17,604 participants aged 45 years and above across 41 countries and 804 sites. - All participants in the SELECT trial had overweight or obesity with a BMI ≥ 27 kg/m² and pre-existing cardiovascular disease but notably no diabetes. - Participants were randomly assigned in a 1:1 ratio to receive either semaglutide 2.4 mg once weekly or a placebo, along with standard cardiovascular care. - The results showed a 20% lower risk of major cardiovascular events compared to the placebo group. - Semaglutide led to an average placebo-adjusted weight loss of 8.5%.",challenges,1.0,"The element claims the preventive effect applies to everyone who is overweight, but the passage specifies the trial participants also had pre-existing cardiovascular disease and no diabetes, meaning it does not apply to all overweight indi…",Y,,error,,no response,,
t02_select/c1/e2/ev-37f567139cd0,t02_select,This preventive effect applies to everyone who is overweight.,disputed,challenges,Highlights that enrollment was restricted to patients aged 45 or older with established cardiovascular disease.,docwirenews.com,https://www.docwirenews.com/post/select-trial-semaglutide-reduces-cardiovascular-events-independent-of-weight-loss,commentary,"- According to a prespecified analysis of the phase 3 SELECT trial published in The Lancet, semaglutide resulted in a 20% reduction in major adverse cardiovascular events in patients with obesity and established cardiovascular disease but not diabetes. - The phase 3 SELECT trial enrolled adults aged 45 years or older with a BMI of 27 kg/m2 or higher and established cardiovascular disease from 41 countries. - Among 17,604 participants in the SELECT trial, semaglutide significantly reduced the incidence of MACE compared with placebo, with consistent benefits observed across all baseline body weight and waist circumference categories.",supports,0.9,"The passage notes that consistent benefits were observed across all baseline body weight categories, which supports the idea that the preventive effect applies to everyone who is overweight.",N,direction,error,,no response,,
t02_select/c1/e3/ev-278944e91c38,t02_select,Semaglutide reduces absolute risk by 20%.,disputed,challenges,"Shows a cardiovascular endpoint occurred in 6.5% of the treatment group versus 8.0% of the placebo group, representing an absolute risk reduction of 1.5%, not 20%.",cardi-oh.org,https://www.cardi-oh.org/resources/current-36--select-trial-semaglutide-reduces-cardiovascular-risk-in-patients-with-overweightobesity-and-cvd,commentary,"- According to the SELECT trial, more than 17,000 patients with overweight or obesity who had preexisting cardiovascular disease without diabetes were randomized to placebo or once-weekly semaglutide. - At 40 months of follow-up, semaglutide reduced the risk of cardiovascular events by 20% in the SELECT trial. - A primary cardiovascular endpoint event occurred in 6.5% of the treatment group versus 8.0% of the placebo group in the SELECT trial. - According to the SELECT trial, the effects of semaglutide did not depend on baseline body mass index.",challenges,0.9,"The passage states that semaglutide reduced the relative risk of cardiovascular events by 20% (with event rates of 6.5% vs 8.0%), which means the absolute risk reduction was 1.5%, not 20%.",Y,,error,,no response,,
t02_select/c1/e3/ev-89c4bc6ba1da,t02_select,Semaglutide reduces absolute risk by 20%.,disputed,challenges,"Reports event rates of 6.5% versus 8.0% (HR 0.80), demonstrating that the 20% figure was a relative risk reduction rather than an absolute risk reduction.",acc.org,https://www.acc.org/latest-in-cardiology/clinical-trials/2023/11/09/15/04/select,commentary,"- The SELECT trial showed that in patients with overweight or obesity and established CVD but without diabetes, once-weekly subcutaneous semaglutide was associated with a decreased risk of MACE compared with placebo. - A total number of 17,604 enrollees participated with a mean duration of follow-up of 40 months and mean patient age of 62 years. - Inclusion criteria for the SELECT trial included age ≥45 years, BMI ≥27 kg/m2, and prior myocardial infarction, stroke, or peripheral arterial disease. - The primary outcome of major adverse CV events for semaglutide vs. placebo was 6.5% vs. 8.0%, yielding a hazard ratio of 0.80. - Semaglutide was associated with a 20% reduction in major adverse cardiac events during a mean exposure period of 33 months.",supports,1.0,"The passage provides primary outcome rates of 6.5% vs. 8.0% and mentions a 20% reduction in major adverse cardiac events, which mathematically aligns with a 20% relative risk reduction (or absolute risk reduction calculation context).",N,direction,error,,no response,,
t02_select/c1/e3/ev-9a4a90c5321b,t02_select,Semaglutide reduces absolute risk by 20%.,disputed,challenges,The excerpt indicates an absolute risk or event rate figure around 2% or 18% rather than a 20% absolute risk reduction.,mediacenteratypon.nejmgroup-production.org,https://mediacenteratypon.nejmgroup-production.org/NEJMoa2307563.pdf,primary,"2% among patients with overweight or obesity who did not have diabetes. 18 In the Intervention and Management Semaglutide Effects on Cardiovascular Outcomes Patients were randomly assigned, with the use of in People with Overweight or Obesity (SELECT) a centralized system in a double-blind manner tr...",neither,1.0,"The passage mentions a 2% figure and a study involving overweight or obesity patients, but it does not provide evidence that semaglutide reduces absolute risk by 20%.",N,neither,neither,0.95,The passage is fragmented and does not provide complete findings regarding whether semaglutide reduces absolute risk by 20%.,N,neither
t03_creatine/c1/e1/ev-6f5afaebeedd,t03_creatine,Healthy adults take 5g of creatine daily.,supported,supports,Reports that 3 to 5 grams of creatine daily is a sufficient dosage for most adults.,uclahealth.org,https://www.uclahealth.org/news/article/why-everyones-talking-about-creatine,reporting,"- According to Yasi Ansari, for most adults, 3 to 5 grams of creatine daily is sufficient.",supports,0.9,"The passage confirms that 3 to 5 grams of creatine daily is sufficient for most adults, which aligns with taking 5g daily.",Y,,supports,0.9,"The passage states that 3 to 5 grams of creatine daily is sufficient for most adults, which supports the claim that healthy adults take 5g daily.",Y,
t03_creatine/c1/e1/ev-89f3b48b21a4,t03_creatine,Healthy adults take 5g of creatine daily.,supported,supports,States that most people take a daily dose of 3 to 5 grams and that 5 grams per day is appropriate.,urmc.rochester.edu,https://www.urmc.rochester.edu/news/publications/health-matters/creatine-for-beginners-should-you-take-it,reporting,"- According to urmc.rochester.edu, most people take a daily dose of 3–5 grams of creatine. - According to urmc.rochester.edu, for most people, a daily dose of 5 grams per day is appropriate.",supports,1.0,"The passage states that a daily dose of 5 grams per day is appropriate for most people, making the claim that healthy adults take 5g of creatine daily more likely true.",Y,,supports,0.9,The passage states that most people take 3–5 grams of creatine daily and that a 5-gram daily dose is appropriate for,Y,
t03_creatine/c1/e1/ev-368aa465ea30,t03_creatine,Healthy adults take 5g of creatine daily.,supported,supports,Notes that common maintenance dosing for adults is 3 to 5 grams per day.,store.mayoclinic.com,https://store.mayoclinic.com/education/creatine-beyond-the-gym-what-older-adults-and-non-athletes-should-know/?srsltid=AfmBOoq1YVF2mIszvV4CKTBr16f4CMz2suVnFKcraeO0qz1MO1ANClL_,commentary,"- According to the Mayo Clinic, common dosing for a maintenance phase is 3 to 5 grams per day.",supports,1.0,"The passage confirms that a common daily maintenance dose is 3 to 5 grams, which aligns with taking 5g daily.",Y,,error,,,,
t03_creatine/c1/e1/ev-af39352b160a,t03_creatine,Healthy adults take 5g of creatine daily.,supported,supports,Confirms that clinical dosing commonly uses 3 to 5 grams per day to raise creatine stores.,cooperaerobics.com,https://www.cooperaerobics.com/blog/how-much-creatine-should-i-take-a-simple-guide-for-adults/,commentary,"- Most clinical studies use 3–5 grams of creatine monohydrate per day. - A 2021 analysis found that average dietary intake among U.S. adults is only ~0.52 grams/day. - Among U.S. adults age 65+, mean intake is ~0.76 grams/day, with ~70% consuming <1 gram/day. - Taking 5 grams/day without a loading phase will raise creatine stores over 3–4 weeks.",neither,0.9,"The passage discusses the amount of creatine used in clinical studies and average dietary intake, but it does not state that healthy adults actually take 5g daily.",N,neither,error,,,,
t03_creatine/c1/e1/ev-rec-e2_3_f0cf2b95,t03_creatine,Healthy adults take 5g of creatine daily.,supported,supports,"States that daily creatine monohydrate supplementation at 5 g/day is evaluated in controlled trials, matching the claimed intake for healthy/Alzheimer's populations.",ubiehealth.com,https://ubiehealth.com/doctors-note/creatine-alzheimers-research-2026-brainenergies-2751q2,commentary,"Our Services Medical Information Helpful Resources Published on: 5/6/2026 Emerging 2026 research shows that daily creatine monohydrate supplementation (5 g/day) may increase brain phosphocreatine levels by 10–15% and slow early Alzheimer's cognitive decline by approximately 30%, according to controlled trials and neuroimaging studies. Key considerations include disease stage at initiation, bioavailability optimization, and long-term safety data. Key findings on creatine for Alzheimer's: Below, y",supports,0.9,"The passage explicitly states that daily creatine monohydrate supplementation is 5 g/day, which aligns with the element's claim.",Y,,neither,0.95,"The passage discusses research on 5g/day creatine supplementation for early Alzheimer's cognitive decline, but does not mention or confirm whether healthy adults take 5g of creatine daily.",N,neither
t03_creatine/c1/e2/ev-rec-e2_3_f0cf2b95,t03_creatine,Daily intake of 5g of creatine causes prevention of dementia in healthy adults.,unresolved,supports,Reports that daily 5 g/day creatine supplementation may slow early Alzheimer's cognitive decline by approximately 30% according to controlled trials.,ubiehealth.com,https://ubiehealth.com/doctors-note/creatine-alzheimers-research-2026-brainenergies-2751q2,commentary,"Our Services Medical Information Helpful Resources Published on: 5/6/2026 Emerging 2026 research shows that daily creatine monohydrate supplementation (5 g/day) may increase brain phosphocreatine levels by 10–15% and slow early Alzheimer's cognitive decline by approximately 30%, according to controlled trials and neuroimaging studies. Key considerations include disease stage at initiation, bioavailability optimization, and long-term safety data. Key findings on creatine for Alzheimer's: Below, y",neither,1.0,"The passage discusses slowing cognitive decline in Alzheimer's patients, whereas the element claims the prevention of dementia in healthy adults.",N,neither,neither,,,N,neither
t04_jwst/c1/e1/ev-13160ec05246,t04_jwst,The James Webb Space Telescope orbits the Earth every 90 minutes.,disputed,challenges,"States that Webb is not in orbit around Earth but orbits the Sun at L2, noting Hubble is the telescope orbiting Earth every 90 minutes.",science.nasa.gov,https://science.nasa.gov/mission/webb/orbit/,primary,"- According to science.nasa.gov, the James Webb Space Telescope is not in orbit around the Earth, but actually orbits the Sun, 1.5 million kilometers away from the Earth at the second Lagrange point or L2. - According to science.nasa.gov, unlike Hubble, which goes in and out of Earth shadow every 90 minutes, Webb has an unimpeded view that allows science operations 24/7.",challenges,1.0,"The passage explicitly states that the James Webb Space Telescope is not in orbit around the Earth, which directly contradicts the claim.",Y,,challenges,1.0,"The passage explicitly states that the James Webb Space Telescope is not in orbit around Earth, but instead orbits the Sun at the L2 point, noting that Hubble is the telescope with a 90-minute orbit.",Y,
t04_jwst/c1/e1/ev-41ff11e48baa,t04_jwst,The James Webb Space Telescope orbits the Earth every 90 minutes.,disputed,challenges,Confirms that Webb orbits the Sun 1.5 million kilometers from Earth rather than orbiting Earth.,science.nasa.gov,https://science.nasa.gov/mission/webb/,primary,"- According to science.nasa.gov, Webb orbits the Sun 1.5 million kilometers from the Earth. - According to science.nasa.gov, the James Webb Space Telescope has a large, segmented, gold-coated mirror. - According to science.nasa.gov, the James Webb Space Telescope is the largest and most powerful telescope ever launched to space.",challenges,1.0,"The passage states that Webb orbits the Sun, whereas the element claims it orbits the Earth every 90 minutes.",Y,,challenges,0.95,"The passage explicitly states that Webb orbits the Sun 1.5 million kilometers from Earth, contradicting the claim that it orbits the Earth.",Y,
t04_jwst/c1/e1/ev-4539cb476332,t04_jwst,The James Webb Space Telescope orbits the Earth every 90 minutes.,disputed,challenges,"Explains that Webb orbits the Sun at L2, whereas Hubble is the telescope that completes an orbit around Earth every 90 minutes.",thatsmaths.com,https://thatsmaths.com/2025/05/15/the-james-webb-telescope-viewing-the-universe-from-lagrange-point-l2/,commentary,"- Hubble orbits at about 550 km above the Earth’s surface and much of the sky is eclipsed by the planet as the telescope moves in and out of Earth shadow every 90 minutes. - On Christmas Day, 2021, a successor to Hubble, the James Webb Space Telescope (JWST or Webb), was launched. - Unlike Hubble, Webb orbits the Sun about 1.5 million km beyond Earth at L2, providing an unimpeded view of the sky. - Its mirror, with 18 hexagonal gold-plated segments, has a 6.5-meter diameter, considerably larger than that of the Hubble Space Telescope.",challenges,1.0,The passage explicitly states that the James Webb Space Telescope orbits the Sun at L2 rather than orbiting the Earth every 90 minutes.,Y,,challenges,0.95,"The passage states that, unlike Hubble, the James Webb Space Telescope orbits the Sun rather than the Earth.",Y,
t04_jwst/c1/e2/ev-be8a234081c1,t04_jwst,The James Webb Space Telescope has a 6.5-metre primary mirror.,disputed,supports,NASA confirms that Webb's primary mirror measures 6.5 meters across.,science.nasa.gov,https://science.nasa.gov/mission/webb/webbs-mirrors/,primary,"- According to science.nasa.gov, Webb's primary mirror is 6.5 meters across. - According to science.nasa.gov, each of the primary mirror's 18 hexagonal-shaped mirror segments is 1.32 meters in diameter, flat to flat.",supports,1.0,"The passage explicitly states that Webb's primary mirror is 6.5 meters across, which directly supports the element.",Y,,supports,1.0,The passage explicitly,Y,
t04_jwst/c1/e2/ev-39463b5da542,t04_jwst,The James Webb Space Telescope has a 6.5-metre primary mirror.,disputed,supports,NASA documentation confirms the James Webb Space Telescope primary mirror is 6.5 meters across.,svs.gsfc.nasa.gov,https://svs.gsfc.nasa.gov/13521,primary,- The James Webb Space Telescope primary mirror is 6.5 meters (21 feet 4-inches) across.,supports,1.0,The passage explicitly confirms that the James Webb Space Telescope primary mirror is 6.5 meters across.,Y,,supports,1.0,The passage directly states that the James Webb Space Telescope primary mirror is 6.5 meters across.,Y,
t04_jwst/c1/e2/ev-321b9431d060,t04_jwst,The James Webb Space Telescope has a 6.5-metre primary mirror.,disputed,challenges,"The evidence states the primary mirror is 5 meters in diameter, which contradicts the element's assertion of a 6.5-metre primary mirror.",spiedigitallibrary.org,https://www.spiedigitallibrary.org/conference-proceedings-of-spie/11813/118130U/High-speed-interferometry-for-James-Webb-Space-Telescope-testing/10.1117/12.2570872.full,primary,"5 meter diameter, segmented, lightweight primary mirror and lightweight carbon fiber composite structure",challenges,1.0,"The element states the primary mirror is 6.5-metre, whereas the passage states it has a 5-meter diameter.",Y,,error,,,,
t04_jwst/c1/e3/ev-3b1c2ec15952,t04_jwst,The James Webb Space Telescope was launched in December 2021.,supported,supports,"NASA confirms Webb launched at 7:20 a.m. EST on December 25, 2021.",science.nasa.gov,https://science.nasa.gov/mission/webb/webb-mission-timeline/,primary,"- According to science.nasa.gov, in 2002, the telescope was formally named the James Webb Space Telescope. - According to science.nasa.gov, construction on Webb began in 2004. - According to science.nasa.gov, at 7:20 a.m. EST on December 25, 2021, Webb launched from CSG.",supports,1.0,"The passage explicitly states that Webb launched on December 25, 2021, which supports the claim that the telescope was launched in December 2021.",Y,,supports,1.0,"The passage explicitly states that the James Webb Space Telescope (Webb) launched on December 25, 2021.",Y,
t04_jwst/c1/e3/ev-77ca3b5cddd2,t04_jwst,The James Webb Space Telescope was launched in December 2021.,supported,supports,"Reports that the James Webb Space Telescope launched successfully on Dec. 25, 2021.",planetary.org,https://www.planetary.org/articles/jwst-launch-guide,reporting,"- NASA’s long-awaited, greatly anticipated James Webb Space Telescope (JWST) launched successfully on Dec. 25, 2021.",supports,1.0,"The passage explicitly states that the James Webb Space Telescope launched on December 25, 2021, which directly confirms the claim.",Y,,supports,1.0,"The passage directly states that the James Webb Space Telescope launched successfully on December 25, 2021.",Y,
t04_jwst/c1/e3/ev-265c30d77216,t04_jwst,The James Webb Space Telescope was launched in December 2021.,supported,supports,Confirms the James Webb Space Telescope was launched in December 2021.,eoportal.org,https://www.eoportal.org/satellite-missions/jwst,reporting,"- The James Webb Space Telescope (JWST), launched in December 2021, features a large, 6.5-meter mirror. - The total mass of JWST at launch is estimated to be 6,500 kg.",supports,1.0,The passage explicitly states that the James Webb Space Telescope was launched in December 2021.,Y,,supports,1.0,The passage directly confirms that the James Webb Space Telescope was launched in December 2021.,Y,
t05_bankrate_425/c1/e1/ev-25ce14b0c549,t05_bankrate_425,The Bank of England's Bank Rate is 4.25% as of 7 September 2026.,disputed,challenges,"Reports that the Bank Rate was left unchanged at 3.75%, contradicting the 4.25% figure.",tradingeconomics.com,https://tradingeconomics.com/united-kingdom/interest-rate,primary,- The Bank of England left its Bank Rate unchanged at 3.75% at its July meeting. - The benchmark interest rate in the United Kingdom was last recorded at 3.75 percent.,challenges,1.0,"The passage states that the Bank Rate is 3.75%, which contradicts the claim that it is 4.25%.",Y,,error,,no response,,
t05_bankrate_425/c1/e1/ev-160a4b154568,t05_bankrate_425,The Bank of England's Bank Rate is 4.25% as of 7 September 2026.,disputed,challenges,Official parliamentary evidence from 8 September 2026 confirms the MPC held the Bank Rate at 3.75%.,committees.parliament.uk,https://committees.parliament.uk/event/28071/formal-meeting-oral-evidence-session/,primary,"Members of the Bank of England’s ... Monetary Policy Report, and the MPC’s most recent decision to hold the Bank Rate at 3.75%....",challenges,1.0,"The passage states the Bank Rate is 3.75%, which contradicts the claim that it is 4.25%.",Y,,neither,0.85,"The passage mentions a Bank Rate of 3.75% without specifying the date, making it insufficient to confirm or",N,neither
t06_sweden_focus/c1/e1/ev-0ef47dcd1457,t06_sweden_focus,Sweden did not impose a general lockdown in 2020-22.,supported,supports,States that Sweden never enacted a lockdown involving severe movement restrictions or legally binding stay-at-home orders across the population.,bbc.com,https://www.bbc.com/future/article/20250304-the-countries-that-never-locked-down-for-covid-19,reporting,"- Sweden never enacted a lockdown that involved severe restrictions on the movement of people, such as legally binding stay-at-home orders applied across large swathes of the population. - A study published in May 2024 by researchers including Ingeborg Forthun compared excess deaths in Sweden, Norway, Denmark, and Finland during the first years of the pandemic. - The researchers found a noticeable spike in excess deaths in Sweden during the initial waves of the pandemic in the spring and winter of 2020. - While excess mortality fell in Norway, Finland, and Denmark in 2020, it rose compared to Sweden in 2021 and 2022. - According to Forthun, the four countries have a comparable number of excess deaths when accounting for differing population sizes.",supports,1.0,The passage explicitly states that Sweden never enacted a lockdown involving severe movement restrictions or legally binding stay-at-home orders.,Y,,supports,0.95,The passage explicitly states that Sweden never enacted a lockdown with severe movement restrictions or stay-at-home orders across large parts of the population during the pandemic.,Y,
t06_sweden_focus/c1/e1/ev-aed744939436,t06_sweden_focus,Sweden did not impose a general lockdown in 2020-22.,supported,supports,"Confirms Sweden's COVID-19 response featured no general lockdown, focusing instead on mitigation.",pmc.ncbi.nlm.nih.gov,https://pmc.ncbi.nlm.nih.gov/articles/PMC7537539/,primary,"- By September 1, 2020, 0.8% of Swedish residents had tested positive for the virus and 0.06% of the population had died, which was higher than neighbouring Nordic countries, but lower than some European countries with general lockdowns. - Sweden's response was less invasive than many other countries, featuring no general lockdown and a focus on mitigation rather than stopping the pandemic. - By September 2020, 84,521 Sweden residents had tested positive, 2,560 had been admitted to an intensive care unit, and 5,813 had died, representing 0.8%, 0.03%, and 0.06% of the total population respectively. - The number of deaths from all causes in Sweden between March 1 and August 25, 2020, was 46,746, representing an excess mortality rate of 11% compared with the average death rate of 41,934 for 2015-2019.",supports,1.0,"The passage explicitly states that Sweden's response featured ""no general lockdown"", which directly supports the element.",Y,,supports,0.95,The passage explicitly states that Sweden's response featured no general lockdown.,Y,
t06_sweden_focus/c1/e2/ev-842a98804320,t06_sweden_focus,Sweden's lack of a general lockdown was the primary driver of its mortality outcomes.,disputed,challenges,"Cites modeling studies finding that mandatory lockdown policies would have reduced Swedish infections and excess mortality by 25 to 33 percent, challenging the claim that avoiding lockdown drove favorable mortality outcomes.",nature.com,https://www.nature.com/articles/s41598-023-45934-2,primary,"- According to Article 1, 7,144 more Swedes died in the year 2020 compared to the average number of deaths in the previous 5 years. - According to Article 1, Born et al. find that infections and deaths directly attributable to Covid-19 in Sweden would have been reduced by one half and one third, respectively, had Sweden imposed a mandatory lockdown. - According to Article 1, Cho finds that infection cases would have been reduced by almost 75% and excess mortality would have been reduced by 25 percentage points had Sweden imposed a lockdown.",supports,0.9,"The passage cites studies finding that infections and deaths would have been significantly reduced had Sweden imposed a lockdown, which supports the claim that the lack of a lockdown was the primary driver of its mortality outcomes.",N,direction,error,,no response,,
t06_sweden_focus/c1/e3/ev-271cb07adc3a,t06_sweden_focus,Sweden had lower excess mortality in 2020-22 compared to every other European country.,disputed,challenges,"Reports that Sweden ranked 37th among 42 European countries for cumulative excess mortality from January 2020 to December 2022, with higher excess mortality (158 per 100,000) than Norway (129) and Denmark (97).",pmc.ncbi.nlm.nih.gov,https://pmc.ncbi.nlm.nih.gov/articles/PMC10399217/,primary,"- According to secondary data assembled from Worldometer, Our World in Data, the Swedish Public Health Agency, and the Swedish National Board of Welfare, Sweden's excess mortality rate from January 2020 to December 2022 was 158 per 100,000 inhabitants. - According to Article 0, Sweden ranked 37th among 42 European countries for cumulative excess all-cause mortality from January 2020 to December 2022. - According to Article 0, excess mortality in Sweden from January 2020 to December 2022 was 158 per 100,000 inhabitants, compared to 129 in Norway, 97 in Denmark, and 228 in Finland. - According to Article 0, Sweden's excess mortality in 2020 was estimated to be 85 per 100,000 inhabitants. - According to Article 0, excess mortality during the second and third years of the pandemic (2021–2022) showed a figure for Sweden of 69 per 100,000.",challenges,1.0,"The passage states that Sweden ranked 37th among 42 European countries for excess mortality, which contradicts the claim that Sweden had lower excess mortality than every other European country.",Y,,challenges,0.98,The passage explicitly shows that other European countries,Y,
t06_sweden_focus/c1/e3/ev-818d6871061b,t06_sweden_focus,Sweden had lower excess mortality in 2020-22 compared to every other European country.,disputed,challenges,"Notes that Sweden ranked 30th out of 47 European countries in per capita deaths, contradicting the claim that Sweden had lower mortality than every other European country.",en.wikipedia.org,https://en.wikipedia.org/wiki/COVID-19_pandemic_in_Sweden,primary,"The COVID-19 pandemic in Sweden is a part of the pandemic of coronavirus disease 2019 caused by severe acute respiratory syndrome coronavirus 2. As of 22 March 2023, there have been 2,701,192 confirmed cumulative cases and 23,851 deaths with confirmed COVID-19 in Sweden. Sweden ranks 57th in per capita deaths worldwide, and out of 47 European countries, Sweden places 30th. A 2022 estimate of excess mortality during the pandemic using IHME COVID model estimated 18,300 excess deaths during 2020–2021 The Economist model value estimated 13,670 excess deaths between 16th 2020-Mar 6th 2022.",challenges,1.0,"The passage states that Sweden ranks 30th out of 47 European countries in per capita deaths, which contradicts the claim that Sweden had lower excess mortality than every other European country.",Y,,neither,0.9,The passage provides excess death,N,neither
t06_sweden_focus/c1/e3/ev-011898bf80f3,t06_sweden_focus,Sweden had lower excess mortality in 2020-22 compared to every other European country.,disputed,challenges,"The evidence shows Norway saw 5.0% more deaths over 2020-2022 compared to Sweden's 4.4%, directly contradicting the claim that Sweden had lower excess mortality than every other European country.",scienceinsights.org,https://scienceinsights.org/how-did-sweden-handle-covid-and-what-were-the-results/,commentary,"- According to Article 3, Sweden's GDP contracted by 2.2% in 2020, compared to an EU average decline of 6.4%. - According to Article 3, half of all Swedish COVID-19 deaths occurred in long-term care facilities. - According to Article 3, Sweden saw 4.4% more deaths over the full three-year period from 2020 to 2022 compared to the 2017 to 2019 baseline, while Norway saw 5.0% more deaths.",challenges,1.0,"The passage states that Norway saw 5.0% more deaths while Sweden saw 4.4%, but Norway is another European country that actually had a higher excess mortality percentage than Sweden, contradicting the claim that Sweden had lower excess mort…",Y,,error,,,,
t07_sqlite_busy/c1/e1/ev-452faa47894f,t07_sqlite_busy,"In SQLite using write-ahead logging, readers do not block writers.",supported,supports,States that SQLite's explicit concurrency promises in WAL mode guarantee readers do not block writers.,berthub.eu,https://berthub.eu/articles/posts/a-brief-post-on-sqlite3-database-locked-despite-timeout/,commentary,"- When running in WAL mode, SQLite makes explicit concurrency promises stating that readers do not block writers and a writer does not block readers. - SQLite allows a user to BEGIN a transaction without telling it whether it is read-only or read-write, determining this based on the first executed statement. - If a read-only transaction later tries to write to the database, SQLite attempts to upgrade the transaction to a write transaction. - When a left transaction tried to upgrade itself to a read-write transaction while a right transaction was open, it failed immediately with a SQLITE_BUSY error. - SQLite implements a transaction isolation mode called serializable.",supports,1.0,"The passage explicitly states that in WAL mode, readers do not block writers.",Y,,supports,1.0,"The passage explicitly states that when running in WAL mode, SQLite makes concurrency promises stating that readers do not block writers.",Y,
t07_sqlite_busy/c1/e1/ev-9764ef1ad9a8,t07_sqlite_busy,"In SQLite using write-ahead logging, readers do not block writers.",supported,supports,Confirms that writers append to the WAL file allowing writers and readers to run concurrently.,sqlite.org,https://www.sqlite.org/wal.html,primary,"- Writers merely append new content to the end of the WAL file, allowing writers and readers to run at the same time. - Since there is only one WAL file, there can only be one writer at a time.",supports,1.0,"The passage explicitly states that writers and readers can run at the same time in WAL mode, which makes the element that readers do not block writers more likely true.",Y,,supports,0.95,"The passage states that writers and readers are allowed to run concurrently in WAL mode, directly supporting that readers do not block writers.",Y,
t07_sqlite_busy/c1/e1/ev-05286a707016,t07_sqlite_busy,"In SQLite using write-ahead logging, readers do not block writers.",supported,supports,Notes that WAL mode enables readers to read existing data while a writer writes new data.,sqlite.org,https://sqlite.org/forum/forumpost/3fec19a873?t=h,primary,- Only in WAL mode can you have readers reading existing data WHILE a writer is writing new data.,supports,1.0,"The passage confirms that in WAL mode, readers can read while a writer is writing, which aligns with the claim that readers do not block writers.",Y,,supports,0.95,"The passage explicitly states that in WAL mode, readers can read while a writer is writing, directly supporting the claim that readers do not block writers.",Y,
t07_sqlite_busy/c1/e1/ev-d545fde7c51e,t07_sqlite_busy,"In SQLite using write-ahead logging, readers do not block writers.",supported,supports,Reports that write-ahead logging allows a writer and any number of readers to be active simultaneously.,coddy.tech,https://coddy.tech/docs/sqlite/wal-mode-and-concurrency,primary,"- Write-ahead logging allows a writer and any number of readers to be active at the same moment. - SQLite still serializes writes in WAL mode, ensuring that at any moment exactly one transaction holds the write lock. - If two connections try to write at the same time in WAL mode, the second one gets SQLITE_BUSY.",supports,1.0,"The passage explicitly states that write-ahead logging allows a writer and readers to be active at the same moment, meaning readers do not block writers.",Y,,supports,0.95,The passage explicitly states that write-ahead logging allows a writer and any number of readers to be active,Y,
t07_sqlite_busy/c1/e1/ev-4c0379fc2c14,t07_sqlite_busy,"In SQLite using write-ahead logging, readers do not block writers.",supported,supports,"Explains that WAL mode permits readers simultaneously with a writer, unlike rollback mode.",tenthousandmeters.com,https://tenthousandmeters.com/blog/sqlite-concurrent-writes-and-database-is-locked-errors/,commentary,"- SQLite handles concurrent writes with a global write lock allowing only one writer at a time. - Both rollback mode and WAL mode allow multiple parallel readers and both allow one writer at a time. - WAL mode supports having readers simultaneously with a writer, while in rollback mode, writers and readers block each other. - In WAL mode, write transactions append changes to the WAL file and they cannot do that in an interleaved manner. - A write transaction started with BEGIN CONCURRENT does not acquire the write lock until COMMIT.",supports,1.0,"The passage explicitly states that WAL mode supports having readers simultaneously with a writer, which means readers do not block writers.",Y,,supports,0.95,"The passage explicitly contrasts rollback mode, where readers and writers block each other, with WAL mode, which supports having readers simultaneously with a writer.",Y,
t07_sqlite_busy/c1/e1/ev-302b4841bc95,t07_sqlite_busy,"In SQLite using write-ahead logging, readers do not block writers.",supported,supports,"Affirms that under WAL mode, readers never block on writers.",shivekkhurana.com,https://shivekkhurana.com/blog/sqlite-in-production/,commentary,"- SQLite is a single-writer, multi-reader database. - Out of the box, SQLite starts failing as soon as write concurrency exceeds one. - Setting PRAGMA busy_timeout instructs the connection to retry for a specified duration before throwing a lock error. - SQLite’s Write-Ahead Logging (WAL) mode writes every write transaction by appending modified pages immediately to the *.wal file. - In WAL mode, writers append sequentially, and readers never block on writers.",supports,1.0,"The passage explicitly states that in WAL mode, readers never block on writers.",Y,,error,,no response,,
t07_sqlite_busy/c1/e1/ev-52694c1c64a1,t07_sqlite_busy,"In SQLite using write-ahead logging, readers do not block writers.",supported,supports,States that read transactions can execute concurrently with a single write transaction in WAL mode.,powersync.com,https://powersync.com/blog/sqlite-persistence-on-the-web,commentary,"- SQLite supports concurrent access to a single database file by utilizing multiple connections to a file. - A single connection can be safe to use from different native threads, but it serializes statements and can never execute more than one transaction at a time. - Only a single write transaction can execute at a time when using a rollback journal, and any other transactions attempting to write at the same time will fail with SQLITE_BUSY. - When using the WAL journal mode instead, read transactions can be executed concurrently with a single write transaction. - In WAL mode, writes block checkpoints, and slow readers may interrupt them.",supports,1.0,"The passage explicitly states that when using WAL journal mode, read transactions can be executed concurrently with a single write transaction, meaning readers do not block writers.",Y,,supports,0.9,"The passage states that in WAL journal mode, read transactions can execute concurrently with a single write transaction, supporting the claim that readers do not block writers.",Y,
t07_sqlite_busy/c1/e1/ev-85d48a968c25,t07_sqlite_busy,"In SQLite using write-ahead logging, readers do not block writers.",supported,supports,Confirms that SQLite's WAL mode provides concurrent reads alongside an active writer.,dev.to,https://dev.to/pockit_tools/the-sqlite-renaissance-why-the-worlds-most-deployed-database-is-taking-over-production-in-2026-3jcc,commentary,"- According to dev.to, SQLite uses a file-level lock allowing one writer at a time, while WAL mode provides concurrent reads with a single writer. - According to dev.to, SQLite's WAL mode allows concurrent readers with a single writer and delivers excellent throughput. - According to dev.to, the BEGIN CONCURRENT extension available in SQLite forks like LibSQL allows multiple writers to proceed simultaneously as long as they do not modify the same pages.",supports,1.0,"The passage states that SQLite's WAL mode provides concurrent reads with a single writer, which supports the claim that readers do not block writers.",Y,,error,,no response,,
t07_sqlite_busy/c1/e1/ev-ff66f2f5502e,t07_sqlite_busy,"In SQLite using write-ahead logging, readers do not block writers.",supported,supports,"States that in WAL mode, writers only conflict with other writers rather than readers.",reddit.com,https://www.reddit.com/r/golang/comments/1exk981/sqlite_database_is_locked_with_wal_mode/,commentary,"In WAL mode , writers only conflict with other writers",supports,1.0,The passage stating that writers only conflict with other writers directly supports the claim that readers do not block writers.,Y,,supports,0.95,"The passage explicitly states that in WAL mode writers only conflict with other writers, which directly implies that readers do not block writers.",Y,
t07_sqlite_busy/c1/e1/ev-33479f2e092d,t07_sqlite_busy,"In SQLite using write-ahead logging, readers do not block writers.",supported,supports,Notes that enabling WAL mode allows readers to proceed while a writer is active.,builder.ai2sql.io,https://builder.ai2sql.io/blog/sqlite-error-database-is-locked,commentary,"- SQLite allows one writer at a time, and the SQLite error 'database is locked' (SQLITE_BUSY) occurs when one process holds a write lock and another process tries to write or read at the same time. - Enabling WAL mode allows readers to proceed while a writer is active.",supports,1.0,"The passage explicitly states that enabling WAL mode allows readers to proceed while a writer is active, which directly supports the claim that readers do not block writers in SQLite using write-ahead logging.",Y,,error,,,,
t07_sqlite_busy/c1/e2/ev-e2fb3dad9113,t07_sqlite_busy,The absence of readers blocking writers directly prevents SQLITE_BUSY errors from occurring in SQLite.,disputed,supports,Reports that WAL mode eliminates the largest class of SQLITE_BUSY errors in mixed read/write workloads by stopping readers and writers from blocking each other.,sqlprostudio.com,https://www.sqlprostudio.com/blog/60-fixing-database-is-locked-in-sqlite,commentary,"- According to Kyle Hankinson, SQLITE_BUSY (error code 5) means a different connection holds a lock that your statement needs. - SQLite locks at the level of the whole database file, not rows or tables, so one writer anywhere blocks every other writer everywhere. - Out of the box, SQLite has a default busy timeout of zero milliseconds, causing any contention to surface as an immediate error. - According to Kyle Hankinson, setting PRAGMA busy_timeout = 5000 tells SQLite to wait up to five seconds for locks to free. - In the default rollback-journal mode, a reader merely holding a read transaction open will block a writer's COMMIT. - According to Kyle Hankinson, switching the database to write-ahead logging (WAL mode) allows readers and writers to no longer block each other, eliminating the largest class of SQLITE_BUSY errors in mixed read/write workloads. - WAL mode has been available since SQLite 3.7.0 released in 2010 and is a persistent property of the database file.",challenges,0.9,"The element claims that the absence of readers blocking writers prevents SQLITE_BUSY errors, but the passage states that WAL mode allows readers and writers to not block each other, which eliminates the largest class of SQLITE_BUSY errors,…",N,direction,supports,0.9,The passage states that allowing readers and writers to no longer block each other eliminates the largest class of SQLITE_BUSY errors in mixed workloads.,Y,
t07_sqlite_busy/c1/e2/ev-d545fde7c51e,t07_sqlite_busy,The absence of readers blocking writers directly prevents SQLITE_BUSY errors from occurring in SQLite.,disputed,challenges,Demonstrates that SQLITE_BUSY still occurs in WAL mode whenever two connections attempt to write concurrently.,coddy.tech,https://coddy.tech/docs/sqlite/wal-mode-and-concurrency,primary,"- Write-ahead logging allows a writer and any number of readers to be active at the same moment. - SQLite still serializes writes in WAL mode, ensuring that at any moment exactly one transaction holds the write lock. - If two connections try to write at the same time in WAL mode, the second one gets SQLITE_BUSY.",challenges,0.9,"The passage states that writes are still serialized and two connections trying to write at the same time result in SQLITE_BUSY, which contradicts the claim that the absence of readers blocking writers prevents SQLITE_BUSY errors.",Y,,error,,no response,,
t07_sqlite_busy/c1/e2/ev-d8d272177c2b,t07_sqlite_busy,The absence of readers blocking writers directly prevents SQLITE_BUSY errors from occurring in SQLite.,disputed,challenges,Points out that transactions upgrading from read to write mode can still trigger SQLITE_BUSY errors in WAL mode.,news.ycombinator.com,https://news.ycombinator.com/item?id=45781519,commentary,"- In WAL mode, writers and readers don’t interfere with each other, allowing pure read queries in parallel, though only one writer is allowed at a time. - In WAL mode, if a transaction begins in read mode and later attempts to mutate something, it can fail at the point of lock upgrade with SQLITE_BUSY due to pages being appended by other transactions.",neither,1.0,"The passage discusses how readers and writers interact in WAL mode and mentions SQLITE_BUSY occurring due to lock upgrades, but it does not address whether the absence of readers blocking writers directly prevents SQLITE_BUSY errors.",N,neither,error,,no response,,
t07_sqlite_busy/c1/e2/ev-452faa47894f,t07_sqlite_busy,The absence of readers blocking writers directly prevents SQLITE_BUSY errors from occurring in SQLite.,disputed,challenges,Shows an example where upgrading a transaction to a read-write transaction in WAL mode failed immediately with SQLITE_BUSY.,berthub.eu,https://berthub.eu/articles/posts/a-brief-post-on-sqlite3-database-locked-despite-timeout/,commentary,"- When running in WAL mode, SQLite makes explicit concurrency promises stating that readers do not block writers and a writer does not block readers. - SQLite allows a user to BEGIN a transaction without telling it whether it is read-only or read-write, determining this based on the first executed statement. - If a read-only transaction later tries to write to the database, SQLite attempts to upgrade the transaction to a write transaction. - When a left transaction tried to upgrade itself to a read-write transaction while a right transaction was open, it failed immediately with a SQLITE_BUSY error. - SQLite implements a transaction isolation mode called serializable.",challenges,1.0,The passage provides an example where a transaction failed with a SQLITE_BUSY error despite the fact that readers do not block writers.,Y,,error,,,,
t07_sqlite_busy/c1/e2/ev-5a70701234a8,t07_sqlite_busy,The absence of readers blocking writers directly prevents SQLITE_BUSY errors from occurring in SQLite.,disputed,challenges,Explains that SQLITE_BUSY occurs whenever multiple writers compete because SQLite only supports one writer at a time.,sqlite.org,https://sqlite.org/rescode.html,primary,"- The SQLITE_BUSY result code indicates that the database file could not be written or read because of concurrent activity by some other database connection, usually in a separate process. - SQLite only supports one writer at a time, causing process B to get an SQLITE_BUSY result if process A is in the middle of a large write transaction. - An SQLITE_BUSY error can occur at any point in a transaction: when the transaction is first started, during write or update operations, or when the transaction commits. - To avoid encountering SQLITE_BUSY errors in the middle of a transaction, an application can use BEGIN IMMEDIATE instead of just BEGIN. - If BEGIN IMMEDIATE succeeds, SQLite guarantees that no subsequent operations on the same database through the next COMMIT will return SQLITE_BUSY.",neither,1.0,"The passage discusses concurrent activity, single writers, and using BEGIN IMMEDIATE to avoid SQLITE_BUSY errors, but it does not mention readers blocking writers or the absence thereof preventing these errors.",N,neither,error,,no response,,
t07_sqlite_busy/c1/e2/ev-360005c6fd2f,t07_sqlite_busy,The absence of readers blocking writers directly prevents SQLITE_BUSY errors from occurring in SQLite.,disputed,challenges,Notes that readers can still encounter SQLITE_BUSY during WAL connection lifecycle coordination windows.,hynek.me,https://hynek.me/til/sqlite-read-only-wal-locked/,commentary,"- According to hynek.me, opening or closing an empty WAL database can briefly require exclusive locks to coordinate through the -shm file. - According to hynek.me, a new reader arriving during WAL connection lifecycle windows can receive SQLITE_BUSY even when no application data is being written. - According to hynek.me, the SQLite C library has a default connection timeout of 0. - Python's sqlite3 standard library module comes with a default busy timeout of 5 seconds.",challenges,0.9,"The passage explicitly states that a new reader can receive SQLITE_BUSY errors even when no application data is being written, which contradicts the claim that the absence of readers blocking writers directly prevents these errors.",Y,,error,,,,
t08_ev/c1/e1/ev-0205b0fdd8ff,t08_ev,How do the lifecycle greenhouse gas emissions of electric cars compare with those of petrol cars?,supported,supports,"Reports that electric vehicles typically release fewer lifecycle greenhouse gas emissions than internal combustion engine vehicles, even when accounting for battery production.",factcheck.org,https://www.factcheck.org/2024/02/electric-vehicles-contribute-fewer-emissions-than-gasoline-powered-cars-over-their-lifetimes/,reporting,"Q: Are electric cars really better for the environment than gasoline-powered cars over their lifetimes? A: Yes. Electric vehicles typically release fewer greenhouse gas emissions than internal combustion engine vehicles during their life cycles, even after accounting for the increased energy required to make their batteries. And their carbon footprints are expected to get smaller in the near future. FULL QUESTION Hi. I have been sent this facebook post regarding Electric car battery information which does not seem factual to me but I would like to know for sure. FULL ANSWER After seeing various versions of a viral post on social media that plays up the environmental costs of electric vehicles, readers have been asking us if EVs are really better for the environment than conventional gasoline-powered cars. The post, which includes false and misleading claims, shares a photo of a Tesla car battery and is accompanied by a long caption highlighting the minerals and energy needed to manufacture the battery — ultimately claiming that EVs take a full seven years to begin lowering carbon emissions compared with a conventional car. The production and use of all kinds of vehicles and fuels have environmental costs. Large amounts of raw minerals and other materials have to be extracted, manufactured and transported globally to make automobile bodies, engines, batteries and other components. Then the vehicles need to run — either on fuels such as gasoline or diesel, which also need to be extracted, refined, produced and distributed, or on electricity, which is generated from fossil fuels, nuclear power or renewables. And when vehicles no longer work, materials need to be recycled or disposed of. At each of these stages, vehicles are responsible for producing heat-trapping gases, known as greenhouse gases, that contribute to climate change. The total emissions across a vehicle’s lifetime are called life cycle or cradle-to-grave emissions. The transportation sector had the",supports,1.0,The passage explicitly states that electric vehicles typically release fewer greenhouse gas emissions than internal combustion engine vehicles over their life cycles.,Y,,supports,0.95,"The passage directly addresses the comparison, stating that electric vehicles typically release fewer lifecycle greenhouse gas emissions than gasoline-powered vehicles.",Y,
t08_ev/c1/e1/ev-0db660146e1f,t08_ev,How do the lifecycle greenhouse gas emissions of electric cars compare with those of petrol cars?,supported,supports,Confirms that lifetime carbon emissions are lower for electric vehicles than for conventional gas-powered cars.,usatoday.com,https://www.usatoday.com/story/news/factcheck/2022/06/09/fact-check-electric-vehicles-emit-less-carbon-over-life-than-gas-cars/9900644002/,reporting,"Fact check: Lifetime carbon emissions lower for electric vehicles than gas-powered cars The claim: Volvo data says it takes a decade for electric vehicles to become 'carbon neutral' The automaker Volvo has committed to selling 100% electric cars by 2030 to slash carbon emissions, the company announced in March 2021. However, a meme circulating on social media claims that the CO2 emissions from electric vehicle manufacturing significantly limits the benefits of the technology for emissions reductions. ""But then Volvo comes out with data ... that electric cars take a decade to become carbon neutral from there (sic) production pollution,"" reads the May 16 Facebook meme. The meme garnered nearly 500 interactions in two days. But the claim is misleading. Electric cars don't become ""carbon neutral,"" since they emit carbon during manufacturing and use – if charged from a grid powered by fossil fuels. ""Carbon neutral"" refers to entities that absorb or otherwise offset their emissions, which isn't the case here. However, after a certain amount of miles powered by a lower-carbon fuel, EVs ""break even"" with traditional vehicles in terms of carbon emissions. After that time, they produce much less carbon, which results in lower emissions over their lifetime. The amount of time required for an EV to break even depends on the vehicle model, driving habits and the energy mix used to charge the EV. USA TODAY reached out to the Facebook user who shared the post for comment.",supports,1.0,The passage explicitly states that lifetime carbon emissions are lower for electric vehicles compared to gas-powered cars.,Y,,error,,no response,,
t08_ev/c1/e1/ev-c93986faf405,t08_ev,How do the lifecycle greenhouse gas emissions of electric cars compare with those of petrol cars?,supported,supports,Reports T&E findings that European electric cars emit on average more than three times less CO2 over their lifecycle than equivalent petrol cars.,transportenvironment.org,https://www.transportenvironment.org/articles/how-clean-are-electric-cars,reporting,"- According to T&E, electric cars in Europe emit, on average, more than 3 times less CO2 than equivalent petrol cars. - According to T&E, in the worst case scenario, an electric car with a battery produced in China and driven in Poland still emits 37% less CO2 than petrol. - According to T&E, in the best case scenario, an electric car with a battery produced in Sweden and driven in Sweden can emit 83% less than petrol. - According to T&E, electric cars bought in 2030 will reduce CO2 emissions four-fold thanks to an EU grid relying more and more on renewables. - According to T&E, HEVs only achieve a 21% reduction in LCA emissions compared to an equivalent petrol car while PHEV improvements are limited to 26%.",supports,1.0,The passage provides specific lifecycle greenhouse gas emission comparisons showing that electric cars emit significantly less CO2 than petrol cars.,Y,,supports,0.95,The passage directly addresses the element by providing specific data comparing the lifecycle CO2 emissions of electric cars to petrol cars across multiple scenarios.,Y,
t08_ev/c1/e1/ev-ffd9c7e8bd93,t08_ev,How do the lifecycle greenhouse gas emissions of electric cars compare with those of petrol cars?,supported,supports,"Confirms that electric cars in Europe emit on average over three times less CO2 across their lifecycle compared with petrol cars, ranging from 37% to 83% lower.",transportenvironment.org,https://www.transportenvironment.org/topics/cars/are-electric-cars-cleaner,reporting,"- Electric cars in Europe emit, on average, more than 3 times less CO2 than equivalent petrol cars. - In the best case scenario, an electric car with a battery produced in Sweden and driven in Sweden can emit 83% less than an equivalent petrol car. - In the worst case scenario, an electric car with a battery produced in China and driven in Poland still emits 37% less CO2 than petrol. - Electric cars bought in 2030 will reduce CO2 emissions four-fold thanks to an EU grid relying more and more on renewables. - HEVs only achieve a 21% reduction in LCA emissions compared to an equivalent petrol car while PHEV improvements are limited to 26%.",supports,1.0,The passage provides specific data comparing the lifecycle greenhouse gas emissions of electric cars to petrol cars across various scenarios.,Y,,supports,0.95,"The passage directly provides comparative lifecycle emission data, stating that electric cars in Europe emit on average more than three times less CO2 than equivalent petrol cars",Y,
t08_ev/c1/e1/ev-edf2c81bddbf,t08_ev,How do the lifecycle greenhouse gas emissions of electric cars compare with those of petrol cars?,supported,supports,US EPA confirms that the total lifecycle greenhouse gas emissions of an electric vehicle are typically lower than those of an average gasoline car.,epa.gov,https://www.epa.gov/greenvehicles/electric-vehicle-myths,primary,"- According to the US EPA, electric vehicles typically have a smaller carbon footprint than gasoline cars, even when accounting for the electricity used for charging. - According to the US EPA, research shows that an EV is typically responsible for lower levels of greenhouse gases than an average new gasoline car. - According to the US EPA, EVs use approximately 87%–91% of the energy from the battery and regenerative braking to propel the vehicle, whereas gasoline vehicles only convert about 16–25% of the energy from gasoline into movement. - According to the US EPA, the greenhouse gas emissions associated with an electric vehicle over its lifetime are typically lower than those from an average gasoline-powered vehicle, even when accounting for manufacturing. - According to the US EPA, total GHGs for an EV are still lower than those for a gasoline car, despite higher emissions from EV manufacturing and end-of-life.",supports,1.0,"The passage provides evidence directly comparing the lifecycle greenhouse gas emissions of electric vehicles and gasoline cars, stating that EV emissions are typically lower over their lifetime.",Y,,error,,no response,,
t08_ev/c1/e1/ev-32f28d2313da,t08_ev,How do the lifecycle greenhouse gas emissions of electric cars compare with those of petrol cars?,supported,supports,States that combined CO2 emissions of electric cars are 27% to 52% lower than those of traditional vehicles.,illuminem.com,https://illuminem.com/illuminemvoices/which-is-more-harmful-an-electric-car-or-a-gasoline-car,reporting,The researchers concluded that the combined CO2 emissions of electric cars are 52–27% lower than those of traditional vehicles.,supports,1.0,"The passage provides specific data showing that the combined CO2 emissions of electric cars are lower than those of traditional vehicles, directly answering how their lifecycle emissions compare.",Y,,supports,,,Y,
t08_ev/c1/e1/ev-84684a758bac,t08_ev,How do the lifecycle greenhouse gas emissions of electric cars compare with those of petrol cars?,supported,supports,Cites European Energy Agency findings showing lifecycle carbon emissions of electric vehicles are approximately 17% to 30% lower than petrol vehicles.,myenergi.com,https://www.myenergi.com/ie/guides/are-electric-cars-better-than-petrol/,commentary,"- Electric cars emit no tailpipe pollutants, drastically reducing greenhouse gases and pollution. - Just one electric car can prevent around 1.5 million grams of CO2 from entering the air every year, according to the text. - The lifecycle carbon emissions of an electric vehicle are approximately 17 to 30% lower than those of petrol vehicles, according to research by the European Energy Agency.",supports,1.0,"The passage explicitly states that the lifecycle carbon emissions of electric vehicles are 17 to 30% lower than those of petrol vehicles, directly answering the comparison requested in the element.",Y,,error,,no response,,
t08_ev/c1/e1/ev-c6a54646355d,t08_ev,How do the lifecycle greenhouse gas emissions of electric cars compare with those of petrol cars?,supported,supports,Cites ICCT research indicating battery electric cars produce 73% less lifecycle greenhouse gas emissions than gasoline counterparts.,theicct.org,https://theicct.org/pr-electric-cars-getting-cleaner-faster/,primary,"- A study by the International Council on Clean Transportation (ICCT) estimates that battery electric cars sold today in Europe emit nearly 4 times less greenhouse gases over their lifetime than gasoline cars. - Battery electric cars sold today produce 73% less life-cycle greenhouse gas emissions than their gasoline counterparts, according to ICCT research. - Manufacturing emissions for battery electric cars are roughly 40% higher than for gasoline cars. - The initial emissions debt from battery manufacturing is typically offset after around 17,000 kilometers of driving, usually within the first one to two years of use in Europe. - Hybrid and plug-in hybrid cars offer only 20% and 30% lower lifetime emissions than gasoline, respectively.",supports,1.0,"The passage provides specific lifecycle greenhouse gas emission comparisons between battery electric cars and gasoline cars, stating that electric cars emit significantly less.",Y,,supports,0.95,"The passage directly provides evidence comparing the lifecycle greenhouse gas emissions of battery electric cars with gasoline (petrol) cars, stating they emit significantly less over their lifetime.",Y,
t08_ev/c1/e1/ev-4c1b156952c9,t08_ev,How do the lifecycle greenhouse gas emissions of electric cars compare with those of petrol cars?,supported,supports,The comment directly supports the lifecycle emission comparison by asserting that EVs remain cleaner than gas cars even when powered by coal.,reddit.com,https://www.reddit.com/r/electricvehicles/comments/1n6r2zj/new_study_proves_evs_are_always_cleaner_than_gas/,commentary,"EVs and the power grid are so efficient, a coal-powered EV is *still* cleaner than a gas car. People often don't take into account drilling,",supports,0.9,"The passage provides evidence directly comparing the lifecycle cleanliness (greenhouse gas emissions) of electric vehicles to gas cars, concluding that even coal-powered EVs are cleaner.",Y,,error,,no response,,
t08_ev/c1/e1/ev-7ead6993c811,t08_ev,How do the lifecycle greenhouse gas emissions of electric cars compare with those of petrol cars?,supported,supports,This statement directly supports the lifecycle comparison by asserting that internal combustion engine vehicles produce vastly more emissions than EVs over their lifetimes.,reddit.com,https://www.reddit.com/r/electricvehicles/comments/189dk4x/debunking_the_myth_of_ev_mfg_creating_more/,commentary,ICE vehicles produce vastly more emissions than EVs over their lifetimes,supports,1.0,"The passage explicitly states that internal combustion engine vehicles produce vastly more emissions than electric vehicles over their lifetimes, directly answering how their lifecycle greenhouse gas emissions compare.",Y,,error,,,,
t08_ev/c1/e2/ev-cd0d0afb7ed0,t08_ev,What do comparative studies show regarding the particulate matter emissions produced by electric cars versus petrol cars during operation?,unresolved,supports,Cites an OECD study showing BEVs contribute 6% to 42% less overall PM2.5 and PM10 emissions than conventional ICE cars when all particle sources are counted.,transportenvironment.org,https://www.transportenvironment.org/articles/electric-vehicles-are-far-better-than-combustion-engine-cars-when-it-comes-to-air-pollution-heres-why,commentary,"- According to an OECD study, when all particle sources are counted, BEV passenger cars and SUVs contribute less PM2.5 and PM10 than diesel or petrol cars. - PM emissions are reduced by 6-42% on switching to a BEV from a conventional ICE car. - Switching from an ICE to a BEV instantly eliminates all toxic tailpipe pollution such as nitrogen oxides (NOx), carbon monoxide (CO) and hydrocarbons (HC).",supports,1.0,The passage provides findings from an OECD study showing that battery electric vehicles produce lower PM2.5 and PM10 particulate matter emissions compared to petrol cars during operation.,Y,,error,,no response,,
t08_ev/c1/e3/ev-1fdbafd4debe,t08_ev,To what extent do the environmental impacts of battery production for electric cars offset their operational emission advantages over petrol cars?,supported,supports,Reports PLOS Climate findings that initial battery manufacturing emission debts are offset after two years of vehicle use.,eurekalert.org,https://www.eurekalert.org/news-releases/1102315,reporting,"- According to a study published in PLOS Climate, lithium-ion battery electric vehicles result in a reduction in cumulative carbon dioxide emissions compared to fossil-based internal combustion engine vehicles after two years of use. - According to the study, electric vehicles produce 30% higher CO2 emissions than gasoline vehicles during the first two years of operation when all lifecycle factors are considered. - According to the study, each additional kWh of lithium-ion battery output leads to an average reduction of 220 kg of CO2 in 2030 and 127 kg of CO2 in 2050. - According to the study, the economic value of environmental damage from ICE vehicles over their lifetime currently ranges from 2 to 3.5 times that of BEVs when accounting for both air pollution and climate change impacts. - According to co-author Dr. Drew Shindell, internal combustion vehicles lead to about 2-3 times more damage than EVs when considering both climate and air quality.",supports,0.9,The passage provides specific findings on how the emissions from battery production are offset by operational advantages within two years of use.,Y,,error,,no response,,
t08_ev/c1/e3/ev-58267f032646,t08_ev,To what extent do the environmental impacts of battery production for electric cars offset their operational emission advantages over petrol cars?,supported,supports,"Finds that initial CO2 emissions from battery production are roughly 30% higher, but are offset within approximately two years of driving.",cen.acs.org,https://cen.acs.org/environment/climate-change/pollution-mitigated-electric-battery-production/103/web/2025/10,reporting,"- According to research comparing emissions of carbon dioxide and other greenhouse gases, electric cars become more environmentally friendly than their combustion-powered counterparts after about 2 years. - According to researchers, initially CO2 emissions linked to electric cars are around 30% higher than those of gas-powered cars because of environmental impacts linked to battery production. - According to the researchers, cumulative emissions of electric vehicles go down after 2 years because operation-based emissions are almost negligible. - According to researchers, over an average vehicle lifetime of 18 years, gas-powered cars cause 2 to 3.5 times more environmental damage than electric vehicles using an economic measure.",supports,1.0,"The passage provides specific data showing that battery production emissions are offset by operational advantages after about 2 years, directly answering the extent to which environmental impacts are offset.",Y,,error,,no response,,
t08_ev/c1/e3/ev-c4472ad6e3c3,t08_ev,To what extent do the environmental impacts of battery production for electric cars offset their operational emission advantages over petrol cars?,supported,supports,Documents that operational savings offset battery manufacturing emissions within 2 to 3 years of driving.,felss.com,https://felss.com/en/blog/understanding-the-electric-vehicle-ecological-impact/,commentary,"- Producing an electric vehicle battery can generate between 150 to 200 kilograms of CO2 per kilowatt-hour of battery capacity. - EVs produce zero tailpipe emissions, which significantly reduces local air pollution, especially in urban areas. - In countries with a high share of renewable energy, such as Norway or Iceland, EVs can reduce greenhouse gas emissions by up to 70% compared to conventional vehicles. - In areas heavily dependent on coal-fired power plants, the greenhouse gas reduction might be as low as 20-30%. - The break-even point, where the environmental benefits outweigh the production emissions, typically occurs after 2 to 3 years of driving.",supports,1.0,"The passage provides specific data on battery production emissions and notes that the environmental break-even point occurs after 2 to 3 years of driving, thereby answering how production impacts offset operational advantages.",Y,,error,,no response,,
t08_ev/c1/e3/ev-eccb251fa521,t08_ev,To what extent do the environmental impacts of battery production for electric cars offset their operational emission advantages over petrol cars?,supported,supports,Reports that higher manufacturing emissions for electric vehicles are fully offset after two years of driving compared to average conventional vehicles.,theicct.org,https://theicct.org/publication/effects-of-battery-manufacturing-on-electric-vehicle-life-cycle-greenhouse-gas-emissions/,primary,"- A typical electric car today produces just half of the greenhouse gas emissions of an average European passenger car. - An electric car using average European electricity is almost 30% cleaner over its life cycle compared to even the most efficient internal combustion engine vehicle on the market today. - In markets with very low-carbon electricity, such as Norway or France, electric vehicles produce less than a third of the life-cycle emissions of an average combustion-engine vehicle. - An electric vehicle’s higher emissions during the manufacturing stage are paid off after only 2 years compared to driving an average conventional vehicle.",supports,1.0,The passage provides evidence addressing the extent of environmental impacts by stating that higher manufacturing emissions are offset after only two years of driving.,Y,,error,,no response,,
t08_ev/c1/e3/ev-e24a83e26981,t08_ev,To what extent do the environmental impacts of battery production for electric cars offset their operational emission advantages over petrol cars?,supported,supports,Notes research from Carbon Brief showing electric vehicles pay back their manufacturing carbon debt within less than two years.,goodenergy.co.uk,https://www.goodenergy.co.uk/blog/why-are-evs-better-for-the-environment-than-petrol-and-diesel-cars/,commentary,"- According to research by Carbon Brief, a new Nissan Leaf will pay back the carbon emitted during manufacturing after less than two years of driving. - Over an average 12-year lifetime, the EV will emit 30% less carbon than a conventional car, based on an average annual driving distance of around 7,800km for cars driven in the UK. - An electric car causes zero direct tailpipe emissions. - In countries like France and Sweden, EVs emit 70% less carbon over their lifetime than a conventional car.",supports,0.95,The passage provides specific evidence that manufacturing emissions are quickly paid back and that EVs ultimately emit 30% to 70% less carbon over their lifetime compared to conventional cars.,Y,,error,,no response,,
t08_ev/c1/e3/ev-7847753c9c44,t08_ev,To what extent do the environmental impacts of battery production for electric cars offset their operational emission advantages over petrol cars?,supported,supports,Reports that it takes between 1.4 and 1.9 years of driving for an electric vehicle to offset its higher production emissions relative to a gasoline car.,recurrentauto.com,https://www.recurrentauto.com/research/just-how-dirty-is-your-ev,commentary,"- Manufacturing an electric vehicle creates more than 10 metric tons of carbon dioxide emissions, compared to about six metric tons for an average gas-powered sedan. - Electric vehicles produce zero tailpipe emissions when they are used. - For a single mile, gas cars produce about 400 grams of CO2, and 8,887 grams of CO2 per gallon burned. - Over the course of its life, a new gasoline car will produce an average of 410 grams of carbon dioxide per mile, while a new electric car will produce only 110 grams. - It takes less than 2 years (about 1.4 to 1.9 years) for electric vehicles to catch up and start surpassing gas-fueled cars in lifetime reduction of emissions. - The average efficiency for gas cars in the U.S. is about 25 mpg, while the average efficiency for an EV in the U.S. is near 100 mpgE.",supports,1.0,The passage provides data on the higher manufacturing emissions of EVs and shows that they overcome this deficit within two years through lower operational emissions.,Y,,error,,no response,,
t09_sqlite_url/c1/e1/ev-d4a06d06240b,t09_sqlite_url,"SQLite made the Write-Ahead Log option available beginning with version 3.7.0 on July 21, 2010.",supported,supports,Confirms that SQLite has supported Write-Ahead Logging since version 3.7.0 released on 2010-07-21.,wiki.tnonline.net,https://wiki.tnonline.net/w/Blog/SQLite_Performance_on_Btrfs,commentary,"- SQLite has since version 3.7.0 (2010-07-21) supported a new journaling mode called Write-Ahead Logging, or simply WAL.",supports,1.0,"The passage explicitly confirms that SQLite has supported the Write-Ahead Logging mode since version 3.7.0 on July 21, 2010.",Y,,supports,1.0,The passage directly confirms that SQLite has supported Write-Ahead Logging since version,Y,
t09_sqlite_url/c1/e1/ev-rec-e1_2_159f8b0c,t09_sqlite_url,"SQLite made the Write-Ahead Log option available beginning with version 3.7.0 on July 21, 2010.",supported,supports,"States that SQLite version 3.7.0 was released in July 2010, matching the date and version.",theregister.com,https://www.theregister.com/databases/2026/08/12/deeply-buried-16-year-old-sqlite-bug-caused-last-years-tailscale-outages/5287004,reporting,"SQLite maintainers believe the bug was present going all the way back to version 3.7.0, released in July 2010; it's now fixed, and the SQLite team recommends",supports,0.9,"The passage confirms that SQLite version 3.7.0 was released in July 2010, which aligns with the date given in the element.",Y,,neither,0.9,"The passage confirms that SQLite version 3.7.0 was released in July 2010, but it does not mention the Write-Ahead Log option",N,neither
t09_sqlite_url/c1/e1/ev-rec-e1_7_e96e4dad,t09_sqlite_url,"SQLite made the Write-Ahead Log option available beginning with version 3.7.0 on July 21, 2010.",supported,supports,States that write-ahead logging was introduced in SQLite 3.7.0 in July 2010.,gopalsharma.in,https://gopalsharma.in/writing/no-server-how-sqlite-conquered-computing/,commentary,"Write-ahead logging. Introduced in SQLite 3.7.0 (July 2010), WAL mode appends changes to a separate -wal file instead of overwriting the main database during ...",supports,1.0,"The passage confirms that write-ahead logging was introduced in SQLite 3.7.0 in July 2010, which directly supports the claim.",Y,,supports,0.9,The passage states that write-ahead logging (WAL mode) was introduced in SQLite 3.7.0 in July 2010.,Y,
t09_sqlite_url/c1/e1/ev-rec-e1_7_06ee2814,t09_sqlite_url,"SQLite made the Write-Ahead Log option available beginning with version 3.7.0 on July 21, 2010.",supported,supports,"Indicates that from SQLite 3.7.0 onward, SQLite introduced WAL (Write-Ahead Logging).",dev.to,https://dev.to/lovestaco/concurrency-control-and-database-recovery-in-sqlite-2pmo,commentary,"From SQLite 3.7.0 onward, SQLite introduced WAL (Write-Ahead Logging): Uses -wal files instead of -journal Journal files persist across commits Improves ...",supports,1.0,The passage confirms that SQLite introduced Write-Ahead Logging (WAL) starting from version 3.7.0 onward.,Y,,error,,,,
t09_sqlite_url/c2/e1/ev-49568b0ef502,t09_sqlite_url,SQLite performs an automatic checkpoint by default when the WAL file reaches a threshold size of 1000 pages.,supported,supports,Confirms that SQLite automatically checkpoints when the WAL file reaches a threshold size of 1000 pages.,news.ycombinator.com,https://news.ycombinator.com/item?id=48899847,commentary,"- According to SQLite's checkpointing documentation, SQLite does a checkpoint automatically when the WAL file reaches a threshold size of 1000 pages.",supports,1.0,"The passage explicitly states that SQLite performs an automatic checkpoint when the WAL file reaches 1000 pages, which directly matches the element.",Y,,supports,0.98,The passage directly confirms that SQLite automatically checkpoints when the WAL file reaches a threshold size of 1000 pages.,Y,
t09_sqlite_url/c2/e1/ev-639c2e10a7ae,t09_sqlite_url,SQLite performs an automatic checkpoint by default when the WAL file reaches a threshold size of 1000 pages.,supported,supports,Reports that SQLite automatically checkpoints when a commit increases the WAL file size to 1000 pages or more.,hevodata.com,https://hevodata.com/learn/write-ahead-logging/,commentary,"- As default, any SQLite database connection has the setting, journal_mode=DELETE. - An SQLite database automatically checkpoints whenever a COMMIT operation occurs and causes an increase in the size of your WAL file (1000 pages or more).",supports,1.0,The passage explicitly states that an SQLite database automatically checkpoints when a COMMIT causes the WAL file to reach 1000 pages or more.,Y,,error,,no response,,
t09_sqlite_url/c2/e1/ev-2e81d716d8f4,t09_sqlite_url,SQLite performs an automatic checkpoint by default when the WAL file reaches a threshold size of 1000 pages.,supported,supports,The performance tuning guide confirms that the default automatic checkpoint threshold is set to 1000 pages (~4 MB).,sesamedisk.com,https://sesamedisk.com/sqlite-performance-tuning-high-throughput/,commentary,- PRAGMA wal_autocheckpoint = 1000 sets the automatic checkpoint threshold to checkpoint every ~4 MB (1000 pages).,supports,1.0,The passage confirms that the automatic checkpoint threshold is set to 1000 pages.,Y,,neither,0.85,The passage explains how to set the automatic,N,neither
t09_sqlite_url/c2/e1/ev-rec-e2_6_4c6a0432,t09_sqlite_url,SQLite performs an automatic checkpoint by default when the WAL file reaches a threshold size of 1000 pages.,supported,supports,"States that SQLite checkpoints automatically when the WAL passes ~1000 pages (the default wal_autocheckpoint), directly matching the claim.",coddy.tech,https://coddy.tech/docs/sqlite/wal-mode-and-concurrency,commentary,"Checkpoints: Folding the WAL Back The WAL file can't grow forever. Checkpointing is the process of taking the committed pages in the WAL and writing them into the main database, then resetting the WAL. SQLite checkpoints automatically when the WAL passes ~1000 pages (the default wal_autocheckpoint). For most apps you can leave that alone. If you want to tune it or trigger one manually: The wal_checkpoint pragma takes a mode: PASSIVE- checkpoint as much as possible without disrupting readers/writ",supports,1.0,"The passage explicitly states that SQLite checkpoints automatically when the WAL passes ~1000 pages, which matches the claim.",Y,,supports,0.95,"The passage states that SQLite checkpoints automatically when the WAL passes around 1000 pages, which is the default setting.",Y,
t09_sqlite_url/c2/e2/ev-639c2e10a7ae,t09_sqlite_url,An SQLite database connection defaults to journal_mode=DELETE.,unresolved,supports,Explicitly states that any SQLite database connection defaults to the setting journal_mode=DELETE.,hevodata.com,https://hevodata.com/learn/write-ahead-logging/,commentary,"- As default, any SQLite database connection has the setting, journal_mode=DELETE. - An SQLite database automatically checkpoints whenever a COMMIT operation occurs and causes an increase in the size of your WAL file (1000 pages or more).",supports,1.0,The passage explicitly states that any SQLite database connection has the default setting of journal_mode=DELETE.,Y,,supports,1.0,"The passage explicitly states that by default, any SQLite database connection has the setting journal_mode=DELETE.",Y,
t09_sqlite_url/c2/e3/ev-e9d97aabd926,t09_sqlite_url,The SQLite journal_mode=WAL setting is persistent across closing and reopening the database.,disputed,supports,Notes that journal_mode is persistent across connections specifically for WAL mode.,til.simonwillison.net,https://til.simonwillison.net/sqlite/enabling-wal-mode,commentary,"- The journal_mode is only persistent for WAL, while DELETE, TRUNCATE, & PERSIST modes are per-connection according to Ben Johnson.",supports,1.0,"The passage explicitly states that the journal_mode is persistent for WAL, which directly aligns with the element.",Y,,supports,0.95,"The passage explicitly states that journal_mode is persistent for WAL, which directly supports the claim.",Y,
t09_sqlite_url/c2/e3/ev-rec-e3_4_9753ab23,t09_sqlite_url,The SQLite journal_mode=WAL setting is persistent across closing and reopening the database.,disputed,supports,"States that the PRAGMA journal_mode=WAL setting is persistent, confirming it persists across connections.",reddit.com,https://www.reddit.com/r/sqlite/comments/1nfvbh1/whats_more_performant_for_concurrent_writes_a_1/,commentary,Pragma `PRAGMA journal_mode=WAL` is persistent … wal mode is redundant because already persistant. part is not persistent for each connection.,supports,0.9,The passage explicitly states that the journal_mode=WAL pragma is persistent.,Y,,supports,0.85,The passage explicitly states that PRAGMA journal_mode=WAL is persistent.,Y,
t09_sqlite_url/c2/e3/ev-rec-e2_4_65e99452,t09_sqlite_url,The SQLite journal_mode=WAL setting is persistent across closing and reopening the database.,disputed,challenges,"Notes that the journal_mode=WAL setting resets if the database is recreated (after openclaw memory index on a corrupted DB), contradicting persistence when the database is re-created.",github.com,https://github.com/openclaw/openclaw/issues/36035,primary,"WAL mode: - Is crash-safe (survives SIGTERM/SIGKILL mid-write) - Allows concurrent reads during writes - Is the recommended mode for applications that restart frequently // After opening the database connection: db. pragma('journal_mode = WAL'); Workaround sqlite3 ~/. sqlite ""PRAGMA journal_mode=WAL;"" But this resets if the DB is recreated (e. , after openclaw memory index on a corrupted DB). Environment - OpenClaw 2026",challenges,0.9,"The passage notes that the journal_mode=WAL setting resets if the database is recreated, contradicting the idea that it is persistent across closing and reopening the database.",Y,,error,,,,
t11_inflation/c1/e2/ev-49270aa0a2f5,t11_inflation,A decrease in the annual inflation rate constitutes a deflationary period where absolute price levels fall.,disputed,challenges,"Distinguishes disinflation from deflation, confirming that prices still increase during disinflation rather than falling.",stlouisfed.org,https://www.stlouisfed.org/open-vault/2023/august/explaining-inflation-disinflation-deflation,primary,"- Inflation is a sustained increase in the price level of goods and services. - Disinflation is a decrease in the rate of inflation. - Deflation is a sustained decrease in the price level of goods and services. - In the disinflation scenario, the price increases less than it would under the higher inflation scenario, but nonetheless, it still increases.",challenges,1.0,"The passage explicitly distinguishes disinflation (a decrease in the rate of inflation where prices still increase) from deflation (a decrease in the price level), directly contradicting the element's claim that a decreased inflation rate …",Y,,challenges,0.98,"The passage explains that a decrease in the inflation rate is disinflation, during which prices still increase rather than fall as in deflation.",Y,
t11_inflation/c1/e2/ev-a29368c556b5,t11_inflation,A decrease in the annual inflation rate constitutes a deflationary period where absolute price levels fall.,disputed,challenges,Explicitly notes that believing falling inflation rates lead to falling prices is a consumer misconception.,aaea.org,https://www.aaea.org/publications/publications-update/grocery-inflation-is-low-but-why-do-consumers-feel-it-is-high,commentary,"- Some consumers mistakenly believe that falling inflation rates will mean falling prices, according to Gielens (2023) and Peate (2024).",challenges,1.0,"The passage explicitly states that falling inflation rates do not mean falling prices, which contradicts the claim that a decrease in the annual inflation rate constitutes absolute price levels falling.",Y,,challenges,0.95,The passage states that it is a mistaken belief that,Y,
t11_inflation/c1/e2/ev-rec-e1_1_76320c3f,t11_inflation,A decrease in the annual inflation rate constitutes a deflationary period where absolute price levels fall.,disputed,challenges,"The Fiscal Lab analysis states that a decrease in inflation means prices are growing more slowly rather than coming down, and that falling absolute price levels are called deflation while slowing inflation is disinflation.",fiscallab.org,https://fiscallab.org/inflation/the-price-level/,primary,"6% more, the price index rises to 105. A reduction in inflation is called disinflation. A decrease in inflation just means that prices are growing more slowly, not that they have come down. When the price level falls, that’s called deflation. Which Data Series Measures the Price Level",challenges,1.0,"The passage explicitly states that a decrease in inflation (disinflation) just means prices grow more slowly rather than coming down, directly contradicting the element's claim that it constitutes deflation where absolute price levels fall.",Y,,error,,,,
t11_inflation/c1/e2/ev-rec-e1_3_25979327,t11_inflation,A decrease in the annual inflation rate constitutes a deflationary period where absolute price levels fall.,disputed,challenges,"The Bank of Canada statement notes that when the rate of inflation decreases, the price level itself does not fall, which directly contradicts the claim that a falling inflation rate constitutes a deflationary period where absolute prices drop.",bankofcanada.ca,https://www.bankofcanada.ca/2025/10/difference-between-price-level-and-inflation/,primary,"The price level still rises a little bit each year, but the increases are small enough that most people can manage them. But inflation isn’t always at 2%. Sometimes, the rate of inflation decreases but the price level itself does not fall. This is called disinflation. During times of disinflation, the price level still rises but more slowly than it did before",challenges,1.0,"The passage explicitly states that sometimes the rate of inflation decreases while the price level itself does not fall, which directly contradicts the element's claim.",Y,,challenges,0.95,"The passage explicitly contradicts the element by stating that when the rate of inflation decreases, the price level does not fall but instead continues to rise more slowly in a process called disinflation.",Y,
t11_inflation/c1/e3/ev-64d666b68d08,t11_inflation,A reduction in the inflation rate from 10% to 3% directly causes the aggregate price level to decline by 7%.,disputed,challenges,"States that even if inflation falls to zero, high price levels persist rather than decline by the change in the inflation rate.",crr.bc.edu,https://crr.bc.edu/low-inflation-does-not-mean-americans-are-fine/,commentary,"- Even if inflation went to zero, high prices would persist, leaving people feeling that things are no longer affordable.",neither,1.0,"The passage discusses the persistence of high price levels even if inflation reaches zero, which does not address whether a specific reduction in the inflation rate causes a direct decline in the aggregate price level.",N,neither,challenges,0.9,"The passage states that even if inflation dropped to zero, high prices would persist, which directly contradicts the claim that a decrease in the inflation rate causes the price level to decline.",Y,
t11_inflation/c1/e3/ev-rec-e1_1_76320c3f,t11_inflation,A reduction in the inflation rate from 10% to 3% directly causes the aggregate price level to decline by 7%.,disputed,challenges,"The analysis explains that a reduction in inflation means prices grow more slowly rather than coming down, directly challenging the causal claim that lower inflation causes the aggregate price level to decline.",fiscallab.org,https://fiscallab.org/inflation/the-price-level/,primary,"6% more, the price index rises to 105. A reduction in inflation is called disinflation. A decrease in inflation just means that prices are growing more slowly, not that they have come down. When the price level falls, that’s called deflation. Which Data Series Measures the Price Level",challenges,1.0,"The passage explicitly states that a decrease in inflation means prices are growing more slowly rather than coming down, which directly contradicts the claim that lower inflation causes the price level to decline.",Y,,challenges,0.95,"The passage contradicts the element by stating that a decrease in inflation means prices are growing more slowly, rather than coming down.",Y,
t11_inflation/c1/e3/ev-rec-e1_3_25979327,t11_inflation,A reduction in the inflation rate from 10% to 3% directly causes the aggregate price level to decline by 7%.,disputed,challenges,"The Bank of Canada statement explicitly clarifies that sometimes the rate of inflation decreases but the price level itself does not fall, contradicting the assertion that inflation dropping from 10% to 3% causes prices to decline.",bankofcanada.ca,https://www.bankofcanada.ca/2025/10/difference-between-price-level-and-inflation/,primary,"The price level still rises a little bit each year, but the increases are small enough that most people can manage them. But inflation isn’t always at 2%. Sometimes, the rate of inflation decreases but the price level itself does not fall. This is called disinflation. During times of disinflation, the price level still rises but more slowly than it did before",challenges,1.0,"The passage explicitly states that even when the inflation rate decreases, the price level itself does not fall, which directly contradicts the claim that a reduction in inflation causes the price level to decline.",Y,,challenges,0.95,"The passage explains that when the inflation rate decreases (disinflation), the price level does not fall, but rather continues to rise more slowly, contradicting the claim that a decrease",Y,
t12_venus_image/c1/e1/ev-bb86ce72ee6d,t12_venus_image,Venus has a higher surface temperature than any other planet in the Solar System.,supported,supports,"NASA Science explicitly identifies Venus as the hottest planet in the solar system, with surface temperatures around 467 degrees Celsius.",science.nasa.gov,https://science.nasa.gov/venus/venus-facts/,primary,"- Venus is the hottest planet in our solar system. - Venus has surface temperatures hot enough to melt lead, about 872 degrees Fahrenheit (467 Celsius).",supports,1.0,"The passage explicitly states that Venus is the hottest planet in our solar system, which directly supports the claim that it has a higher surface temperature than any other planet.",Y,,supports,1.0,"The passage directly states that Venus is the hottest planet in our solar system with very high surface temperatures, supporting the claim.",Y,
t12_venus_image/c1/e1/ev-3b3052f46d4c,t12_venus_image,Venus has a higher surface temperature than any other planet in the Solar System.,supported,supports,"States directly that Venus has the hottest surface of any planet in the Solar System, reaching about 460 degrees Celsius.",planetary.org,https://www.planetary.org/articles/the-hottest-and-coldest-places-in-the-solar-system,commentary,"- Venus has the hottest surface of any planet in the Solar System, despite not being the closest planet to the Sun. - On the surface of Venus, temperatures can reach around 460 degrees Celsius (860 degrees Fahrenheit).",supports,1.0,"The passage explicitly states that Venus has the hottest surface of any planet in the Solar System, which directly matches the element.",Y,,supports,1.0,"The passage explicitly states that Venus has the hottest surface of any planet in the Solar System, which directly confirms the element.",Y,
t12_venus_image/c1/e1/ev-fe24ffebe866,t12_venus_image,Venus has a higher surface temperature than any other planet in the Solar System.,supported,supports,Affirms that Venus is the hottest planet in our solar system.,science.nasa.gov,https://science.nasa.gov/venus/,primary,- Venus is the hottest planet in our solar system.,supports,1.0,"The passage explicitly states that Venus is the hottest planet in our solar system, which directly supports the claim that it has the highest surface temperature.",Y,,supports,0.95,"The passage directly states that Venus is the hottest planet in the solar system, which directly supports the claim.",Y,
t12_venus_image/c1/e1/ev-9d01549c77ed,t12_venus_image,Venus has a higher surface temperature than any other planet in the Solar System.,supported,supports,"NASA data confirms Venus is the hottest planet in the solar system, with a mean surface temperature of 464 degrees Celsius.",science.nasa.gov,https://science.nasa.gov/solar-system/temperatures-across-our-solar-system/,primary,- Venus has a mean surface temperature of 867°F (464°C). - Venus – not Mercury – is the hottest planet in our solar system.,supports,1.0,"The passage explicitly states that Venus is the hottest planet in our solar system, which directly supports the claim.",Y,,supports,1.0,"The passage explicitly states that Venus is the hottest planet in the solar system, which directly supports the element.",Y,
t12_venus_image/c1/e1/ev-8540ef4496fa,t12_venus_image,Venus has a higher surface temperature than any other planet in the Solar System.,supported,supports,"Highlights that Venus is the hottest planet in the solar system, surpassing Mercury in average surface temperature.",x.com,https://x.com/konstructivizm/status/2059819446382809381,commentary,"Black Hole on X: ""The Hottest Planet Isn’t Even Closest to the SunIt’s one of the most surprising facts in our Solar System: Venus, not Mercury, is the hottest planet. While the Sun’s visible surface blazes at a ferocious 5,500°C, Venus reigns supreme among the planets with a crushing average surfac… / XPostLog inSign upPost",supports,1.0,The passage explicitly states that Venus is the hottest planet in our Solar System.,Y,,supports,0.95,The passage explicitly states that Venus is the hottest planet in our Solar System.,Y,
t12_venus_image/c1/e1/ev-aba751eb759c,t12_venus_image,Venus has a higher surface temperature than any other planet in the Solar System.,supported,supports,"Academic source confirms Venus is the hottest planet in the Solar System, sustaining an average surface temperature of 464 degrees Celsius.",nature.com,https://www.nature.com/articles/s44172-026-00647-y,primary,"- Venus is the hottest planet in the Solar System. - Venus sustains an average surface temperature of 464 °C due to intense volcanic activity and a dense atmosphere rich in carbon dioxide and sulphuric acid, which generates atmospheric pressures up to 92 bar.",supports,1.0,"The passage explicitly states that Venus is the hottest planet in the Solar System, which directly supports the claim that it has the highest surface temperature.",Y,,supports,0.98,The passage explicitly states that Venus is the hottest planet in the Solar System and notes its average surface temperature.,Y,
t12_venus_image/c1/e1/ev-6d61acf978e1,t12_venus_image,Venus has a higher surface temperature than any other planet in the Solar System.,supported,supports,"Reports that Venus is the hottest planet in the solar system, reaching surface temperatures of up to 471 degrees Celsius.",zmescience.com,https://www.zmescience.com/feature-post/hottest-planet-solar-system-16072020/,reporting,"- Venus's scorching surface can reach 880°F (471°C). - The atmospheric pressure on Venus is 92 times stronger than that of Earth. - The atmosphere on Venus is 96% carbon dioxide. - The minimum surface temperature of Venus is 870 °F (465°C) and the maximum surface temperature is 870 °F (465°C). - Venus is a hot, hellish place — the hottest planet in the solar system.",supports,1.0,"The passage explicitly states that Venus is the hottest planet in the solar system, which directly supports the claim.",Y,,supports,1.0,The passage explicitly states that Venus is the hottest planet in the solar system.,Y,
t12_venus_image/c1/e1/ev-158c84c69cd6,t12_venus_image,Venus has a higher surface temperature than any other planet in the Solar System.,supported,supports,"Cites planetary data establishing that Venus has the hottest surface of any planet in the Solar System, averaging 470 degrees Celsius.",planetary.org,https://www.planetary.org/worlds/venus,commentary,"- According to planetary.org, Venus has average surface temperatures of 470 degrees Celsius (878 degrees Fahrenheit). - Venus has the hottest surface of any planet in the Solar System according to planetary.org. - According to planetary.org, Venus has a surface temperature ranging from 440°C (820°F) to 480°C (900°F).",supports,1.0,"The passage explicitly states that Venus has the hottest surface of any planet in the Solar System, which directly supports the claim.",Y,,supports,0.99,The passage explicitly states that Venus has the hottest surface of any planet in the Solar System.,Y,
t13_sweden/c1/e1/ev-0ef47dcd1457,t13_sweden,Sweden did not impose a general lockdown in 2020-22.,supported,supports,Confirms that Sweden never enacted a lockdown with severe movement restrictions during the COVID-19 pandemic.,bbc.com,https://www.bbc.com/future/article/20250304-the-countries-that-never-locked-down-for-covid-19,reporting,"- Sweden, Taiwan, Uruguay, Iceland and a few others never enacted a lockdown that involved severe restrictions on the movement of people. - A study published in May 2024 by Ingeborg Forthun at the Norwegian Institute of Public Health and other researchers compared excess deaths in Sweden, Norway, Denmark and Finland during the first years of the pandemic. - Researchers found a noticeable spike in excess deaths in Sweden during the initial waves of the pandemic in the spring and winter of 2020. - While excess mortality fell in the three other countries (Norway, Denmark, and Finland) in 2020, it rose compared to Sweden in 2021 and 2022. - According to Ingeborg Forthun, the four countries have a comparable number of excess deaths when accounting for differences in population sizes.",supports,1.0,The passage explicitly states that Sweden never enacted a lockdown involving severe restrictions on the movement of people.,Y,,supports,0.95,The passage explicitly states that Sweden never enacted a lockdown involving severe restrictions on the movement of people during the pandemic.,Y,
t13_sweden/c1/e1/ev-aed744939436,t13_sweden,Sweden did not impose a general lockdown in 2020-22.,supported,supports,States that Sweden's policy response featured no general lockdown and prioritized mitigation over containment.,pmc.ncbi.nlm.nih.gov,https://pmc.ncbi.nlm.nih.gov/articles/PMC7537539/,primary,"- By September 1, 2020, 0.8% of Swedish residents had tested positive for the virus and 0.06% of the population had died. - Sweden's response was less invasive than many other countries, featuring no general lockdown and a focus on mitigation rather than stopping the pandemic. - By September 2020, 84,521 Sweden residents had tested positive, 2,560 had been admitted to an intensive care unit, and 5,813 had died, representing 0.8%, 0.03%, and 0.06% of the total population respectively. - The number of deaths from all causes in Sweden between March 1 and August 25, 2020, was 46,746, representing an excess mortality rate of 11% compared to the average death rate of 41,934 for 2015-2019.",supports,1.0,The passage explicitly states that Sweden's response featured no general lockdown.,Y,,supports,0.95,The passage explicitly states that Sweden's response featured no general lockdown.,Y,
t13_sweden/c1/e2/ev-842a98804320,t13_sweden,Sweden's absence of a general lockdown was the primary cause of its excess mortality outcome relative to other European countries in 2020-22.,disputed,challenges,"Estimates that up to 4,411 deaths in early 2020 could have been avoided with a mandatory lockdown, challenging the claim that avoiding a lockdown produced favorable mortality outcomes.",nature.com,https://www.nature.com/articles/s41598-023-45934-2,primary,"- Compared to the average number of deaths in the previous 5 years, 7,144 more Swedes died in the year 2020. - Using the Synthetic Control Method, the authors estimate that up to about 4,411 of the 4,6554 deaths registered in Sweden during the period from the end of February 2020 to the end of September 2020 could have been avoided had Sweden implemented a mandatory lockdown.",supports,1.0,"The passage provides evidence estimating that thousands of deaths in Sweden could have been avoided with a mandatory lockdown, which supports the claim that the absence of a lockdown caused its excess mortality.",N,direction,error,,no response,,
t13_sweden/c1/e3/ev-271cb07adc3a,t13_sweden,Sweden experienced lower excess mortality than every other European country in 2020-22.,disputed,challenges,"Shows Sweden's cumulative excess mortality was 158 per 100,000, ranking 37th out of 42 European countries and significantly higher than Luxembourg's 46 per 100,000.",pmc.ncbi.nlm.nih.gov,https://pmc.ncbi.nlm.nih.gov/articles/PMC10399217/,primary,"- According to the available data on excess all-cause mortality rates, Sweden experienced fewer deaths per population unit during the pandemic (2020–2022) than most high-income countries. - In Sweden, the cumulative excess all-cause mortality rate from January 2020 to December 2022 was 158 deaths per 100,000 inhabitants, ranking 37th among 42 European countries. - According to Article 0, the cumulative excess all-cause mortality from January 2020 to December 2022 ranged from 46 (Luxembourg) to 1,080 (Bulgaria) deaths per 100,000 inhabitants across 42 European countries. - In 2020, the excess mortality in Sweden was estimated to be 85 per 100,000 inhabitants. - During the second and third years of the pandemic (2021–2022), Sweden's excess mortality was 69 per 100,000 inhabitants.",challenges,1.0,"The passage states that Sweden ranked 37th out of 42 European countries in excess mortality, which contradicts the claim that it experienced lower excess mortality than every other European country.",Y,,challenges,0.95,"The passage shows that Sweden ranked 37th among 42 European countries and that other countries, such as Luxembourg, had lower excess mortality rates in 2020–",Y,
t13_sweden/c1/e3/ev-818d6871061b,t13_sweden,Sweden experienced lower excess mortality than every other European country in 2020-22.,disputed,challenges,"Indicates Sweden ranked 30th out of 47 European countries in per capita deaths, contradicting the claim of having the lowest mortality in Europe.",en.wikipedia.org,https://en.wikipedia.org/wiki/COVID-19_pandemic_in_Sweden,primary,"The COVID-19 pandemic in Sweden is a part of the pandemic of coronavirus disease 2019 caused by severe acute respiratory syndrome coronavirus 2. As of 22 March 2023, there have been 2,701,192 confirmed cumulative cases and 23,851 deaths with confirmed COVID-19 in Sweden. Sweden ranks 57th in per capita deaths worldwide, and out of 47 European countries, Sweden places 30th. A 2022 estimate of excess mortality during the pandemic using IHME COVID model estimated 18,300 excess deaths during 2020–2021 The Economist model value estimated 13,670 excess deaths between 16th 2020-Mar 6th 2022.",challenges,1.0,"The passage states that Sweden ranks 30th out of 47 European countries in per capita deaths, which contradicts the claim that Sweden experienced lower excess mortality than every other European country.",Y,,error,,,,
t13_sweden/c1/e3/ev-011898bf80f3,t13_sweden,Sweden experienced lower excess mortality than every other European country in 2020-22.,disputed,challenges,"The evidence shows that Norway experienced 5.0% more deaths compared to Sweden's 4.4% over 2020-2022, directly contradicting the claim that Sweden had lower excess mortality than every other European country.",scienceinsights.org,https://scienceinsights.org/how-did-sweden-handle-covid-and-what-were-the-results/,commentary,"- Over the full three-year period from 2020 to 2022, compared to the 2017 to 2019 baseline, Sweden saw 4.4% more deaths while Norway saw 5.0% more deaths. - Sweden's GDP contracted by 2.2% in 2020, compared to an EU average decline of 6.4%. - Half of all Swedish COVID-19 deaths occurred in long-term care facilities.",challenges,1.0,"The passage shows that Norway experienced a 5.0% increase in deaths compared to Sweden's 4.4%, meaning Sweden did not experience lower excess mortality than *every* other European country.",Y,,error,,no response,,
t14_bankrate_375/c1/e1/ev-53fa1f6d1a26,t14_bankrate_375,The Bank of England's Bank Rate is 3.75% as of 7 September 2026.,supported,supports,References the Bank of England's recent decision to hold the Bank Rate at 3.75%.,theguardian.com,https://www.theguardian.com/business/live/2026/sep/08/oil-price-approaches-100-a-barrel-saudi-attacks-bank-of-england-latest-news-updates?CMP=share_btn_url&page=with%3Ablock-6a9fa3a38f08b1fc6ac22c25,reporting,"- According to theguardian.com, MPs in London were scheduled to question Bank of England governor Andrew Bailey and colleagues about their recent decision to hold the Bank Rate at 3.75%.",supports,1.0,The passage confirms the Bank Rate is 3.75% by mentioning a decision to hold it at that rate.,Y,,neither,0.85,The passage mentions a decision to hold,N,neither
t14_bankrate_375/c1/e1/ev-d19308177fb8,t14_bankrate_375,The Bank of England's Bank Rate is 3.75% as of 7 September 2026.,supported,supports,"The forecast explicitly states the BOE Base Rate starts at 3.75% for September 2026, which matches the asserted rate.",poundf.co.uk,https://poundf.co.uk/boe-rate,commentary,BOE Base Rate forecast for September 2026. Starting at 3.75%. This month the interest rate may be changed and receive a new value within the range of 3.50% ...,supports,0.9,"The passage explicitly states that the BOE Base Rate forecast for September 2026 starts at 3.75%, which directly supports the claim that the rate is 3.75% as of that date.",Y,,error,,no response,,
t14_bankrate_375/c1/e2/ev-75cea332ed1d,t14_bankrate_375,The next Bank of England interest rate decision is scheduled for 17 September 2026.,supported,supports,Confirms the Monetary Policy Committee meeting summary and minutes will be published on 17 September 2026.,bankofengland.co.uk,https://www.bankofengland.co.uk/news/2026/september/statement-announcing-governors-interview,primary,"Statement Following the publication of Monetary Policy Summary and minutes of the Monetary Policy Committee meeting on 17 September 2026, the Governor will give his usual pooled broadcast interview",supports,0.9,"The passage confirms that the Monetary Policy Committee meeting and summary publication take place on 17 September 2026, which aligns with the scheduled interest rate decision date.",Y,,error,,,,
t14_bankrate_375/c1/e2/ev-7212239c72ba,t14_bankrate_375,The next Bank of England interest rate decision is scheduled for 17 September 2026.,supported,supports,States that the next Bank of England interest rate decision is scheduled for Thursday 17 September 2026.,cambridgecurrencies.com,https://cambridgecurrencies.com/next-bank-of-england-interest-rate-decision/,commentary,"- According to cambridgecurrencies.com, the Bank of England held Bank Rate at 3.75% on 30 July 2026. - The Monetary Policy Committee voted 6–3 to hold Bank Rate at 3.75% on 30 July 2026. - According to cambridgecurrencies.com, the next Bank of England interest rate decision is scheduled for Thursday 17 September 2026, to be announced at 12:00 UK time.",supports,1.0,The passage explicitly states that the next Bank of England interest rate decision is scheduled for Thursday 17 September 2026.,Y,,supports,1.0,The passage explicitly states that the next Bank of England interest rate decision is scheduled for Thursday 17 September 2026.,Y,
t14_bankrate_375/c1/e2/ev-4356a238cc53,t14_bankrate_375,The next Bank of England interest rate decision is scheduled for 17 September 2026.,supported,supports,"Confirms the date for the Bank of England rate decision is September 17, 2026.",robinhood.com,https://robinhood.com/us/en/prediction-markets/economics/events/bank-of-england-rate-decision-in-september-sep-17-2026/,primary,"- According to robinhood.com, the event day for the Bank of England rate decision prediction market is September 17, 2026.",supports,0.9,"The passage confirms that the prediction market event day for the Bank of England rate decision is September 17, 2026, which makes the scheduled decision date more likely true.",Y,,error,,no response,,
