label_id,record,element,state,tru8_label,tru8_reasoning,source,url,tier,passage,gemini_verdict,gemini_confidence,gemini_reason,gemini_justified,gemini_kind,gemini_flash_verdict,gemini_flash_confidence,gemini_flash_reason,gemini_flash_justified,gemini_flash_kind
t01_brexit/c1/e1/ev-rpf-0_1,t01_brexit,The UK left the European Union on 31 January 2020.,supported,supports,Directly confirms that the UK formally left the European Union on 31 January 2020.,europarl.europa.eu,https://www.europarl.europa.eu/factsheets/en/sheet/216/the-united-kingdom,primary,"The UK formally left the EU on 31 January 2020. The objective of EU-UK cooperation is to govern the withdrawal of the UK from the EU. EU's single market, ...",supports,1.0,"The passage explicitly states that the UK formally left the EU on 31 January 2020, which directly supports the element.",Y,,supports,1.0,The passage explicitly states that the UK formally left the EU on 31 January 2020.,Y,
t01_brexit/c1/e1/ev-rpf-0_2,t01_brexit,The UK left the European Union on 31 January 2020.,supported,supports,"States that the United Kingdom officially left the EU at 23:00 on January 31, 2020.",dennemeyer.com,https://www.dennemeyer.com/blog/posts/10-years-on-from-the-brexit-vote,commentary,"United Kingdom officially left the EU at 23:00 on January 31, 2020, although a transition period ran until 23:00 on December 31, 2020.",supports,1.0,"The passage explicitly states that the United Kingdom officially left the EU on January 31, 2020, which directly aligns with the element.",Y,,supports,1.0,"The passage explicitly confirms that the United Kingdom officially left the EU on January 31, 2020.",Y,
t01_brexit/c1/e1/ev-rec-e3_2_03ebc694,t01_brexit,The UK left the European Union on 31 January 2020.,supported,supports,States the United Kingdom was a Member State of the European Union until 31 January 2020.,rtais.wto.org,https://rtais.wto.org/UI/PublicShowMemberRTAIDCard.aspx?rtaid=386,primary,The United Kingdom was a Member State of the European Union until 31 January 2020.,supports,1.0,"The passage confirms that the United Kingdom was a member until 31 January 2020, which directly supports the claim that the UK left the European Union on that date.",Y,,supports,0.99,"The passage states that the United Kingdom was a Member State of the European Union until 31 January 2020, which directly supports the claim that it left on that date.",Y,
t01_brexit/c1/e1/ev-rec-e3_5_9b7412ed,t01_brexit,The UK left the European Union on 31 January 2020.,supported,supports,States the United Kingdom was a Member State of the European Union until 31 January 2020.,rtais.wto.org,https://rtais.wto.org/UI/CRShowRTAIDCard.aspx?rtaid=109,primary,The United Kingdom was a Member State of the European Union until 31 January 2020.,supports,1.0,"The passage confirms that the United Kingdom was a member of the European Union until 31 January 2020, which directly supports the claim that the UK left on that date.",Y,,supports,0.95,"The passage directly states that the UK was a member of the European Union until 31 January 2020, which confirms it left on that date.",Y,
t01_brexit/c1/e2/ev-rpf-0_0,t01_brexit,The UK remained in the single market until 31 December 2020.,unresolved,supports,Confirms the UK entered a transition phase staying inside the single market until 11.00pm on 31 December 2020.,instituteforgovernment.org.uk,https://www.instituteforgovernment.org.uk/explainer/uk-and-european-union,commentary,"It then entered a transition phase (outside the political institutions, but still inside the single market and customs union) until 11.00pm on 31 December 2020.",supports,1.0,The passage explicitly states that the UK remained inside the single market until 31 December 2020.,Y,,supports,0.95,The passage explicitly states that it remained inside the single market until 31 December 2020 during the transition phase.,Y,
t01_brexit/c1/e3/ev-rpf-0_0,t01_brexit,The UK remained in the customs union until 31 December 2020.,unresolved,supports,Confirms the UK remained inside the customs union during the transition phase until 11.00pm on 31 December 2020.,instituteforgovernment.org.uk,https://www.instituteforgovernment.org.uk/explainer/uk-and-european-union,commentary,"It then entered a transition phase (outside the political institutions, but still inside the single market and customs union) until 11.00pm on 31 December 2020.",supports,1.0,The passage explicitly confirms that the UK remained inside the customs union until 31 December 2020.,Y,,supports,0.95,The passage confirms that it remained inside the customs union until 11.00,Y,
t02_select/c1/e1/ev-9a4a90c5321b,t02_select,The SELECT trial was conducted and its results apply to everyone who is overweight.,disputed,supports,Confirms that the SELECT trial was conducted to evaluate semaglutide's cardiovascular outcomes in patients with overweight or obesity.,mediacenteratypon.nejmgroup-production.org,https://mediacenteratypon.nejmgroup-production.org/NEJMoa2307563.pdf,primary,"2% among patients with overweight or obesity who did not have diabetes. 18 In the Intervention and Management Semaglutide Effects on Cardiovascular Outcomes Patients were randomly assigned, with the use of in People with Overweight or Obesity (SELECT) a centralized system in a double-blind manner tr...",challenges,0.95,"The passage specifies the SELECT trial applies to patients with overweight or obesity who did not have diabetes, which contradicts the claim that its results apply to everyone who is overweight.",N,direction,neither,0.9,"The passage mentions the SELECT trial name and partial study design details, but it does not state or demonstrate that the results apply to everyone who is overweight.",N,neither
t02_select/c1/e1/ev-9663b6eb28c7,t02_select,The SELECT trial was conducted and its results apply to everyone who is overweight.,disputed,challenges,"States that all 17,604 participants were required to have confirmed atherosclerotic cardiovascular disease and no diabetes, contradicting the claim that results apply to everyone who is overweight.",imedic.health,https://imedic.health/en/health/news/ozempic-cardiovascular-benefit-select-trial-final-results-2026,reporting,"- The SELECT investigators required all 17,604 participants to be free of diabetes at enrollment while having confirmed atherosclerotic cardiovascular disease. - Participants in the SELECT trial were randomised 1:1 to subcutaneous semaglutide 2.4 mg once weekly or matched placebo. - When the three-point MACE endpoint was broken into individual components, non-fatal myocardial infarction demonstrated the largest relative risk reduction in the SELECT trial. - Semaglutide reduced high-sensitivity C-reactive protein by roughly 40% in the trial. - The 20% relative risk reduction seen with semaglutide in SELECT is additive because approximately 90% of participants were already on statin therapy.",challenges,1.0,"The passage states that participants were required to have confirmed atherosclerotic cardiovascular disease and be free of diabetes, which contradicts the claim that the results apply to everyone who is overweight.",Y,,error,,,,
t02_select/c1/e1/ev-56a48f5c6803,t02_select,The SELECT trial was conducted and its results apply to everyone who is overweight.,disputed,challenges,"Notes that the trial was restricted to adults aged 45 and older with confirmed CVD and no diabetes, rather than all overweight individuals.",healthrx.com,https://healthrx.com/trials-select/clinical-implications,commentary,"- The SELECT trial had 17,604 participants with a median follow-up of 39.8 months. - SELECT enrolled adults aged 45 or older with a BMI of 27 or higher, confirmed atherosclerotic cardiovascular disease, and no history of diabetes. - The primary composite MACE outcome occurred in 6.5% of semaglutide-treated patients versus 8.0% on placebo (HR 0.80, 95% CI 0.72, 0.90, P <0.001), representing a 20% relative risk reduction. - In the SELECT trial, non-fatal MI occurred in 2.7% of the semaglutide group versus 3.3% in the placebo group, and non-fatal stroke occurred in 1.7% versus 2.2%. - Mean body weight dropped 9.4% in the semaglutide arm versus 0.9% with placebo at week 104 in the SELECT trial.",challenges,0.95,"The passage states the trial enrolled specific adults with confirmed cardiovascular disease and no history of diabetes, contradicting the claim that its results apply to everyone who is overweight.",Y,,challenges,0.9,"The passage shows that SELECT had specific eligibility criteria (adults 45 or older with confirmed cardiovascular disease and no diabetes), challenging the claim that the results apply to everyone who is overweight.",Y,
t02_select/c1/e1/ev-22241e6609e6,t02_select,The SELECT trial was conducted and its results apply to everyone who is overweight.,disputed,challenges,"Specifies that SELECT enrolled only adults with established cardiovascular disease and without diabetes, limiting the scope of applicability.",drdanreardon.com,https://www.drdanreardon.com/articles/select-trial-semaglutide-cardiovascular-outcomes/,commentary,"- According to drdanreardon.com, SELECT showed a 20% reduction in major adverse cardiovascular events with semaglutide versus placebo. - Participants had established cardiovascular disease and overweight or obesity, but no diabetes, according to drdanreardon.com. - According to drdanreardon.com, SELECT enrolled 17,604 adults with overweight or obesity and established cardiovascular disease, without diabetes. - According to drdanreardon.com, the trial tested semaglutide 2.4 mg weekly against placebo on top of standard care.",challenges,1.0,"The passage specifies that participants had established cardiovascular disease and overweight or obesity, contradicting the claim that the results apply to everyone who is overweight.",Y,,challenges,0.85,"The passage specifies that the trial participants had established cardiovascular disease and no diabetes, contradicting the claim that its results",Y,
t02_select/c1/e1/ev-f7d6928db313,t02_select,The SELECT trial was conducted and its results apply to everyone who is overweight.,disputed,challenges,"States that 100% of participants had a history of CVD and no diabetes, contradicting universal applicability to all overweight individuals.",docwirenews.com,https://www.docwirenews.com/post/select-trial-semaglutide-cuts-major-cvd-risk-by-20-in-overweight-obese-adults-without-diabetes,reporting,"- According to docwirenews.com, people who are overweight or obese without diabetes taking semaglutide for more than 3 years had a 20% risk reduction of heart attack, stroke, or cardiovascular death and lost over 9% of body weight. - According to docwirenews.com, researchers enrolled over 17,500 people across 41 countries beginning in 2018. - According to docwirenews.com, 72% of trial participants were male, 70% were obese with a BMI of 30 or higher, and all participants had a history of CVD. - According to docwirenews.com, the semaglutide group on average reduced their body weight by 9.4% compared to only 0.9% in the placebo group.",challenges,1.0,"The passage states that participants had a history of cardiovascular disease and were predominantly male, which contradicts the claim that the results apply to everyone who is overweight.",Y,,error,,no response,,
t02_select/c1/e2/ev-e47f870aabb2,t02_select,Semaglutide prevents heart attacks in people who are overweight.,supported,supports,Quotes experts confirming the SELECT trial clearly demonstrated semaglutide reduced the risk of heart attacks and cardiovascular events in overweight participants.,sciencemediacentre.org,https://www.sciencemediacentre.org/expert-reaction-to-nice-draft-guidance-recommending-semaglutide-to-prevent-heart-attacks-and-strokes-in-adults-whove-previously-had-a-heart-attack-a-stroke-or-peripheral-arterial-disease-an/,commentary,"- Prof Riyaz Patel stated that the SELECT study from 2023 demonstrated that semaglutide, when given to people with CVD, a BMI >=27 and without diabetes, reduced their risk of future heart attacks, strokes and cardiovascular deaths by almost 20% over about 3.3 years. - Prof Martin Whyte noted that the SELECT trials reported a 1.5% absolute risk reduction in major cardiovascular events with semaglutide therapy. - Prof Robert Storey stated that the SELECT trial included more than 17 thousand overweight people with cardiovascular disease and showed clearly that semaglutide reduced the risk of heart attack and other cardiovascular events.",supports,1.0,The passage explicitly reports that the SELECT study demonstrated semaglutide reduced the risk of heart attacks in overweight people.,Y,,supports,0.98,The passage explicitly reports findings from the SELECT study showing that semaglutide reduced the risk of heart attacks in overweight individuals.,Y,
t02_select/c1/e2/ev-8448f5a1b7f0,t02_select,Semaglutide prevents heart attacks in people who are overweight.,supported,supports,Reports official NICE guidance that semaglutide 2.4 mg reduces major adverse cardiovascular events including heart attacks in overweight or obese adults.,news-medical.net,https://www.news-medical.net/news/20260402/Wegovyc2ae-(semaglutide-injection)-24-mg-recommended-by-NICE-to-reduce-risk-of-major-adverse-cardiovascular-events-including-heart-attacks-and-strokes-in-adults-with-established-cardiovascular-disease-and-overweight-or-obesity.aspx,reporting,"- NICE recommended Wegovy (semaglutide injection) 2.4 mg to reduce the risk of major adverse cardiovascular events in adults with established cardiovascular disease and either obesity or overweight (BMI >= 27 kg/m2). - The SELECT trial demonstrated that semaglutide 2.4 mg on top of standard of care reduced the risk for first occurrence of MACE by 20% compared to placebo (hazard ratio, 0.80; 95% CI, 0.72 to 0.90; p < 0.001). - MACE occurred in 6.5% of participants receiving semaglutide compared with 8.0% receiving placebo, representing an absolute risk reduction of 1.5 percentage points. - Adverse events leading to treatment discontinuation were more common with semaglutide injection 2.4 mg vs placebo (16.6% vs 8.2%; p < 0.001).",supports,1.0,"The passage reports that the SELECT trial demonstrated semaglutide reduced major adverse cardiovascular events, which include heart attacks, in people who are overweight or obese.",Y,,error,,no response,,
t02_select/c1/e2/ev-b59ead1fde06,t02_select,Semaglutide prevents heart attacks in people who are overweight.,supported,supports,Establishes that semaglutide 2.4 mg reduces major adverse cardiovascular events in people with overweight or obesity.,cureus.com,https://www.cureus.com/articles/500321-evaluating-the-cardiovascular-benefits-of-innovator-semaglutide-24-mg-recombinant-dna-r-dna-in-patients-with-overweight-or-obesity-a-critical-review-of-current-evidence,primary,SELECT trial established semaglutide 2.4 mg as the first anti-obesity medication to reduce major adverse CV events (MACE) in people with obesity,supports,0.9,The passage establishes that semaglutide reduces major adverse cardiovascular events (such as heart attacks) in people with obesity/overweight.,Y,,error,,no response,,
t02_select/c1/e2/ev-2a4d45898f28,t02_select,Semaglutide prevents heart attacks in people who are overweight.,supported,supports,Confirms semaglutide reduced serious cardiovascular events to 6.5% compared to 8.0% for placebo in overweight adults.,happypharmacy.co.uk,https://happypharmacy.co.uk/blogs/wellbeing-and-pharmacy-updates/beyond-the-scales-how-wegovy-is-now-saving-hearts-and-what-it-means-for-you?srsltid=AfmBOopcJDAIrzatLv-4f7Lm3l8-hSyCFsKfGAqiU_G85ovOjVAz28pv,commentary,"- According to happypharmacy.co.uk, the SELECT Trial included 17,604 participants. - According to happypharmacy.co.uk, the SELECT trial found that semaglutide reduced the risk of a first major adverse cardiovascular event by 20% compared to placebo. - According to happypharmacy.co.uk, serious cardiovascular events occurred in 6.5% of participants receiving semaglutide, versus 8.0% in the placebo group. - According to happypharmacy.co.uk, the trial involved adults with established cardiovascular disease and a BMI of at least 27, but without diabetes.",supports,0.95,"The passage reports that semaglutide reduced the risk of major adverse cardiovascular events in adults with a BMI of at least 27, which supports the claim that it prevents heart attacks in overweight people.",Y,,error,,no response,,
t02_select/c1/e3/ev-8448f5a1b7f0,t02_select,Semaglutide reduces absolute risk by 20%.,disputed,challenges,"Clarifies that the 20% reduction was a relative risk reduction, while the absolute risk reduction was 1.5 percentage points (6.5% vs 8.0%).",news-medical.net,https://www.news-medical.net/news/20260402/Wegovyc2ae-(semaglutide-injection)-24-mg-recommended-by-NICE-to-reduce-risk-of-major-adverse-cardiovascular-events-including-heart-attacks-and-strokes-in-adults-with-established-cardiovascular-disease-and-overweight-or-obesity.aspx,reporting,"- NICE recommended Wegovy (semaglutide injection) 2.4 mg to reduce the risk of major adverse cardiovascular events in adults with established cardiovascular disease and either obesity or overweight (BMI >= 27 kg/m2). - The SELECT trial demonstrated that semaglutide 2.4 mg on top of standard of care reduced the risk for first occurrence of MACE by 20% compared to placebo (hazard ratio, 0.80; 95% CI, 0.72 to 0.90; p < 0.001). - MACE occurred in 6.5% of participants receiving semaglutide compared with 8.0% receiving placebo, representing an absolute risk reduction of 1.5 percentage points. - Adverse events leading to treatment discontinuation were more common with semaglutide injection 2.4 mg vs placebo (16.6% vs 8.2%; p < 0.001).",challenges,1.0,"The passage states that semaglutide represents an absolute risk reduction of 1.5 percentage points, which contradicts the claim of a 20% absolute risk reduction.",Y,,error,,,,
t02_select/c1/e3/ev-722ac4d4e29e,t02_select,Semaglutide reduces absolute risk by 20%.,disputed,challenges,"Specifies that the 20% reduction was a relative risk reduction in MACE (HR 0.80), with absolute event rates of 6.5% vs 8.0%.",healthrx.com,https://healthrx.com/trials-select/overview,commentary,"- The SELECT trial included 17,604 participants receiving subcutaneous semaglutide 2.4 mg once weekly versus a matching placebo. - The SELECT trial primary endpoint was a 20% relative risk reduction in MACE (HR 0.80; 95% CI 0.72 to 0.90; P <0.001). - A primary-endpoint event occurred in 6.5% of the semaglutide group versus 8.0% of the placebo group over the median 39.8-month follow-up in the SELECT trial. - By week 104, participants on semaglutide lost an average of 9.4% of their body weight, compared to 0.9% in the placebo group. - Permanent treatment discontinuation was higher in the semaglutide group at 16.6% versus 8.2% for placebo in the SELECT trial.",challenges,1.0,"The passage reports a 20% relative risk reduction (and an absolute risk reduction of 1.5%, calculated from 8.0% minus 6.5%), which directly contradicts the claim of a 20% absolute risk reduction.",Y,,error,,no response,,
t02_select/c1/e3/ev-56a48f5c6803,t02_select,Semaglutide reduces absolute risk by 20%.,disputed,challenges,Reports the 20% figure as a relative risk reduction (HR 0.80) corresponding to an absolute difference of 1.5% between groups.,healthrx.com,https://healthrx.com/trials-select/clinical-implications,commentary,"- The SELECT trial had 17,604 participants with a median follow-up of 39.8 months. - SELECT enrolled adults aged 45 or older with a BMI of 27 or higher, confirmed atherosclerotic cardiovascular disease, and no history of diabetes. - The primary composite MACE outcome occurred in 6.5% of semaglutide-treated patients versus 8.0% on placebo (HR 0.80, 95% CI 0.72, 0.90, P <0.001), representing a 20% relative risk reduction. - In the SELECT trial, non-fatal MI occurred in 2.7% of the semaglutide group versus 3.3% in the placebo group, and non-fatal stroke occurred in 1.7% versus 2.2%. - Mean body weight dropped 9.4% in the semaglutide arm versus 0.9% with placebo at week 104 in the SELECT trial.",challenges,1.0,"The passage explicitly states that the 20% reduction is a relative risk reduction, which contradicts the claim that it is an absolute risk reduction.",Y,,challenges,0.95,The passage specifies that,Y,
t02_select/c1/e3/ev-0fa04f310946,t02_select,Semaglutide reduces absolute risk by 20%.,disputed,challenges,"Reports event rates of 6.5% for semaglutide vs 8.0% for placebo, contradicting a 20% absolute risk reduction.",newsroom.clevelandclinic.org,https://newsroom.clevelandclinic.org/2023/11/11/international-clinical-trial-finds-that-semaglutide-reduced-cardiovascular-events-by-20-in-adults-with-overweight-or-obesity-who-dont-have-diabetes,primary,"- According to newsroom.clevelandclinic.org, semaglutide reduced cardiovascular events by 20% in adults with overweight or obesity and established cardiovascular disease who do not have diabetes. - According to newsroom.clevelandclinic.org, patients treated with semaglutide lost an average of 9.4% of their body weight. - According to newsroom.clevelandclinic.org, a cardiovascular event, nonfatal myocardial infarction, or nonfatal stroke occurred in 6.5% of patients treated with semaglutide versus 8.0% of patients who received placebo. - According to newsroom.clevelandclinic.org, over 17,000 patients in 41 countries were enrolled and followed for an average of 40 months.",challenges,1.0,"The passage reports a relative reduction of 20% in cardiovascular events and shows an absolute risk reduction of 1.5% (8.0% vs 6.5%), which contradicts the element claiming a 20% absolute risk reduction.",Y,,error,,no response,,
t03_creatine/c1/e1/ev-3a3cfa12d41b,t03_creatine,Healthy adults take 5g of creatine daily.,supported,supports,States that the general recommendation for adults taking creatine is 3 to 5 grams daily and confirms this dose is safe.,health.harvard.edu,https://www.health.harvard.edu/exercise-and-fitness/what-is-creatine-potential-benefits-and-risks-of-this-popular-supplement,reporting,"- According to Harvard Health, the general recommendation for people who do take a creatine supplement is 3 to 5 grams per day. - According to Harvard Health, an adult dose of 3 to 5 grams of creatine daily is safe.",supports,1.0,The passage confirms that the general adult recommendation of 3 to 5 grams of creatine daily encompasses the 5g amount stated in the element.,Y,,supports,0.9,"The passage states that the general recommendation and safe adult dose for creatine is 3 to 5 grams daily, which supports taking 5g daily.",Y,
t03_creatine/c1/e1/ev-89f3b48b21a4,t03_creatine,Healthy adults take 5g of creatine daily.,supported,supports,"Confirms that most healthy adults take a daily creatine dose of 3 to 5 grams, with 5 grams per day being appropriate.",urmc.rochester.edu,https://www.urmc.rochester.edu/news/publications/health-matters/creatine-for-beginners-should-you-take-it,reporting,"- Most people take a daily creatine dose of 3–5 grams. - Creatine is considered safe for healthy adults. - Key benefits of creatine include increased muscle power and strength, improved muscle recovery, and better cognitive function after sleep deprivation. - For most people, a daily dose of 5 grams per day of creatine is appropriate.",supports,1.0,The passage explicitly states that a daily dose of 5 grams per day of creatine is appropriate for most people.,Y,,error,,,,
t03_creatine/c1/e1/ev-8bac7286ae29,t03_creatine,Healthy adults take 5g of creatine daily.,supported,supports,Notes that 5 grams per day is the standard dose people use for athletic performance and muscle strength.,kumc.edu,https://www.kumc.edu/about/news/news-archive/creatine-alzheimers-research.html,reporting,"- A pilot study known as Creatine to Augment Bioenergetics in Alzheimer's (CABA) conducted at the University of Kansas Medical Center indicated moderate improvements in cognitive function. - The standard dose people use to boost their muscle strength and athletic performance is 5 grams per day. - For the CABA trial, 19 participants with Alzheimer’s disease ages 60-90 took 20 grams of creatine monohydrate daily for eight weeks. - Magnetic resonance spectroscopy imaging showed an 11% increase in brain creatine levels in the CABA trial participants.",neither,1.0,"The passage mentions that 5 grams per day is the standard dose used by people to boost muscle strength and performance, but it does not specifically state that healthy adults take this amount daily.",N,neither,error,,no response,,
t03_creatine/c1/e1/ev-cb14658a5bf3,t03_creatine,Healthy adults take 5g of creatine daily.,supported,supports,"This academic source notes that creatine supplementation of 5g four times daily (total 20g/day or lower doses contextually) relates to intake patterns, though it documents creatine dosing in healthy adults.",alzdiscovery.org,https://www.alzdiscovery.org/uploads/cognitive_vitality_media/Creatine_%28supplement%29_.pdf,primary,"Imaging studies typically assess phosphocreatine or total creatine levels. In healthy young adults, supplementation with 20 grams of creatine per day (5 g 4x/day) for four weeks led to an increase of total brain creatine levels by 8. 7% based on magnetic resonance spectroscopy (MRS) imaging when av...",challenges,0.9,"The passage specifies supplementation of 20 grams per day (5 g 4x/day), which contradicts the element's claim of a 5g daily intake.",N,direction,neither,0,,N,neither
t03_creatine/c1/e1/ev-rec-e3_1_5544fc37,t03_creatine,Healthy adults take 5g of creatine daily.,supported,supports,"States that 3 to 5 grams of creatine a day is recommended, matching the 5g daily intake in the element.",verywellhealth.com,https://www.verywellhealth.com/daily-creatine-for-brain-health-11907568,commentary,"Is 20 grams of creatine too much? Learn what studies say about brain health, cognition, side effects, and why 3 to 5 g a day is recommended.",supports,0.9,"The passage explicitly states that 3 to 5 grams a day is recommended, which supports the claim that healthy adults take 5g of creatine daily.",Y,,error,,no response,,
t03_creatine/c1/e1/ev-rec-e3_3_f9265a97,t03_creatine,Healthy adults take 5g of creatine daily.,supported,supports,Notes that creatine supplements of 3 to 5 grams daily are well tolerated and used.,brainhealth.com,https://www.brainhealth.com/wellness/exercise-nutrition/can-creatine-improve-brain-health/,commentary,"Key takeaways Creatine is an energy carrier. Your body makes it, and meat and fish supply a small amount daily. Creatine supplements (3 to 5 grams daily) are well tolerated and boost muscle strength and energy during exercise. Evidence that creatine supplements can boost brain health is inconclusive, drawn mostly from small, short studies including preliminary studies on treating sleep ...",supports,1.0,"The passage states that creatine supplements of 3 to 5 grams daily are well tolerated, which supports the claim that healthy adults take 5g of creatine daily.",Y,,error,,,,
t03_creatine/c1/e2/ev-327344d480a4,t03_creatine,Taking 5g of creatine daily causes the prevention of dementia in healthy adults.,disputed,challenges,Reports that current clinical data are preliminary and insufficient to claim creatine prevents Alzheimer's disease or other dementias.,factually.co,https://factually.co/fact-checks/health/creatine-supplementation-dementia-risk-evidence-8a9604,reporting,Leading reviews and expert summaries urge caution: current data are preliminary and insufficient to claim that creatine prevents Alzheimer’s disease or other dementias [4][5].,challenges,1.0,"The passage states that current data are insufficient to claim that creatine prevents dementias, which directly contradicts the claim that it causes the prevention of dementia.",Y,,neither,0.95,"The passage states that current evidence is preliminary and insufficient to claim creatine prevents dementia, which indicates that",N,neither
t03_creatine/c1/e2/ev-rec-e3_3_f9265a97,t03_creatine,Taking 5g of creatine daily causes the prevention of dementia in healthy adults.,disputed,challenges,"States that evidence that creatine supplements can boost brain health is inconclusive and drawn mostly from small, short studies.",brainhealth.com,https://www.brainhealth.com/wellness/exercise-nutrition/can-creatine-improve-brain-health/,commentary,"Key takeaways Creatine is an energy carrier. Your body makes it, and meat and fish supply a small amount daily. Creatine supplements (3 to 5 grams daily) are well tolerated and boost muscle strength and energy during exercise. Evidence that creatine supplements can boost brain health is inconclusive, drawn mostly from small, short studies including preliminary studies on treating sleep ...",neither,1.0,"The passage states that evidence regarding creatine and brain health is inconclusive, rather than confirming the prevention of dementia.",N,neither,neither,0.95,The passage states that evidence regarding creatine's benefits for brain health is inconclusive and does not mention dementia prevention.,N,neither
t04_jwst/c1/e1/ev-41ff11e48baa,t04_jwst,The James Webb Space Telescope orbits the Earth every 90 minutes.,disputed,challenges,States that Webb orbits the Sun 1.5 million kilometers from Earth rather than orbiting the Earth.,science.nasa.gov,https://science.nasa.gov/mission/webb/,primary,- Webb orbits the Sun 1.5 million kilometers from the Earth.,challenges,1.0,"The passage states that Webb orbits the Sun, whereas the element claims it orbits the Earth every 90 minutes.",Y,,challenges,0.95,The passage states that Webb orbits the Sun rather than orbiting the Earth.,Y,
t04_jwst/c1/e1/ev-13160ec05246,t04_jwst,The James Webb Space Telescope orbits the Earth every 90 minutes.,disputed,challenges,"Confirms Webb orbits the Sun at the second Lagrange point (L2) and notes that Hubble, not Webb, orbits the Earth every 90 minutes.",science.nasa.gov,https://science.nasa.gov/mission/webb/orbit/,primary,"- The James Webb Space Telescope orbits the Sun, 1.5 million kilometers (1 million miles) away from the Earth at what is called the second Lagrange point or L2. - Unlike Hubble, which goes in and out of Earth shadow every 90 minutes, Webb has an unimpeded view that allows science operations 24/7.",challenges,1.0,"The passage explicitly states that the James Webb Space Telescope orbits the Sun rather than the Earth, and attributes the 90-minute period to the Hubble telescope instead.",Y,,challenges,1.0,"The passage states that the James Webb Space Telescope orbits the Sun rather than the Earth, and notes that it is Hubble, not Webb, that has a 90-minute cycle.",Y,
t04_jwst/c1/e1/ev-c956581d6b59,t04_jwst,The James Webb Space Telescope orbits the Earth every 90 minutes.,disputed,challenges,"Reports that JWST orbits the Sun almost one million miles from Earth, clarifying that it is Hubble that orbits Earth every 90 minutes.",attheu.utah.edu,https://attheu.utah.edu/facultystaff/watch-launch-of-biggest-most-powerful-telescope-ever/,reporting,"- JWST’s launch date is scheduled for Dec. 25 at 5:20 am Mountain Time from Europe’s Spaceport in Kourou, French Guiana. - It’s going to orbit the sun almost one million miles away from Earth. - The Hubble space telescope orbits the Earth just over 300 miles up, which means the planet sometimes blocks the telescope’s vision as it orbits the earth every 90 minutes.",challenges,1.0,"The passage explicitly states that the Hubble space telescope, not the James Webb Space Telescope, orbits the Earth every 90 minutes.",Y,,challenges,0.95,"The passage states that the JWST will orbit the Sun almost one million miles away from Earth, while it is the Hubble space telescope that orbits the Earth every 90 minutes.",Y,
t04_jwst/c1/e1/ev-a77412e35f64,t04_jwst,The James Webb Space Telescope orbits the Earth every 90 minutes.,disputed,challenges,States that the telescope orbits the Sun in approximately 365 days rather than orbiting Earth every 90 minutes.,reddit.com,https://www.reddit.com/r/askscience/comments/lxlomt/james_webb_will_not_actually_orbit_the_earth/,commentary,"Just as the earth orbits the sun in ≈ 365 days, the James Webb telescope will also orbit the sun in ≈365 days",challenges,1.0,"The passage states that the telescope orbits the sun every 365 days, which contradicts the element claiming it orbits the Earth every 90 minutes.",Y,,challenges,0.95,"The passage states that the James Webb telescope orbits the sun in approximately 365 days, which contradicts the claim that it orbits the Earth every 90 minutes.",Y,
t04_jwst/c1/e2/ev-be8a234081c1,t04_jwst,The James Webb Space Telescope has a 6.5-metre primary mirror.,supported,supports,Confirms that Webb's primary mirror measures 6.5 meters across.,science.nasa.gov,https://science.nasa.gov/mission/webb/webbs-mirrors/,primary,- Webb's primary mirror is 6.5 meters (21 feet 4 inches) across.,supports,1.0,"The passage explicitly states that Webb's primary mirror is 6.5 meters across, which directly matches the claim.",Y,,supports,1.0,The passage explicitly confirms that Webb's primary mirror measures 6.5 meters across.,Y,
t04_jwst/c1/e2/ev-53349b0761c2,t04_jwst,The James Webb Space Telescope has a 6.5-metre primary mirror.,supported,supports,States that the diameter of the primary mirror of the telescope is approximately 6.5 meters.,science.nasa.gov,https://science.nasa.gov/mission/webb/fact-sheet/,primary,"- Webb orbits the Sun 1.5 million kilometers from the Earth. - The launch date of the James Webb Space Telescope was December 25, 2021. - The diameter of the primary mirror of the James Webb Space Telescope is approximately 6.5 m (21.3 ft).",supports,1.0,The passage explicitly states that the diameter of the primary mirror of the James Webb Space Telescope is approximately 6.5 m.,Y,,supports,0.98,The passage explicitly states that the diameter of the primary mirror of the James Webb Space Telescope is approximately 6.5 m.,Y,
t04_jwst/c1/e3/ev-4a795b1ef4d5,t04_jwst,The James Webb Space Telescope was launched in December 2021.,supported,supports,"Confirms that Webb was launched on December 25, 2021 on an Ariane 5 rocket.",science.nasa.gov,https://science.nasa.gov/mission/webb/launch/,primary,"- Webb was launched on on December 25, 2021 on board an Ariane 5 rocket from Ariane Space Spaceport in French Guiana. - The James Webb Space Telescope was launched on an Ariane 5 rocket. - After launch, the telescope deployed on its 29-day, million-mile journey out to the second Lagrange point (L2).",supports,1.0,"The passage explicitly states that Webb was launched on December 25, 2021, which directly confirms the element.",Y,,supports,1.0,"The passage directly states that Webb was launched on December 25,",Y,
t04_jwst/c1/e3/ev-3b1c2ec15952,t04_jwst,The James Webb Space Telescope was launched in December 2021.,supported,supports,"Records that Webb launched on December 25, 2021 at 7:20 a.m. EST.",science.nasa.gov,https://science.nasa.gov/mission/webb/webb-mission-timeline/,primary,"- In 2002, the telescope was formally named the James Webb Space Telescope. - From late 2015 to early 2016, all 18 of Webb’s individual mirrors were installed on the telescope’s backplane structure to assemble the 6.6 meter (21.7 feet) mirror. - At 7:20 a.m. EST (1220 GMT) on December 25, 2021, Webb launched from CSG.",supports,1.0,"The passage explicitly states that the telescope launched on December 25, 2021, which directly supports the claim.",Y,,supports,1.0,"The passage explicitly states that Webb (the James Webb Space Telescope) launched on December 25, 2021.",Y,
t04_jwst/c1/e3/ev-672d2900c806,t04_jwst,The James Webb Space Telescope was launched in December 2021.,supported,supports,"Confirms the telescope was launched from Kourou on December 25, 2021.",kistler.com,https://www.kistler.com/INT/en/nasa-trusts-in-sensor-solutions-from-kistler-for-testing-the-james-webb-space-telescope/C00000558,commentary,"- The James Webb Space Telescope (JWST, or just ""Webb"" for short) is the largest and most complex telescope ever constructed. - Webb's primary mirror is 22 ft tall and 20 ft wide. - Webb was packed into the Ariane 5 rocket in its folded state for the launch from Kourou in French Guiana on 25 December 2021. - On 24 January 2022, the James Webb Space Telescope reached its intended orbit around the sun at the second (outer) Lagrange point (L2).",supports,1.0,The passage explicitly states that the James Webb Space Telescope was launched on 25 December 2021.,Y,,supports,1.0,The passage explicitly states that Webb was launched on 25 December 2021.,Y,
t04_jwst/c1/e3/ev-694a4adaad05,t04_jwst,The James Webb Space Telescope was launched in December 2021.,supported,supports,Directly supports the claim that the James Webb Space Telescope was launched in December 2021 by stating its planned launch date in that month.,firstcoastnews.com,https://www.firstcoastnews.com/article/weather/james-webb-space-telescope-is-set-to-launch-december-2021-space/77-5de8eadf-5e2a-4382-ac00-e686ff9209a5,reporting,"It is set to launch from the Guiana Space Center in French Guiana on December 18, 2021, and it will be the largest telescope ever put into space ...",challenges,1.0,"The passage states the telescope is set to launch in the future (December 18, 2021), whereas the element states it was launched in December 2021, implying a planned event versus a completed one in the context of the source's framing.",N,direction,error,,no response,,
t05_bankrate_425/c1/e1/ev-4679b0262a85,t05_bankrate_425,The Bank of England's Bank Rate is 4.25% as of 7 September 2026.,disputed,challenges,"Reports the UK policy rate is 3.75% as of September 8, 2026, contradicting the asserted 4.25% rate.",sofrrate.com,https://www.sofrrate.com/global-rates,primary,"- According to global policy rates data, the United Kingdom GBP policy rate is 3.75% as of Sep 8, 2026.",challenges,1.0,"The passage states that the United Kingdom policy rate is 3.75% on September 8, 2026, which contradicts the element's claim of 4.25% as of 7 September 2026.",Y,,challenges,0.85,"The passage reports the UK policy rate as 3.75% as of September 8, 2026, which contradicts the claim that the rate was 4.25% on September 7",Y,
t06_sweden_focus/c1/e1/ev-0ef47dcd1457,t06_sweden_focus,Sweden did not impose a general lockdown during the 2020-22 period.,unresolved,supports,States that Sweden never enacted a lockdown involving severe restrictions on movement or legally binding stay-at-home orders.,bbc.com,https://www.bbc.com/future/article/20250304-the-countries-that-never-locked-down-for-covid-19,reporting,"- Sweden, Taiwan, Uruguay, Iceland and a few others never enacted a lockdown that involved severe restrictions on the movement of people, such as legally binding stay-at-home orders applied across large swathes of the population. - Researchers found a noticeable spike in excess deaths in Sweden during the initial waves of the pandemic during the spring and winter of 2020. - Excess mortality fell in Norway, Finland, and Denmark in 2020, but rose compared to Sweden in 2021 and 2022.",supports,1.0,"The passage explicitly states that Sweden never enacted a lockdown involving severe restrictions on the movement of people, which directly supports the claim that Sweden did not impose a general lockdown.",Y,,supports,0.95,The passage explicitly states that Sweden never enacted a lockdown involving severe restrictions on movement or stay-at-home orders across large parts of the population.,Y,
t06_sweden_focus/c1/e2/ev-271cb07adc3a,t06_sweden_focus,Sweden had lower excess mortality in 2020-22 compared to every other European country.,disputed,challenges,"Reports that Sweden ranked 37th among 42 European countries in cumulative excess mortality (2020–2022), indicating several countries had lower excess mortality rates.",pmc.ncbi.nlm.nih.gov,https://pmc.ncbi.nlm.nih.gov/articles/PMC10399217/,primary,"- According to available data on excess all-cause mortality rates, Sweden experienced fewer deaths per population unit during the pandemic (2020–2022) than most high-income countries. - In Sweden, the cumulative excess all-cause mortality rate from January 2020 to December 2022 was 158 per 100,000 inhabitants. - Sweden ranked 37th among 42 European countries in cumulative excess all-cause mortality from 2020 to 2022. - In 2020, the excess mortality rate was estimated to be 85 per 100,000 in Sweden. - During the second and third years of the pandemic (2021–2022), Sweden had an excess mortality figure of 69 per 100,000.",challenges,1.0,"The passage states that Sweden ranked 37th among 42 European countries, which contradicts the claim that it had lower excess mortality compared to every other European country.",Y,,error,,no response,,
t06_sweden_focus/c1/e2/ev-818d6871061b,t06_sweden_focus,Sweden had lower excess mortality in 2020-22 compared to every other European country.,disputed,challenges,"The evidence shows Sweden ranks 30th out of 47 European countries in per capita deaths, directly contradicting the claim that it had lower excess mortality than every other European country.",en.wikipedia.org,https://en.wikipedia.org/wiki/COVID-19_pandemic_in_Sweden,primary,"The COVID-19 pandemic in Sweden is a part of the pandemic of coronavirus disease 2019 caused by severe acute respiratory syndrome coronavirus 2. As of 22 March 2023, there have been 2,701,192 confirmed cumulative cases and 23,851 deaths with confirmed COVID-19 in Sweden. Sweden ranks 57th in per capita deaths worldwide, and out of 47 European countries, Sweden places 30th. A 2022 estimate of excess mortality during the pandemic using IHME COVID model estimated 18,300 excess deaths during 2020–2021 The Economist model value estimated 13,670 excess deaths between 16th 2020-Mar 6th 2022.",challenges,1.0,"The passage states that Sweden ranks 30th out of 47 European countries in per capita deaths, which directly contradicts the claim that Sweden had lower excess mortality than every other European country.",Y,,error,,no response,,
t07_sqlite_busy/c1/e1/ev-1405b90c6d65,t07_sqlite_busy,"In SQLite using write-ahead logging, readers do not block writers.",supported,supports,"Explicitly confirms that in WAL mode, readers never block writers and writers never block readers.",letsbuildsolutions.com,https://letsbuildsolutions.com/blog/system-design/how-sqlite-works-internally-the-b-tree-storage-engine-wal-and-why-it-powers-more-devices-than-any-other-database/,commentary,"- In WAL mode, readers never block writers, and writers never block readers. - Multiple concurrent readers are fully supported in WAL mode. - Only one writer can be active at a time in SQLite, as it is a single-writer system at its core.",supports,1.0,"The passage explicitly states that in WAL mode, readers never block writers.",Y,,supports,1.0,"The passage explicitly states that in WAL mode, readers never block writers.",Y,
t07_sqlite_busy/c1/e1/ev-452faa47894f,t07_sqlite_busy,"In SQLite using write-ahead logging, readers do not block writers.",supported,supports,"States directly that when running in WAL mode, readers do not block writers.",berthub.eu,https://berthub.eu/articles/posts/a-brief-post-on-sqlite3-database-locked-despite-timeout/,commentary,"- According to Bert Hubert, when running in WAL mode, readers do not block writers and a writer does not block readers. - According to Bert Hubert, SQLite allows a BEGIN transaction without specifying whether it is read-only or read-write, determining this based on the first statement executed. - According to Bert Hubert, if a read-only transaction later tries to write, SQLite attempts to upgrade the transaction to a write transaction, which fails immediately with a SQLITE_BUSY error if another transaction is writing. - According to Bert Hubert, SQLite cannot allow a transaction upgrade when another concurrent transaction has made changes, because SQLite implements a serializable transaction isolation mode.",supports,1.0,"The passage explicitly states that when running in WAL mode, readers do not block writers.",Y,,supports,1.0,"The passage explicitly states that when running in WAL (write-ahead logging) mode, readers do not block writers.",Y,
t07_sqlite_busy/c1/e1/ev-0fe4f44f087a,t07_sqlite_busy,"In SQLite using write-ahead logging, readers do not block writers.",supported,supports,Affirms that readers no longer block the writer in WAL mode.,macsqlclient.com,https://www.macsqlclient.com/blog/60-fixing-database-is-locked-in-sqlite,commentary,"- SQLITE_BUSY means one specific thing: a different connection holds a lock that your statement needs. - SQLite locks at the level of the whole database file, not rows or tables, so one writer anywhere blocks every other writer everywhere. - Verified on SQLite 3.50.6: the default busy timeout is zero milliseconds. - With WAL enabled, the writer committed while another connection's read transaction stayed open. - Readers no longer block the writer and the writer no longer blocks readers in WAL mode, but WAL still allows only one writer at a time.",supports,1.0,The passage explicitly states that readers no longer block the writer in WAL mode.,Y,,supports,1.0,The passage explicitly states that readers no longer block the writer in WAL (write-ahead logging) mode.,Y,
t07_sqlite_busy/c1/e1/ev-33479f2e092d,t07_sqlite_busy,"In SQLite using write-ahead logging, readers do not block writers.",supported,supports,Confirms that enabling WAL mode allows readers to stop blocking the writer.,builder.ai2sql.io,https://builder.ai2sql.io/blog/sqlite-error-database-is-locked,commentary,"- SQLite allows one writer at a time. - Enabling WAL mode allows readers to stop blocking the writer. - SQLite ""database is locked"" error (SQLITE_BUSY) occurs when one process holds a write lock and another process tries to write or read at the same time. - WAL mode allows readers to proceed while a writer is active. - SQLite still allows only one writer at a time in WAL mode.",supports,1.0,The passage explicitly states that WAL mode allows readers to proceed while a writer is active.,Y,,supports,1.0,The passage explicitly states that enabling WAL mode allows readers to stop blocking the writer.,Y,
t07_sqlite_busy/c1/e1/ev-dcd6abe329f0,t07_sqlite_busy,"In SQLite using write-ahead logging, readers do not block writers.",supported,supports,Explains that WAL mode enables concurrent reads and writes without readers blocking writers.,micrologics.org,https://micrologics.org/blog/sqlite-in-production-optimizing-wal-mode-concurrency-and-vfs-layers-for-low-latency-app-servers,commentary,"- According to Micrologics, WAL mode allows concurrent reads and writes because readers read from the main database file while writers append new pages to the end of the WAL file. - According to Micrologics, SQLite still enforces a single-writer model in WAL mode where only one transaction can write at any given instant. - According to Micrologics, if a second connection attempts to write while a write transaction is active, SQLite immediately returns an SQLITE_BUSY error. - According to Micrologics, configuring a busy timeout instructs SQLite to retry acquiring the write lock internally for a specified duration before raising an SQLITE_BUSY exception.",supports,1.0,The passage explicitly states that WAL mode allows concurrent reads and writes because readers read from the main database file while writers append to the WAL file.,Y,,supports,0.95,"The passage states that WAL mode allows concurrent reads and writes because readers read from the main database file while writers append to the WAL file, directly supporting that readers do not block writers.",Y,
t07_sqlite_busy/c1/e1/ev-d545fde7c51e,t07_sqlite_busy,"In SQLite using write-ahead logging, readers do not block writers.",supported,supports,Notes that WAL mode allows a writer and any number of readers to be active concurrently without blocking.,coddy.tech,https://coddy.tech/docs/sqlite/wal-mode-and-concurrency,commentary,"- According to Coddy, WAL mode allows a writer and any number of readers to be active at the same moment without blocking each other. - According to Coddy, SQLite still serializes writes so that at any moment exactly one transaction holds the write lock. - According to Coddy, if two connections both try to write at the same time in WAL mode, the second one gets SQLITE_BUSY. - According to Coddy, setting a busy timeout like busy_timeout=5000 tells SQLite to wait up to 5 seconds for a lock before raising an error.",supports,1.0,The passage explicitly states that WAL mode allows a writer and readers to be active at the same moment without blocking each other.,Y,,supports,1.0,The passage explicitly states that WAL mode allows a writer and any number of readers to be active simultaneously without blocking each other.,Y,
t07_sqlite_busy/c1/e1/ev-d8d272177c2b,t07_sqlite_busy,"In SQLite using write-ahead logging, readers do not block writers.",supported,supports,States that writers and readers do not interfere with each other in WAL mode.,news.ycombinator.com,https://news.ycombinator.com/item?id=45781519,commentary,"- You get SQLITE_BUSY when transaction #1 starts in read mode, transaction #2 starts in write mode, and then transaction #1 attempts to upgrade from read to write mode while transaction #2 still holds the write lock. - In WAL mode there is also at most one writer, but a writer can coexist with readers. - Only one writer is allowed at a time no matter what in SQLite. - In WAL mode, writers and readers don’t interfere with each other, so you can still do pure read queries in parallel.",supports,1.0,"The passage explicitly states that in WAL mode, writers and readers do not interfere with each other, meaning readers do not block writers.",Y,,error,,,,
t07_sqlite_busy/c1/e1/ev-296b8fe725bc,t07_sqlite_busy,"In SQLite using write-ahead logging, readers do not block writers.",supported,supports,"This analysis explicitly confirms that in WAL mode, multiple readers can run simultaneously and a single writer operates without blocking readers.",sqliteforum.com,https://www.sqliteforum.com/p/sqlite-wal-internals-frames-commits,commentary,"- In WAL mode, multiple readers can run simultaneously and a single writer operates without blocking readers. - Only one writer at a time is allowed in WAL mode.",supports,1.0,The passage explicitly states that a single writer operates without blocking readers in WAL mode.,Y,,neither,0.9,"The passage states that a writer does not block readers, but it does not mention whether readers block writers.",N,neither
t07_sqlite_busy/c1/e2/ev-5a70701234a8,t07_sqlite_busy,The absence of readers blocking writers directly prevents SQLITE_BUSY errors from occurring.,disputed,challenges,Explains that SQLITE_BUSY continues to occur whenever multiple processes attempt concurrent writes.,sqlite.org,https://sqlite.org/rescode.html,primary,"- According to sqlite.org, the SQLITE_BUSY result code indicates that the database file could not be written or read because of concurrent activity by some other database connection, usually in a separate process. - According to sqlite.org, if process A is in the middle of a large write transaction and process B attempts to start a new write transaction, process B will get back an SQLITE_BUSY result because SQLite only supports one writer at a time. - According to sqlite.org, the sqlite3_busy_timeout() and sqlite3_busy_handler() interfaces and the busy_timeout pragma help deal with SQLITE_BUSY errors. - According to sqlite.org, an SQLITE_BUSY error can occur at any point in a transaction: when first started, during write or update operations, or when the transaction commits. - According to sqlite.org, to avoid encountering SQLITE_BUSY errors in the middle of a transaction, an application can use BEGIN IMMEDIATE instead of just BEGIN.",neither,1.0,"The passage discusses concurrent activity, multiple processes, transaction start methods, and busy handlers, but it does not mention readers blocking writers or the absence of readers directly preventing SQLITE_BUSY errors.",N,neither,neither,0.95,"The passage discusses causes and mitigation strategies for SQLITE_BUSY errors, but it does not mention whether the absence of readers blocking writers directly prevents these errors.",N,neither
t07_sqlite_busy/c1/e2/ev-5af5ed930557,t07_sqlite_busy,The absence of readers blocking writers directly prevents SQLITE_BUSY errors from occurring.,disputed,challenges,Shows that SQLITE_BUSY errors still occur in production under WAL mode when concurrent writer concurrency rises.,sesamedisk.com,https://sesamedisk.com/sqlite-in-production-2026-benchmarks-limits/,commentary,"- According to Sesame Disk, in production, expect SQLITE_BUSY errors above roughly 10 to 20 concurrent writers.",neither,1.0,The passage discusses the threshold for SQLITE_BUSY errors under concurrent writers but does not mention readers blocking writers or their absence preventing these errors.,N,neither,neither,0.95,The passage discusses SQLITE_BUSY errors occurring with concurrent writers but does not mention readers blocking writers or preventing errors.,N,neither
t07_sqlite_busy/c1/e2/ev-556cc23ed47a,t07_sqlite_busy,The absence of readers blocking writers directly prevents SQLITE_BUSY errors from occurring.,disputed,challenges,"Highlights that SQLITE_BUSY occurs when multiple processes attempt to write simultaneously, regardless of reader concurrency.",openpython.org,https://openpython.org/articles/sqlite-errors,commentary,"The most famous error, ""Database is locked"" ( SQLITE_BUSY ), occurs when multiple processes try to write to the file simultaneously",neither,1.0,"The passage discusses multiple processes writing simultaneously causing SQLITE_BUSY errors, but it does not mention readers blocking writers or the absence thereof.",N,neither,neither,0.9,"The passage discusses SQLITE_BUSY errors occurring from simultaneous writes, but does not mention readers blocking writers or how their absence affects error occurrence.",N,neither
t07_sqlite_busy/c1/e2/ev-ff66f2f5502e,t07_sqlite_busy,The absence of readers blocking writers directly prevents SQLITE_BUSY errors from occurring.,disputed,challenges,"Points out that writers still conflict with other writers in WAL mode, leading to lock contention.",reddit.com,https://www.reddit.com/r/golang/comments/1exk981/sqlite_database_is_locked_with_wal_mode/,commentary,"In WAL mode , writers only conflict with other writers",supports,1.0,"The statement that writers only conflict with other writers implies that readers do not block writers, which directly supports the idea that this absence prevents SQLITE_BUSY errors.",N,direction,neither,0.9,"The passage states that writers only conflict with other writers in WAL mode, but it does not mention SQLITE_BUSY errors or whether preventing readers from blocking writers eliminates them.",N,neither
t08_ev/c1/e1/ev-0205b0fdd8ff,t08_ev,How do the lifecycle greenhouse gas emissions of electric cars compare with those of petrol cars?,supported,supports,"States that electric vehicles release fewer greenhouse gas emissions across their life cycles than internal combustion vehicles, even when accounting for battery production energy.",factcheck.org,https://www.factcheck.org/2024/02/electric-vehicles-contribute-fewer-emissions-than-gasoline-powered-cars-over-their-lifetimes/,reporting,"Q: Are electric cars really better for the environment than gasoline-powered cars over their lifetimes? A: Yes. Electric vehicles typically release fewer greenhouse gas emissions than internal combustion engine vehicles during their life cycles, even after accounting for the increased energy required to make their batteries. And their carbon footprints are expected to get smaller in the near future. FULL QUESTION Hi. I have been sent this facebook post regarding Electric car battery information which does not seem factual to me but I would like to know for sure. FULL ANSWER After seeing various versions of a viral post on social media that plays up the environmental costs of electric vehicles, readers have been asking us if EVs are really better for the environment than conventional gasoline-powered cars. The post, which includes false and misleading claims, shares a photo of a Tesla car battery and is accompanied by a long caption highlighting the minerals and energy needed to manufacture the battery — ultimately claiming that EVs take a full seven years to begin lowering carbon emissions compared with a conventional car. The production and use of all kinds of vehicles and fuels have environmental costs. Large amounts of raw minerals and other materials have to be extracted, manufactured and transported globally to make automobile bodies, engines, batteries and other components. Then the vehicles need to run — either on fuels such as gasoline or diesel, which also need to be extracted, refined, produced and distributed, or on electricity, which is generated from fossil fuels, nuclear power or renewables. And when vehicles no longer work, materials need to be recycled or disposed of. At each of these stages, vehicles are responsible for producing heat-trapping gases, known as greenhouse gases, that contribute to climate change. The total emissions across a vehicle’s lifetime are called life cycle or cradle-to-grave emissions. The transportation sector had the",supports,1.0,The passage explicitly states that electric vehicles typically release fewer greenhouse gas emissions than internal combustion engine vehicles over their life cycles.,Y,,supports,0.95,The passage directly answers the comparison by stating that electric vehicles typically release fewer greenhouse gas emissions over their life cycles than internal combustion engine vehicles.,Y,
t08_ev/c1/e1/ev-0db660146e1f,t08_ev,How do the lifecycle greenhouse gas emissions of electric cars compare with those of petrol cars?,supported,supports,Confirms that lifetime carbon emissions are lower for electric vehicles than for conventional gas-powered cars.,usatoday.com,https://www.usatoday.com/story/news/factcheck/2022/06/09/fact-check-electric-vehicles-emit-less-carbon-over-life-than-gas-cars/9900644002/,reporting,"Fact check: Lifetime carbon emissions lower for electric vehicles than gas-powered cars The claim: Volvo data says it takes a decade for electric vehicles to become 'carbon neutral' The automaker Volvo has committed to selling 100% electric cars by 2030 to slash carbon emissions, the company announced in March 2021. However, a meme circulating on social media claims that the CO2 emissions from electric vehicle manufacturing significantly limits the benefits of the technology for emissions reductions. ""But then Volvo comes out with data ... that electric cars take a decade to become carbon neutral from there (sic) production pollution,"" reads the May 16 Facebook meme. The meme garnered nearly 500 interactions in two days. But the claim is misleading. Electric cars don't become ""carbon neutral,"" since they emit carbon during manufacturing and use – if charged from a grid powered by fossil fuels. ""Carbon neutral"" refers to entities that absorb or otherwise offset their emissions, which isn't the case here. However, after a certain amount of miles powered by a lower-carbon fuel, EVs ""break even"" with traditional vehicles in terms of carbon emissions. After that time, they produce much less carbon, which results in lower emissions over their lifetime. The amount of time required for an EV to break even depends on the vehicle model, driving habits and the energy mix used to charge the EV. USA TODAY reached out to the Facebook user who shared the post for comment.",supports,1.0,The passage explicitly states that lifetime carbon emissions are lower for electric vehicles than for gas-powered cars.,Y,,error,,no response,,
t08_ev/c1/e1/ev-1fdbafd4debe,t08_ev,How do the lifecycle greenhouse gas emissions of electric cars compare with those of petrol cars?,supported,supports,Cites a PLOS Climate study finding that battery electric vehicles reduce cumulative CO2 emissions compared to internal combustion vehicles after two years of operation.,eurekalert.org,https://www.eurekalert.org/news-releases/1102315,reporting,"- According to a study published in PLOS Climate, lithium-ion battery electric vehicles (BEVs) result in a reduction in cumulative carbon dioxide emissions compared to fossil-based internal combustion engine vehicles after two years of use. - During the first two years of operation, electric vehicles produce 30% higher CO2 emissions than gasoline vehicles due to energy-intensive lithium mining and battery manufacturing. - After the second year of on-road use, electric vehicles begin reducing cumulative emissions compared to gasoline alternatives. - The economic value of environmental damage from internal combustion engine vehicles over their lifetime currently ranges from 2 to 3.5 times that of battery electric vehicles, according to the study authors.",supports,1.0,"The passage provides specific findings detailing how the lifecycle greenhouse gas emissions of electric cars compare to petrol cars, noting higher initial emissions followed by a reduction after two years.",Y,,supports,0.95,The passage directly compares,Y,
t08_ev/c1/e1/ev-edf2c81bddbf,t08_ev,How do the lifecycle greenhouse gas emissions of electric cars compare with those of petrol cars?,supported,supports,"EPA analysis confirms electric vehicles have lower lifecycle greenhouse gas emissions than average gasoline vehicles, including manufacturing and battery production.",epa.gov,https://www.epa.gov/greenvehicles/electric-vehicle-myths,primary,"- Electric vehicles typically have a smaller carbon footprint than gasoline cars, even when accounting for the electricity used for charging, and have zero tailpipe emissions. - Electric vehicles use approximately 87% to 91% of the energy from the battery and regenerative braking to propel the vehicle, whereas gasoline vehicles convert only about 16% to 25% of the energy from gasoline into movement. - The greenhouse gas emissions associated with an electric vehicle over its lifetime are typically lower than those from an average gasoline-powered vehicle, even when accounting for manufacturing and battery production. - A study of about 15,000 vehicles showed that electric vehicle battery replacements due to failure are rare, at an average of 2.5%, and fall to under one percent for EVs made from 2016 onward.",supports,1.0,The passage explicitly states that the lifecycle greenhouse gas emissions of electric vehicles are typically lower than those of gasoline-powered cars.,Y,,supports,0.95,"The passage explicitly states that the greenhouse gas emissions of an electric vehicle over its lifetime are typically lower than those of an average gasoline-powered vehicle, directly addressing and providing evidence for the comparison.",Y,
t08_ev/c1/e1/ev-0d3b56922d00,t08_ev,How do the lifecycle greenhouse gas emissions of electric cars compare with those of petrol cars?,supported,supports,"Reports data showing driving an average EV produces global warming emissions equivalent to a 100 mpg gasoline vehicle, outperforming efficient gasoline cars across 97% of the US.",blog.ucs.org,https://blog.ucs.org/dave-reichmuth/how-much-cleaner-is-your-ev-than-a-gasoline-car/,primary,"- Driving the average electric vehicle produces global warming emissions equal to a gasoline car with 100-mile-per-gallon efficiency. - 97 percent of the United States lives where driving the average electric vehicle is better on climate-changing emissions than the most efficient gasoline vehicle. - Fully electric battery-electric vehicles are best for emissions, while plug-in hybrids can be better than conventional vehicles if regularly plugged in.",supports,1.0,The passage provides specific comparisons regarding the global warming and climate-changing emissions of electric vehicles versus gasoline cars.,Y,,error,,no response,,
t08_ev/c1/e1/ev-ffd9c7e8bd93,t08_ev,How do the lifecycle greenhouse gas emissions of electric cars compare with those of petrol cars?,supported,supports,Data shows European electric cars emit on average more than three times less CO2 over their lifecycle than equivalent petrol cars.,transportenvironment.org,https://www.transportenvironment.org/topics/cars/are-electric-cars-cleaner,primary,"- According to transportenvironment.org, electric cars in Europe emit, on average, more than 3 times less CO2 than equivalent petrol cars. - In the best case scenario, an electric car with a battery produced in Sweden and driven in Sweden can emit 83% less CO2 than an equivalent petrol car. - In the worst case scenario, an electric car with a battery produced in China and driven in Poland still emits 37% less CO2 than petrol. - Electric cars bought in 2030 will reduce CO2 emissions four-fold thanks to an EU grid relying more and more on renewables. - HEVs only achieve a 21% reduction in LCA emissions compared to an equivalent petrol car while PHEV improvements are limited to 26%.",supports,1.0,The passage explicitly provides data comparing the lifecycle greenhouse gas emissions of electric cars versus petrol cars in various scenarios.,Y,,supports,0.95,The passage provides specific comparative lifecycle emission data between electric cars and petrol cars across various scenarios.,Y,
t08_ev/c1/e1/ev-7847753c9c44,t08_ev,How do the lifecycle greenhouse gas emissions of electric cars compare with those of petrol cars?,supported,supports,"Life-cycle analysis calculates an EV produces 110 grams of CO2 per mile over its lifetime compared to 410 grams for a gasoline car, offsetting higher manufacturing emissions within two years.",recurrentauto.com,https://www.recurrentauto.com/research/just-how-dirty-is-your-ev,commentary,"- Manufacturing an average gas powered sedan creates about six metric tons of carbon dioxide emissions, but manufacturing an electric vehicle of the same size creates more than 10 metric tons. - Gas cars produce about 400 grams of CO2 for a single mile, and 8,887 grams CO2 per gallon burned. - Over their entire lifetime, assuming 11,000 miles a year and a 12 year life, a gas car produces 46 metric tons of CO2 from use. - A report from Polestar and Rivian estimates upstream emissions for the life of a car at 13 metric tons CO2 for a gas car, and 26 for an EV. - Over the course of its life, a new gasoline car will produce an average of 410 grams of carbon dioxide per mile, while a new electric car will produce only 110 grams. - It takes less than 2 years (about 1.4 to 1.9 years) for electric vehicles to catch up and start surpassing gas fueled cars when it comes to lifetime reduction in emissions.",supports,1.0,"The passage provides specific data comparing the manufacturing, lifetime, and per-mile greenhouse gas emissions of electric cars versus petrol cars, directly answering the element.",Y,,supports,0.95,"The passage provides detailed comparative data on the manufacturing, operational, upstream, and overall lifetime greenhouse",Y,
t08_ev/c1/e1/ev-04852242fa6a,t08_ev,How do the lifecycle greenhouse gas emissions of electric cars compare with those of petrol cars?,supported,supports,Finds that battery electric vehicles produce half the lifecycle emissions of comparable gasoline cars and offset manufacturing emissions within 6 to 18 months.,ucs.org,https://www.ucs.org/resources/cleaner-cars-cradle-grave,primary,"- Driving the average EV is responsible for fewer global warming emissions than the average new gasoline car everywhere in the US. - Battery electric cars generate half the emissions of the average comparable gasoline car, even when pollution from battery manufacturing is accounted for. - Manufacturing a mid-sized EV with an 84-mile range results in about 15 percent more emissions than manufacturing an equivalent gasoline vehicle. - For larger, longer-range EVs that travel more than 250 miles per charge, manufacturing emissions can be as much as 68 percent higher. - Battery electric cars make up for their higher manufacturing emissions within eighteen months of driving—shorter range models can offset the extra emissions within 6 months. - By the end of their lives, gas-powered cars spew out almost twice as much global warming pollution than the equivalent electric car.",supports,1.0,"The passage provides comparative data on lifecycle greenhouse gas emissions, showing that electric cars generate fewer total emissions than petrol cars despite higher manufacturing emissions.",Y,,error,,no response,,
t08_ev/c1/e1/ev-25c3f1d7fc46,t08_ev,How do the lifecycle greenhouse gas emissions of electric cars compare with those of petrol cars?,supported,supports,"Fact-check confirming reports that EVs pollute more than gas cars are false, supporting lower overall lifecycle emissions.",factcheck.afp.com,https://factcheck.afp.com/doc.afp.com.34MD8RU,reporting,Fact-check rating: False,neither,1.0,The passage only provides a fact-check rating without mentioning any information about the lifecycle greenhouse gas emissions of electric cars versus petrol cars.,N,neither,neither,1.0,"The passage provides only a fact-check rating without any context, data, or information regarding the emissions comparison.",N,neither
t08_ev/c1/e1/ev-9fb0d5e4da44,t08_ev,How do the lifecycle greenhouse gas emissions of electric cars compare with those of petrol cars?,supported,supports,Analysis concludes that electric cars more than make up for higher manufacturing emissions by being better for the climate over their lifecycle.,climate.mit.edu,https://climate.mit.edu/ask-mit/are-electric-vehicles-definitely-better-climate-gas-powered-cars,commentary,"Yes: although electric cars' batteries make them more carbon-intensive to manufacture than gas cars, they more than make up for it by driving ...",supports,1.0,"The passage provides comparative information regarding the lifecycle greenhouse gas emissions of electric and gas cars, noting that electric cars offset their higher manufacturing emissions during driving.",Y,,error,,no response,,
t08_ev/c1/e1/ev-2a0a811d58f4,t08_ev,How do the lifecycle greenhouse gas emissions of electric cars compare with those of petrol cars?,supported,supports,Research from Argonne National Laboratory shows that total lifecycle emissions of EVs are 40-60% lower despite higher manufacturing emissions.,reddit.com,https://www.reddit.com/r/electricvehicles/comments/189dk4x/debunking_the_myth_of_ev_mfg_creating_more/,commentary,"Research from Argonne National Laboratory shows that while EV manufacturing emissions are higher, the total lifecycle emissions are 40-60% lower",supports,1.0,The passage provides specific research data directly answering the comparison of lifecycle greenhouse gas emissions between electric and petrol cars requested in the element.,Y,,error,,no response,,
t08_ev/c1/e1/ev-7711818fe12c,t08_ev,How do the lifecycle greenhouse gas emissions of electric cars compare with those of petrol cars?,supported,supports,Supports the claim that buying a new EV is environmentally preferable to driving an old gas car.,reddit.com,https://www.reddit.com/r/sustainability/comments/1sqlu3f/is_buying_a_new_ev_really_better_than_driving/,commentary,Buying a new EV is better for the environment than driving your old gas car,supports,0.9,"The passage asserts that buying a new EV is better for the environment than driving a gas car, which directly aligns with comparing their lifecycle environmental impacts regarding emissions.",Y,,error,,no response,,
t08_ev/c1/e1/ev-9bcf8cd772b4,t08_ev,How do the lifecycle greenhouse gas emissions of electric cars compare with those of petrol cars?,supported,supports,Argues that EVs and power grids are efficient enough that even a coal-powered EV is cleaner than a petrol car.,reddit.com,https://www.reddit.com/r/electricvehicles/comments/1n6r2zj/new_study_proves_evs_are_always_cleaner_than_gas/,commentary,"EVs and the power grid are so efficient, a coal-powered EV is *still* cleaner than a gas car. Electric Cars Now 73% Cleaner Than Petrol Cars,",supports,1.0,"The passage directly compares the lifecycle emissions of electric cars and petrol cars, stating that EVs are significantly cleaner.",Y,,error,,,,
t08_ev/c1/e2/ev-cffdf41772c4,t08_ev,What do comparative studies show regarding the particulate matter emissions generated during the operation of electric cars versus petrol cars?,supported,supports,Cites a Virginia Tech Transportation Institute study showing EVs generate less particulate matter from brakes and tires than gasoline cars due to regenerative braking reducing brake wear.,ev.com,https://ev.com/news/study-reveals-evs-produce-less-brake-and-tire-pollution-with-fewer-non-exhaust-emissions,reporting,"- A study from the Virginia Tech Transportation Institute (VTTI) revealed that electric vehicles can generate less particulate matter from brakes and tires compared to traditional gasoline vehicles, despite their heavier weight. - Electric vehicles produce fewer non-exhaust emissions in heavy traffic situations due to regenerative braking, which reduces reliance on traditional brake pads. - The study established that if at least 15% of driving occurs in city conditions, electric vehicles maintain their position as the cleaner option overall.",supports,1.0,The passage provides comparative study findings showing that electric vehicles generate less particulate matter from brakes and tires compared to petrol cars.,Y,,error,,no response,,
t08_ev/c1/e2/ev-5220734f1bb9,t08_ev,What do comparative studies show regarding the particulate matter emissions generated during the operation of electric cars versus petrol cars?,supported,supports,"Provides data showing that BEVs produce 38% less particulate pollution than gas-powered cars when summing up tires, brakes, and road wear.",reddit.com,https://www.reddit.com/r/electricvehicles/comments/1m7lsjt/surprising_science_how_electric_cars_quietly/,commentary,"Even when summing up emissions from tires, brakes, and road wear, BEVs produce 38% less particulate pollution than gas-powered cars before even",supports,1.0,"The passage provides comparative data showing that battery electric vehicles produce 38% less particulate pollution than gas-powered cars, even when including tires, brakes, and road wear.",Y,,supports,0.95,"The passage provides comparative data showing that battery electric vehicles produce 38% less particulate pollution from tire, brake, and road wear compared to gas-powered cars.",Y,
t08_ev/c1/e3/ev-a9fb3a372c64,t08_ev,How do the environmental impacts associated with the extraction and processing of battery materials for electric cars compare to the extraction and refining processes for petrol?,unresolved,supports,"Compares global annual emissions, finding fossil fuel production generates 34 billion tonnes of CO2 equivalent compared to 1.3 million tonnes for lithium and 1.5 million tonnes for cobalt mining.",earth.org,https://earth.org/lithium-and-cobalt-mining/,commentary,"- The environmental impacts of lithium and cobalt mining are described as lower than fossil fuel production. - Fossil fuel mining is estimated to be responsible for emitting around 34 billion tonnes of carbon dioxide equivalent worldwide annually, while cobalt mining is responsible for around 1.5 million tonnes and lithium mining around 1.3+ million tonnes.",supports,1.0,"The passage provides comparative data showing that the carbon emissions from lithium and cobalt mining are significantly lower than those from fossil fuel production, directly answering how their environmental impacts compare.",Y,,supports,0.9,The passage,Y,
t09_sqlite_url/c1/e1/ev-d4a06d06240b,t09_sqlite_url,"SQLite made the Write-Ahead Log option available beginning with version 3.7.0 on July 21, 2010.",supported,supports,Reports that SQLite has supported Write-Ahead Logging (WAL) since version 3.7.0 on 2010-07-21.,wiki.tnonline.net,https://wiki.tnonline.net/w/Blog/SQLite_Performance_on_Btrfs,commentary,"- SQLite has since version 3.7.0 (2010-07-21) supported a new journaling mode called Write-Ahead Logging, or simply WAL.",supports,1.0,"The passage confirms that SQLite has supported the Write-Ahead Logging mode since version 3.7.0 on the specified date of July 21, 2010.",Y,,supports,1.0,"The passage explicitly states that SQLite has supported Write-Ahead Logging since version 3.7.0 released on July 21, 2010.",Y,
t09_sqlite_url/c1/e1/ev-e68b3db1d678,t09_sqlite_url,"SQLite made the Write-Ahead Log option available beginning with version 3.7.0 on July 21, 2010.",supported,supports,Notes that support for WAL in SQLite is available starting from version 3.7.0.,drupal.org,https://www.drupal.org/node/2769027,reporting,- Support for WAL on SQLite is available from version 3.7.0.,supports,0.9,"The passage confirms that support for WAL in SQLite is available starting from version 3.7.0, which aligns with the first part of the element.",Y,,supports,0.9,The passage directly confirms that WAL support for SQLite is available starting from version 3.7.0.,Y,
t09_sqlite_url/c1/e1/ev-db950fc9865f,t09_sqlite_url,"SQLite made the Write-Ahead Log option available beginning with version 3.7.0 on July 21, 2010.",supported,supports,Confirms that the Write Ahead Log journaling mechanism was introduced starting from version 3.7.0.,digitalinvestigation.wordpress.com,https://digitalinvestigation.wordpress.com/2012/05/04/the-forensic-implications-of-sqlites-write-ahead-log/,commentary,- From version 3.7.0 of the SQLite engine an alternative journal mechanism was introduced called “Write Ahead Log” (ubiquitously shortened to “WAL”).,supports,1.0,"The passage confirms that the Write Ahead Log mechanism was introduced starting from version 3.7.0 of the SQLite engine, which aligns with the element's claim.",Y,,supports,0.9,The passage directly confirms that the Write-Ahead Log mechanism was introduced starting,Y,
t09_sqlite_url/c2/e1/ev-07381f83994a,t09_sqlite_url,SQLite performs an automatic checkpoint by default when the WAL file reaches a threshold size of 1000 pages.,unresolved,supports,"States that SQLite triggers a checkpoint by default once the WAL reaches a threshold size of 1,000 pages.",theconsensus.dev,https://theconsensus.dev/p/2026/08/23/another-look-at-sqlite-wal-reset.html,commentary,"- Once the WAL has reached a threshold size of 1,000 pages (by default), SQLite triggers a checkpoint.",supports,1.0,"The passage explicitly confirms that SQLite triggers an automatic checkpoint when the WAL file reaches the default threshold of 1,000 pages.",Y,,supports,1.0,"The passage directly states that SQLite triggers a checkpoint by default once the WAL reaches a threshold size of 1,000 pages.",Y,
t09_sqlite_url/c2/e1/ev-rec-e1_1_35beb95f,t09_sqlite_url,SQLite performs an automatic checkpoint by default when the WAL file reaches a threshold size of 1000 pages.,unresolved,supports,"Quotes the SQLite documentation confirming that by default, SQLite does a checkpoint automatically when the WAL file reaches a threshold size of 1000 pages.",news.ycombinator.com,https://news.ycombinator.com/item?id=48899847,commentary,"id=40688336 I'm absolutely no expert, I'm just reading about it now, but from the SQLite WAL documentation [0]: > 7. There is the extra operation of checkpointing which, though automatic by default, is still something that application developers need to be mindful of. and from their ""checkpointing"" documentation [1]: > By default, SQLite does a checkpoint automatically when the WAL file reaches a threshold size of 1000 pages. I'm only skimming but I see no mention of waiting for an idle time win",supports,1.0,The passage explicitly states that SQLite does an automatic checkpoint by default when the WAL file reaches a threshold of 1000 pages.,Y,,supports,1.0,The passage directly quotes documentation stating that SQLite automatically performs a checkpoint by default when the WAL file reaches a threshold size of 1000 pages.,Y,
t09_sqlite_url/c2/e2/ev-a8a662803c5c,t09_sqlite_url,An SQLite database connection defaults to journal_mode=DELETE.,supported,supports,States that SQLite operates in DELETE journal mode by default.,dev.to,https://dev.to/lumin-playstar/sqlite-wal-mode-10x-performance-for-python-apps-4ic,commentary,"- By default, SQLite operates in DELETE journal mode (or TRUNCATE, which is similar). - When the WAL file reaches a certain size (default: 1000 pages, configurable via PRAGMA wal_autocheckpoint), an automatic checkpoint is triggered.",supports,1.0,"The passage explicitly states that by default, SQLite operates in DELETE journal mode.",Y,,supports,0.95,The passage explicitly states that SQLite operates in DELETE journal mode by default.,Y,
t09_sqlite_url/c2/e2/ev-f3a5ec081d48,t09_sqlite_url,An SQLite database connection defaults to journal_mode=DELETE.,supported,supports,Confirms that SQLite's default journaling mode is called DELETE journal.,oneuptime.com,https://oneuptime.com/blog/post/2026-03-02-how-to-set-up-sqlite-with-wal-mode-on-ubuntu/view,commentary,"- SQLite's default journaling mode is called DELETE journal. - WAL mode is set per-database and persists across connections. - Once WAL mode is set, every subsequent connection to that database automatically uses WAL mode. - By default, an automatic checkpoint triggers after 1000 pages are written to the WAL.",supports,1.0,"The passage explicitly states that SQLite's default journaling mode is called DELETE journal, which directly supports the claim.",Y,,supports,0.95,The passage explicitly states that SQLite's default journaling mode is called DELETE journal.,Y,
t09_sqlite_url/c2/e2/ev-rec-e2_1_7982cbf9,t09_sqlite_url,An SQLite database connection defaults to journal_mode=DELETE.,supported,supports,"Reports that measured on the actual driver, the current journal_mode is the default delete rollback journal.",github.com,https://github.com/alpacax/alpamon/issues/410,primary,"Background The DSN in pkg/db/client.go:23-25 only sets the foreign_keys pragma. Measured on the actual driver, the current journal_mode is the default delete (rollback journal). busy_timeout needs ...",supports,1.0,The passage explicitly states that the current journal_mode is the default delete.,Y,,supports,0.95,The passage confirms that the current journal_mode defaults to delete on the driver.,Y,
t09_sqlite_url/c2/e3/ev-rec-e3_2_0354a53b,t09_sqlite_url,The SQLite journal_mode=WAL setting is persistent across closing and reopening the database.,supported,supports,"States that if a process sets WAL mode, then closes and reopens the database, it will come back in WAL mode.",dbschema.com,https://dbschema.com/blog/sqlite/create-db/?srsltid=AfmBOorpU31JsVvA3VgKogMKIELxD4TS1FdwHahsUap5lTLCpHJAanmS,commentary,"If a process sets WAL mode, then closes and reopens the database, the database will come back in WAL mode."" Two consequences come with it.",supports,1.0,The passage explicitly confirms that setting WAL mode persists when the database is closed and reopened.,Y,,supports,1.0,"The passage explicitly states that if WAL mode is set, closing and reopening the database results in it remaining in WAL mode.",Y,
t09_sqlite_url/c2/e3/ev-rec-e3_4_ef3318a4,t09_sqlite_url,The SQLite journal_mode=WAL setting is persistent across closing and reopening the database.,supported,supports,Confirms that WAL mode persists per database after it is enabled when reopening the database.,linuxcapable.com,https://linuxcapable.com/how-to-install-sqlite-on-arch-linux/,commentary,Confirm the persistent journal mode after reopening the database: wal WAL mode persists per database after it is enabled.,supports,1.0,The passage explicitly confirms that the WAL journal mode persists per database after it is enabled and the database is reopened.,Y,,supports,1.0,The passage explicitly states that WAL mode persists per database and remains active after reopening.,Y,
t09_sqlite_url/c2/e3/ev-rec-e3_4_9753ab23,t09_sqlite_url,The SQLite journal_mode=WAL setting is persistent across closing and reopening the database.,supported,supports,Confirms that the pragma journal_mode=WAL is persistent across connections.,reddit.com,https://www.reddit.com/r/sqlite/comments/1nfvbh1/whats_more_performant_for_concurrent_writes_a_1/,commentary,Pragma `PRAGMA journal_mode=WAL` is persistent … wal mode is redundant because already persistant. NORMAL part is not persistent for each connection.,supports,1.0,The passage explicitly states that the PRAGMA journal_mode=WAL is persistent.,Y,,supports,0.9,The passage explicitly states that PRAGMA journal_mode=WAL is persistent.,Y,
t11_inflation/c1/e2/ev-a5f53649d595,t11_inflation,A fall in the inflation rate mathematically or economically implies that the overall price level decreases.,disputed,challenges,"Explains that a decline in inflation represents disinflation, where the price level continues to rise at a slower pace rather than falling.",stlouisfed.org,https://www.stlouisfed.org/publications/page-one-economics/2024/03/01/the-inflation-rate-is-falling-but-prices-are-not,commentary,"- According to the Federal Reserve Bank of St. Louis, when the inflation rate falls from 8% to 4%, it is called disinflation, meaning the price level is rising at a slower rate rather than falling. - According to the Federal Reserve Bank of St. Louis, any positive inflation rate number means inflation is occurring and the price level is rising. - According to the Federal Reserve Bank of St. Louis, when the annual inflation rate is 4%, the average level of prices still increases by 4% that year.",challenges,1.0,"The passage explicitly states that a falling inflation rate means the price level is still rising at a slower rate rather than falling, which directly contradicts the element's claim that a fall in the inflation rate implies the overall pr…",Y,,challenges,0.98,The passage directly contradicts the element by stating that a fall in the inflation rate means the price level is rising at a slower rate rather than falling.,Y,
t11_inflation/c1/e2/ev-d9de53080f33,t11_inflation,A fall in the inflation rate mathematically or economically implies that the overall price level decreases.,disputed,challenges,"Reports from De Nederlandsche Bank that falling inflation means prices are still rising more slowly, with price decreases only occurring during deflation when inflation is negative.",dnb.nl,https://www.dnb.nl/en/the-euro-and-europe/inflation/falling-inflation-yet-rising-prices-how-does-that-work/,commentary,"- According to De Nederlandsche Bank, when inflation falls, it doesn't mean prices are dropping, but rather that they are rising more slowly. - According to De Nederlandsche Bank, prices only fall when inflation for a product or service is negative and below 0%, which is called deflation.",challenges,1.0,"The passage explicitly states that a fall in inflation does not mean prices are dropping, which directly contradicts the claim that a fall in the inflation rate implies the overall price level decreases.",Y,,challenges,0.98,"The passage explicitly states that when inflation falls, prices are not dropping, but rather rising more slowly.",Y,
t11_inflation/c1/e2/ev-a10babce7bf6,t11_inflation,A fall in the inflation rate mathematically or economically implies that the overall price level decreases.,disputed,challenges,States that disinflation denotes prices growing more slowly rather than coming down.,fiscallab.org,https://fiscallab.org/inflation/the-price-level/,commentary,"- According to Fiscal Lab on Capitol Hill, inflation is the rate of increase in the price level. - According to Fiscal Lab on Capitol Hill, a reduction in inflation is called disinflation, where a decrease in inflation just means prices are growing more slowly rather than coming down.",challenges,1.0,"The passage explicitly states that a decrease in inflation means prices are growing more slowly rather than coming down, which directly contradicts the claim that a fall in the inflation rate implies the overall price level decreases.",Y,,challenges,0.98,The passage directly contradicts the element by stating that a decrease in inflation means prices are growing more slowly rather than coming down.,Y,
t11_inflation/c1/e2/ev-cea5c13460c7,t11_inflation,A fall in the inflation rate mathematically or economically implies that the overall price level decreases.,disputed,challenges,The Reserve Bank of New Zealand directly confirms that lower inflation does not mean lower prices.,rbnz.govt.nz,https://www.rbnz.govt.nz/education/making-sense-of-inflation/true-or-false-inflation-edition,primary,Fact: Lower inflation doesn't mean lower prices. It means that overall ... Fact: Lower interest rates can make it cheaper for borrowers. But if prices ...,challenges,1.0,"The passage explicitly states that lower inflation doesn't mean lower prices, which contradicts the element's claim that a fall in inflation implies the price level decreases.",Y,,challenges,0.95,"The passage explicitly states that lower inflation does not mean lower prices, directly contradicting the element.",Y,
t11_inflation/c1/e2/ev-3635343fe42a,t11_inflation,A fall in the inflation rate mathematically or economically implies that the overall price level decreases.,disputed,challenges,"Reports that cooling inflation indicates prices still rose, but at a slower rate.",usatoday.com,https://www.usatoday.com/story/money/economy/2026/08/12/july-cpi-inflation-report-are-paychecks-keeping-up/91245851007/,reporting,"4%, meaning prices still rose but at a slower pace",challenges,1.0,"The passage clarifies that prices still rose despite a falling inflation rate, directly contradicting the element's claim that a fall in inflation implies a decreasing price level.",Y,,challenges,0.95,"The passage notes that a lower percentage meant prices still rose at a slower pace rather than decreasing, directly contradicting the idea that a lower inflation rate implies a decrease in the overall price level.",Y,
t11_inflation/c1/e2/ev-64d666b68d08,t11_inflation,A fall in the inflation rate mathematically or economically implies that the overall price level decreases.,disputed,challenges,"This commentary clarifies that low inflation does not mean prices fall back to prior levels, challenging the notion that a drop in inflation implies a decrease in the overall price level.",crr.bc.edu,https://crr.bc.edu/low-inflation-does-not-mean-americans-are-fine/,commentary,The fact is that prices are not going to fall to their pre-inflation levels,challenges,0.9,"The passage implies that prices remain high rather than decreasing, which contradicts the claim that a falling inflation rate means the overall price level decreases.",Y,,neither,0.85,"The passage merely states that prices will not return to pre-inflation levels, without addressing whether a fall in the inflation rate implies a decrease in",N,neither
t11_inflation/c1/e3/ev-f0f97b5e4ce3,t11_inflation,A decrease in the inflation rate from 10% to 3% causes or equates to prices falling by 7%.,disputed,challenges,"Demonstrates that when inflation falls from 9.1% to 3.0%, prices continue to increase rather than dropping by the numerical percentage point difference.",usafacts.org,https://usafacts.org/answers/what-is-the-current-inflation-rate/country/united-states/,primary,"- When inflation decreases—for example, from 9.1% in June 2022 to 3.0% in June 2023—prices are still rising, just at a slower pace than before. - Prices only fall during deflation, which occurs when the inflation rate drops below zero, signaling a general decline in the cost of goods and services.",challenges,1.0,"The passage explicitly states that when inflation decreases, prices are still rising rather than falling by 7%.",Y,,challenges,0.99,"The passage directly contradicts the claim by stating that when inflation decreases, prices are",Y,
t12_venus_image/c1/e1/ev-fa0b521c95b7,t12_venus_image,Venus is a planet in the Solar System.,supported,supports,Explicitly identifies Venus as one of the four rocky planets located within our Solar System.,asgh.org,https://asgh.org/articles/2014-venus-greenhouse.pdf,primary,"Space Place partner’s article May 2014 The Hottest Planet in the Solar System By Dr. Ethan Siegel When you think about the four rocky planets in our Solar System—Mercury, Venus, Earth and Mars—you probably think about them in that exact order: sorted by their distance from the Sun",supports,1.0,"The passage explicitly lists Venus as one of the four rocky planets in our Solar System, which directly supports the claim that Venus is a planet in the Solar System.",Y,,supports,0.99,The passage explicitly refers to Venus as one of the rocky planets in our Solar System.,Y,
t12_venus_image/c1/e2/ev-bb86ce72ee6d,t12_venus_image,Venus has a higher temperature than any other planet in the Solar System.,supported,supports,States that Venus is the hottest planet in our solar system with surface temperatures reaching approximately 872°F (467°C).,science.nasa.gov,https://science.nasa.gov/venus/venus-facts/,primary,"- Venus is the hottest planet in our solar system. - Venus's thick atmosphere traps heat in a runaway greenhouse effect, making it the hottest planet in our solar system with surface temperatures hot enough to melt lead — about 872 degrees Fahrenheit (467 Celsius).",supports,1.0,"The passage explicitly states that Venus is the hottest planet in our solar system, which directly supports the claim that it has a higher temperature than any other planet.",Y,,supports,1.0,The passage directly states that Venus is the hottest planet in our solar system.,Y,
t12_venus_image/c1/e2/ev-22b457bf6120,t12_venus_image,Venus has a higher temperature than any other planet in the Solar System.,supported,supports,Confirms Venus is the Solar System's hottest planet with a mean surface temperature of 867°F (464°C).,science.nasa.gov,https://science.nasa.gov/resource/solar-system-temperatures/,primary,"- Venus is the exception, as its proximity to the Sun, and its dense atmosphere make it our solar system's hottest planet. - The mean temperature of Venus is 867°F (464°C). - Venus is an exception because its dense atmosphere acts as a greenhouse and heats the surface to above the melting point of lead.",supports,1.0,"The passage explicitly states that Venus is our solar system's hottest planet, which directly supports the claim that it has a higher temperature than any other planet.",Y,,supports,1.0,"The passage directly states that Venus is our solar system's hottest planet, which means it has a higher temperature than any other planet in the Solar System.",Y,
t12_venus_image/c1/e2/ev-fe24ffebe866,t12_venus_image,Venus has a higher temperature than any other planet in the Solar System.,supported,supports,Directly reports NASA's determination that Venus is the hottest planet in our solar system.,science.nasa.gov,https://science.nasa.gov/venus/,primary,- Venus is the hottest planet in our solar system according to NASA.,supports,1.0,"The passage confirms that Venus is the hottest planet in the solar system, which directly supports the claim that it has a higher temperature than any other planet.",Y,,supports,1.0,"The passage explicitly states that Venus is the hottest planet in the solar system, directly supporting the element.",Y,
t12_venus_image/c1/e2/ev-3b3052f46d4c,t12_venus_image,Venus has a higher temperature than any other planet in the Solar System.,supported,supports,"Affirms that Venus has the hottest surface of any planet in the Solar System, reaching around 460°C (860°F).",planetary.org,https://www.planetary.org/articles/the-hottest-and-coldest-places-in-the-solar-system,reporting,"- Despite not being the closest planet to the Sun, Venus has the hottest surface of any planet in the Solar System. - On the surface of Venus, temperatures can reach around 460 degrees Celsius (860 degrees Fahrenheit). - These searing temperatures are caused by Venus’ thick atmosphere, which is composed mainly of carbon dioxide.",supports,1.0,"The passage explicitly states that Venus has the hottest surface of any planet in the Solar System, which directly supports the claim.",Y,,supports,0.98,The passage explicitly states that Venus has the hottest surface of any planet in the Solar System.,Y,
t12_venus_image/c1/e2/ev-740838024ff4,t12_venus_image,Venus has a higher temperature than any other planet in the Solar System.,supported,supports,This commentary directly asserts that Venus is hotter than other planets due to its thick atmosphere.,reddit.com,https://www.reddit.com/r/explainlikeimfive/comments/f73z31/eli5_why_is_venus_the_hottest_planet_in_our_solar/,commentary,Venus is hotter than Mercury because it has a much thicker atmosphere. The heat the atmosphere traps is called the greenhouse effect,neither,0.9,"While the passage confirms Venus is hotter than Mercury, it does not provide evidence regarding whether Venus has a higher temperature than all other planets in the Solar System.",N,neither,neither,0.85,"The passage only states that Venus is hotter than Mercury, not that it is hotter than all other planets in the Solar System.",N,neither
t12_venus_image/c1/e2/ev-a19628f98222,t12_venus_image,Venus has a higher temperature than any other planet in the Solar System.,supported,supports,Providing high surface temperature values supports the fact that it is exceptionally hot.,pmc.ncbi.nlm.nih.gov,https://pmc.ncbi.nlm.nih.gov/articles/PMC5385710/,primary,- Present-day Venus has surface temperatures approaching 750K according to the source.,neither,1.0,"While the passage provides a temperature for Venus, it does not compare it to other planets to confirm if it is the highest in the Solar System.",N,neither,neither,0.95,The passage provides the surface temperature of Venus but does not compare it to other planets in the Solar System.,N,neither
t12_venus_image/c1/e2/ev-a2099f45a146,t12_venus_image,Venus has a higher temperature than any other planet in the Solar System.,supported,supports,Documenting a high average surface temperature of 465 °C supports its status as the hottest planet.,astronoo.com,https://astronoo.com/en/venus.html,reporting,- Venus has an average surface temperature of about 465 °C. - Venus's atmosphere is composed of 96.5% CO2. - The atmosphere of Venus generates a surface pressure of 92 bar. - Venus has clouds of H2SO4 (sulfuric acid) that cause a devastating greenhouse effect. - Venus has a diameter and mass very close to those of Earth. - Venus is located about 108 million kilometers from the Sun.,neither,1.0,The passage provides Venus's temperature but does not mention or compare the temperatures of any other planets in the Solar System.,N,neither,neither,0.95,The passage provides Venus's average surface temperature but does not compare it to the temperatures of other planets in the Solar System.,N,neither
t13_sweden/c1/e1/ev-f31cc46689ed,t13_sweden,Sweden did not impose a general lockdown in 2020-22.,supported,supports,"Confirms that Sweden decided not to impose a general lockdown during the COVID-19 pandemic, relying instead on public health recommendations.",theconversation.com,https://theconversation.com/did-swedens-controversial-covid-strategy-pay-off-in-many-ways-it-did-but-it-let-the-elderly-down-188338,commentary,"- According to the article, Sweden's total excess deaths during the first two years of the pandemic were actually among the lowest in Europe. - Sweden decided not to impose a general lockdown during the COVID-19 pandemic. - Instead of lockdowns, Sweden's goal was to achieve social distancing through public health recommendations.",supports,1.0,The passage explicitly states that Sweden decided not to impose a general lockdown during the COVID-19 pandemic.,Y,,supports,0.95,"The passage explicitly states that Sweden decided not to impose a general lockdown during the COVID-19 pandemic, opting instead for public health recommendations.",Y,
t13_sweden/c1/e1/ev-db780f394c50,t13_sweden,Sweden did not impose a general lockdown in 2020-22.,supported,supports,States that there was no formal lockdown in Sweden during the pandemic response period.,link.springer.com,https://link.springer.com/article/10.1186/s13690-025-01531-5,primary,"- The investigated time period for the study comparing Nordic countries was 1 January 2020 to 30 April 2022. - There was no formal lockdown in Sweden, but strict hand hygiene and physical distancing were early recommended by authorities. - Excess mortality over the whole study period was lowest in Iceland while Norway had very few ICU admissions.",supports,1.0,The passage explicitly states that there was no formal lockdown in Sweden during the investigated time period.,Y,,supports,0.98,The passage explicitly states that there was no formal lockdown in Sweden during the study period covering 2020 to 2022.,Y,
t13_sweden/c1/e1/ev-0ef47dcd1457,t13_sweden,Sweden did not impose a general lockdown in 2020-22.,supported,supports,"Reports that Sweden avoided strict government-imposed controls, relying instead on voluntary behavioural changes.",bbc.com,https://www.bbc.com/future/article/20250304-the-countries-that-never-locked-down-for-covid-19,reporting,""" Scientists have tried to answer that question. Ingeborg Forthun at the Norwegian Institute of Public Health and researchers in other countries including Sweden published a study in May 2024 that compared excess deaths in Sweden, Norway, Denmark and Finland during the first years of the pandemic. While Sweden avoided strict government imposed controls, instead relying mainly on voluntary behavioural changes from is citizens, the other three nations imposed strict lockdowns in the early stages of the pandemic. Norway, Finland and Denmark closed schools and most other aspects of public life while also asking people to work from home, but they stopped short of confining people to their homes in the way other countries such as the UK did. Perhaps unsurprisingly, the researchers found a noticeable spike in excess deaths in Sweden during the initial waves of the pandemic during the spring and winter of 2020, when Covid-19 was able to spread more freely than in neighbouring nations",supports,1.0,"The passage explicitly states that Sweden avoided strict government imposed controls and relied on voluntary behavior, which aligns with the claim that Sweden did not impose a general lockdown.",Y,,supports,0.95,"The passage confirms that Sweden avoided strict government-imposed controls, relying instead on voluntary measures while other nations imposed lockdowns during the pandemic.",Y,
t13_sweden/c1/e2/ev-0ef47dcd1457,t13_sweden,Sweden's lack of a general lockdown was the primary driver of its relative mortality outcomes.,disputed,challenges,Finds that Sweden's lack of restrictions led to a noticeable spike in excess deaths during 2020 rather than driving lower relative mortality.,bbc.com,https://www.bbc.com/future/article/20250304-the-countries-that-never-locked-down-for-covid-19,reporting,""" Scientists have tried to answer that question. Ingeborg Forthun at the Norwegian Institute of Public Health and researchers in other countries including Sweden published a study in May 2024 that compared excess deaths in Sweden, Norway, Denmark and Finland during the first years of the pandemic. While Sweden avoided strict government imposed controls, instead relying mainly on voluntary behavioural changes from is citizens, the other three nations imposed strict lockdowns in the early stages of the pandemic. Norway, Finland and Denmark closed schools and most other aspects of public life while also asking people to work from home, but they stopped short of confining people to their homes in the way other countries such as the UK did. Perhaps unsurprisingly, the researchers found a noticeable spike in excess deaths in Sweden during the initial waves of the pandemic during the spring and winter of 2020, when Covid-19 was able to spread more freely than in neighbouring nations",supports,0.9,The passage reports on a study finding a noticeable spike in excess deaths in Sweden during the initial waves when it avoided strict controls and Covid-19 spread more freely compared to its neighbours.,N,direction,error,,no response,,
t13_sweden/c1/e3/ev-271cb07adc3a,t13_sweden,Sweden experienced lower excess mortality than every other European country in 2020-22.,disputed,challenges,"Reports that Sweden ranked 37th among 42 European countries for cumulative excess all-cause mortality from 2020 to 2022, contradicting the claim that it was lower than every other European country.",pmc.ncbi.nlm.nih.gov,https://pmc.ncbi.nlm.nih.gov/articles/PMC10399217/,primary,"- According to Article 0, Sweden experienced an excess mortality rate of 158 deaths per 100,000 inhabitants from 2020 to 2022. - According to Article 0, Sweden ranked 37th among 42 European countries for cumulative excess all-cause mortality from January 2020 to December 2022.",challenges,1.0,"The passage states that Sweden ranked 37th out of 42 European countries, which directly contradicts the claim that it experienced lower excess mortality than every other European country.",Y,,challenges,0.95,The passage states that Sweden ranked 37th out of,Y,
t13_sweden/c1/e3/ev-db780f394c50,t13_sweden,Sweden experienced lower excess mortality than every other European country in 2020-22.,disputed,challenges,"Identifies Iceland, not Sweden, as having the lowest excess mortality over the study period.",link.springer.com,https://link.springer.com/article/10.1186/s13690-025-01531-5,primary,"- The investigated time period for the study comparing Nordic countries was 1 January 2020 to 30 April 2022. - There was no formal lockdown in Sweden, but strict hand hygiene and physical distancing were early recommended by authorities. - Excess mortality over the whole study period was lowest in Iceland while Norway had very few ICU admissions.",challenges,1.0,"The passage explicitly states that excess mortality was lowest in Iceland, which contradicts the claim that Sweden experienced lower excess mortality than every other European country.",Y,,challenges,0.95,"The passage states that excess mortality over the study period was lowest in Iceland, contradicting the claim that Sweden had lower excess mortality than every other European country.",Y,
t13_sweden/c1/e3/ev-818d6871061b,t13_sweden,Sweden experienced lower excess mortality than every other European country in 2020-22.,disputed,challenges,"The data shows Sweden ranks 30th out of 47 European countries in per capita deaths, contradicting the claim that it had lower excess mortality than every other European country.",en.wikipedia.org,https://en.wikipedia.org/wiki/COVID-19_pandemic_in_Sweden,primary,"The COVID-19 pandemic in Sweden is a part of the pandemic of coronavirus disease 2019 caused by severe acute respiratory syndrome coronavirus 2. As of 22 March 2023, there have been 2,701,192 confirmed cumulative cases and 23,851 deaths with confirmed COVID-19 in Sweden. Sweden ranks 57th in per capita deaths worldwide, and out of 47 European countries, Sweden places 30th. A 2022 estimate of excess mortality during the pandemic using IHME COVID model estimated 18,300 excess deaths during 2020–2021 The Economist model value estimated 13,670 excess deaths between 16th 2020-Mar 6th 2022.",challenges,1.0,"The passage states that Sweden places 30th out of 47 European countries in per capita deaths, which contradicts the claim that it experienced lower excess mortality than every other European country.",Y,,error,,no response,,
t14_bankrate_375/c1/e1/ev-5dfc06e10fd6,t14_bankrate_375,"As of 7 September 2026, the Bank of England's Bank Rate is 3.75%.",supported,supports,Directly confirms that the Bank of England base rate stood at 3.75% on 7 September 2026.,stoozemax.com,https://stoozemax.com/tools/base-rate,primary,- The Bank of England base rate stood at 3.75% on 7 September 2026 with no change recorded.,supports,1.0,"The passage explicitly states that the Bank of England base rate stood at 3.75% on 7 September 2026, which directly aligns with the claim.",Y,,supports,1.0,The passage directly confirms that the Bank of England base rate stood at 3.75% on 7 September 2026.,Y,
t14_bankrate_375/c1/e1/ev-3cded8ab6fc1,t14_bankrate_375,"As of 7 September 2026, the Bank of England's Bank Rate is 3.75%.",supported,supports,Official MPC oral evidence confirms the decision to hold the Bank Rate at 3.75%.,committees.parliament.uk,https://committees.parliament.uk/event/28071/formal-meeting-oral-evidence-session/,primary,the MPC's most recent decision to hold the Bank Rate at 3.75%. Megan Greene voted to increase the Bank Rate by 0.25%,neither,1.0,"The passage mentions the Bank Rate is 3.75%, but it lacks any date or temporal context to confirm whether this holds as of 7 September 2026.",N,neither,error,,no response,,
t14_bankrate_375/c1/e1/ev-caf95fbe7806,t14_bankrate_375,"As of 7 September 2026, the Bank of England's Bank Rate is 3.75%.",supported,supports,Pricing data refers to the current Bank Rate as 3.75%.,bluegamma.io,https://www.bluegamma.io/central-banks/central-bank-interest-rate-forecasts/the-bank-of-england-interest-rate-forecast,primary,- Overnight index swap pricing implies a market move from the current Bank Rate of 3.75%.,supports,0.9,"The passage explicitly refers to the current Bank Rate as 3.75%, which directly supports the element.",Y,,error,,,,
t14_bankrate_375/c1/e2/ev-7212239c72ba,t14_bankrate_375,The next interest rate decision by the Bank of England is scheduled for 17 September 2026.,supported,supports,Reports that the next Bank of England interest rate decision is scheduled for Thursday 17 September 2026 at 12:00 UK time.,cambridgecurrencies.com,https://cambridgecurrencies.com/next-bank-of-england-interest-rate-decision/,reporting,"- The Bank of England held Bank Rate at 3.75% on 30 July 2026 in a 6-3 vote. - The next Bank of England interest rate decision is scheduled for Thursday 17 September 2026, announced at 12:00 UK time.",supports,1.0,The passage explicitly states that the next Bank of England interest rate decision is scheduled for Thursday 17 September 2026.,Y,,supports,1.0,The passage explicitly states that the next Bank of England interest rate decision is scheduled for 17 September 2026.,Y,
t14_bankrate_375/c1/e2/ev-4356a238cc53,t14_bankrate_375,The next interest rate decision by the Bank of England is scheduled for 17 September 2026.,supported,supports,"Specifies that the Bank of England rate decision event is scheduled for September 17, 2026.",robinhood.com,https://robinhood.com/us/en/prediction-markets/economics/events/bank-of-england-rate-decision-in-september-sep-17-2026/,primary,"- The event day for the Bank of England rate decision is September 17, 2026.",supports,1.0,"The passage explicitly confirms that the event day for the Bank of England rate decision is September 17, 2026.",Y,,supports,0.95,"The passage directly confirms that the Bank of England rate decision is scheduled for September 17, 2026.",Y,
