label_id,record,element,state,tru8_label,tru8_reasoning,source,url,tier,passage,gemini_verdict,gemini_confidence,gemini_reason,gemini_justified,gemini_kind,gemini_flash_verdict,gemini_flash_confidence,gemini_flash_reason,gemini_flash_justified,gemini_flash_kind
t01_brexit/c1/e1/ev-06cbaa2b1b96,t01_brexit,The UK officially left the European Union on 31 January 2020.,supported,supports,Confirms that the UK officially left the EU on 31 January 2020 at midnight CET.,ec.europa.eu,https://ec.europa.eu/newsroom/councileu/items/663312/en,primary,"- According to ec.europa.eu, the UK left the EU on 31 January 2020 at midnight (CET) after 47 years. - According to ec.europa.eu, the transition period provided for in the withdrawal agreement is due to last until 31 December 2020.",supports,1.0,"The passage explicitly states that the UK left the EU on 31 January 2020, which directly aligns with the element.",Y,,supports,0.99,The passage explicitly states that the UK left the EU on 31 January 2020.,Y,
t01_brexit/c1/e1/ev-125b142005c8,t01_brexit,The UK officially left the European Union on 31 January 2020.,supported,supports,Official timeline states the United Kingdom officially left the European Union on 31 January 2020 at 11pm.,niassembly.gov.uk,https://www.niassembly.gov.uk/assembly-business/brexit-and-beyond/timeline-and-key-documents/,primary,"- 2 March 2020 - Negotiations on Future Relationship Negotiations on the Future Relationship formally begin. - 1 February 2020 - Transition period begins The Withdrawal Agreement enters into force and the UK enters the transition period. - 31 January 2020 - UK leaves the EU The United Kingdom officially leaves the European Union at 11pm. - 24 January 2020 - Withdrawal Agreement signed The Withdrawal Agreement is signed by the EU and UK. - 11 January 2020 - Assembly Restored The Northern Ireland Assembly is restored with the ‘New Decade, New Approach’ agreement",supports,1.0,The passage explicitly states that the United Kingdom officially leaves the European Union on 31 January 2020.,Y,,supports,1.0,The passage explicitly states that the United Kingdom officially left the European Union on 31 January 2020.,Y,
t01_brexit/c1/e1/ev-a4b13e217a8b,t01_brexit,The UK officially left the European Union on 31 January 2020.,supported,supports,Reports that the UK officially left the European Union trading bloc on 31 January 2020.,bbc.com,https://www.bbc.com/news/uk-politics-32810887,reporting,"- According to bbc.com, the UK officially left the trading bloc on 31 January 2020. - According to bbc.com, both sides agreed to keep many things the same until 31 December 2020 to allow enough time to agree to the terms of a new trade deal.",supports,1.0,The passage explicitly states that the UK officially left the trading bloc on 31 January 2020.,Y,,error,,no response,,
t01_brexit/c1/e1/ev-8729f7046e57,t01_brexit,The UK officially left the European Union on 31 January 2020.,supported,supports,Confirms Northern Ireland and the rest of the UK left the European Union on 31 January 2020.,niassembly.gov.uk,https://www.niassembly.gov.uk/assembly-business/brexit-and-beyond/brexit-questions-and-answers/,primary,"” The UK in a Changing Europe has published a report on potential paths for the review of the TCA. Is Northern Ireland in the EU. Northern Ireland and the rest of the UK left the EU on 31 January 2020. However, under the terms of the EU-UK agreements, special arrangements apply in Northern Ireland. Under the Windsor Framework, Northern Ireland remains aligned with EU single market rules for goods and therefore maintains access to this market",supports,1.0,The passage explicitly states that the UK left the EU on 31 January 2020.,Y,,supports,1.0,The passage explicitly states that Northern Ireland and the rest of the UK left the EU on 31 January 2020.,Y,
t01_brexit/c1/e1/ev-2859768f3715,t01_brexit,The UK officially left the European Union on 31 January 2020.,supported,supports,States that the United Kingdom withdrew from the European Union on 31 January 2020.,commission.europa.eu,https://commission.europa.eu/law/law-topic/data-protection/international-dimension-data-protection/brexit_en,primary,- The United Kingdom withdrew from the European Union on 31 January 2020. - A transitional period during which EU law continued to apply in the United Kingdom ended on 31 December 2020.,supports,1.0,The passage explicitly states that the United Kingdom withdrew from the European Union on 31 January 2020.,Y,,supports,1.0,The passage directly confirms that the United Kingdom withdrew from the European Union on 31 January 2020.,Y,
t01_brexit/c1/e1/ev-6b4f29ad7ed2,t01_brexit,The UK officially left the European Union on 31 January 2020.,supported,supports,Notes that the UK officially left the European Union at 11pm on 31 January 2020.,about.ebsco.com,https://about.ebsco.com/sites/default/files/acquiadam-assets/UK-Ireland-Points-of-View-Reference-Centre-Topic-Brexit-UK.pdf,commentary,"The split result, along with difficulties negotiating a ‘divorce deal’ favourable enough that Parliament would support it, has caused significant division among the UK population. At 11pm on 31 January 2020, the UK officially left the EU and entered a Prime Minister Boris Johnson signs the Brexit t...",supports,1.0,"The passage explicitly states that at 11pm on 31 January 2020, the UK officially left the EU.",Y,,supports,1.0,The passage explicitly states that the UK officially left the EU at 11pm on 31 January 2020.,Y,
t01_brexit/c1/e2/ev-46ebd6ccbd2c,t01_brexit,The UK remained in the EU single market and customs union until 31 December 2020.,supported,supports,Confirms the transition period ended and the UK left the EU single market and customs union at 11pm on 31 December 2020.,commonslibrary.parliament.uk,https://commonslibrary.parliament.uk/research-briefings/cbp-7960/,primary,"At 11pm on 31 December 2020, the transition period ended and the United Kingdom left the EU single market and customs union.",supports,1.0,The passage confirms that the United Kingdom remained in the EU single market and customs union until the end of the transition period on 31 December 2020.,Y,,supports,0.98,"The passage explicitly states that the UK left the EU single market and customs union on 31 December 2020, supporting that it remained in them until that date.",Y,
t01_brexit/c1/e2/ev-216414d527e5,t01_brexit,The UK remained in the EU single market and customs union until 31 December 2020.,supported,supports,States the UK left the EU customs union and single market at the end of the transition period on 31 December 2020.,lordslibrary.parliament.uk,https://lordslibrary.parliament.uk/uk-eu-relations-proposals-for-customs-union-and-connections-with-the-eu-single-market/,primary,The UK left the EU customs union and single market at the end of the Brexit transition period on 31 December 2020. There has been debate since ...,supports,1.0,The passage confirms that the UK remained in the EU single market and customs union until the end of the transition period on 31 December 2020.,Y,,supports,1.0,"The passage states that the UK left the EU customs union and single market on 31 December 2020, directly supporting that it remained in them until that date.",Y,
t02_select/c1/e1/ev-89c4bc6ba1da,t02_select,The SELECT trial demonstrated that semaglutide acts as a cause to reduce heart attacks.,supported,supports,"Reports that in the randomized SELECT trial, semaglutide significantly reduced nonfatal myocardial infarction rates to 2.7% versus 3.7% for placebo (hazard ratio 0.72).",acc.org,https://www.acc.org/latest-in-cardiology/clinical-trials/2023/11/09/15/04/select,primary,"- The SELECT trial randomized patients with overweight or obesity (body mass index [BMI] >=27 kg/m2) and established CVD to receive once-weekly subcutaneous semaglutide (n = 8,803) vs. placebo (n = 8,801). - The SELECT trial had a total number of enrollees of 17,604 with a mean duration of follow-up of 40 months and a mean patient age of 62 years. - The primary outcome of major adverse CV events for semaglutide vs. placebo in the SELECT trial was 6.5% vs. 8.0% (hazard ratio 0.80, 95% confidence interval 0.72-0.90, p < 0.001). - In the SELECT trial, cardiovascular death occurred in 2.5% vs. 3.0% (hazard ratio 0.85, 95% confidence interval 0.71-1.01, p = 0.07) for semaglutide vs. placebo. - In the SELECT trial, all-cause death occurred in 4.3% vs. 5.2% (hazard ratio 0.81, 95% confidence interval 0.71-0.93) for semaglutide vs. placebo. - In the SELECT trial, nonfatal myocardial infarction occurred in 2.7% vs. 3.7% (hazard ratio 0.72, 95% confidence interval 0.61-0.85) for semaglutide vs. placebo. - The SELECT trial reported the mean change in body weight at 104 weeks was –9.4% vs. –0.9% for semaglutide versus placebo.",supports,0.95,The passage reports the results of a randomized trial showing a statistically significant reduction in nonfatal myocardial infarction with semaglutide compared to placebo.,Y,,supports,0.95,The passage details the randomized SELECT trial results showing a statistically significant reduction in nonfatal myocardial infarction (heart attack) with semaglutide compared to placebo.,Y,
t02_select/c1/e1/ev-c8a74dd71819,t02_select,The SELECT trial demonstrated that semaglutide acts as a cause to reduce heart attacks.,supported,supports,"Confirms FDA approval of semaglutide to reduce the risk of heart attack based on the randomized SELECT clinical trial of over 17,600 participants.",fda.gov,https://www.fda.gov/news-events/press-announcements/fda-approves-first-treatment-reduce-risk-serious-heart-problems-specifically-adults-obesity-or,primary,"- The U.S. Food and Drug Administration approved a new indication for use for Wegovy (semaglutide) injection to reduce the risk of cardiovascular death, heart attack and stroke in adults with cardiovascular disease and either obesity or overweight. - Wegovy’s efficacy and safety were studied in a trial that randomly assigned over 17,600 participants to receive either Wegovy or placebo. - Major adverse cardiovascular events occurred in 6.5% of participants who received Wegovy compared to 8% of participants who received placebo in the trial.",supports,0.9,"The passage reports the trial results showing that Wegovy (semaglutide) reduced major adverse cardiovascular events, including heart attacks, compared to placebo.",Y,,error,,,,
t02_select/c1/e1/ev-7a14d98f5707,t02_select,The SELECT trial demonstrated that semaglutide acts as a cause to reduce heart attacks.,supported,supports,"States that the SELECT trial found weekly semaglutide lowered the risk of heart attack, stroke, or cardiovascular death by approximately 20% compared with placebo.",gidoc.net,https://www.gidoc.net/includes/pages/?gid=wagovie,commentary,"- In 2021 the FDA approved once-weekly Wegovy injections at 2.4 mg for weight management based on the STEP trial program. - The FDA approved Wegovy to reduce the risk of cardiovascular death, heart attack, and stroke in adults with cardiovascular disease and either obesity or overweight. - The SELECT trial followed more than 17,000 adults with overweight or obesity and established cardiovascular disease but no diabetes for close to 40 months. - The SELECT trial found that weekly semaglutide 2.4 mg lowered the risk of heart attack, stroke, or cardiovascular death by about 20% compared with placebo. - In the SELECT trial, major adverse cardiovascular events occurred in 6.5% of those on semaglutide versus 8.0% on placebo over about 3-4 years.",supports,1.0,"The passage states that the SELECT trial found weekly semaglutide lowered the risk of heart attack, which supports the claim that semaglutide acts to reduce heart attacks.",Y,,error,,,,
t02_select/c1/e1/ev-d77950d98d49,t02_select,The SELECT trial demonstrated that semaglutide acts as a cause to reduce heart attacks.,supported,supports,"The systematic review demonstrates a significant reduction in major adverse cardiovascular events following semaglutide administration, supporting the causal link.",pmc.ncbi.nlm.nih.gov,https://pmc.ncbi.nlm.nih.gov/articles/PMC12752371/,primary,"- A meta-analysis identified four randomized controlled trials involving 27,617 individuals, with 13,809 receiving semaglutide and 13,808 receiving placebo. - The meta-analysis found a significant reduction in the risk of major adverse cardiovascular events after administration of semaglutide (RR: 0.81, 95% CI: 0.74–0.88, p < 0.001). - Semaglutide treatment led to fewer serious adverse events (RR: 0.91, 95% CI: 0.88–0.94, p < 0.001) but was linked to a higher rate of treatment discontinuation (RR: 1.67, 95% CI: 1.27–2.21, p < 0.001).",neither,1.0,"The passage discusses a meta-analysis of four randomized controlled trials, but it does not mention the specific SELECT trial.",N,neither,neither,0.9,"The passage discusses a meta-analysis of four randomized controlled trials regarding major adverse cardiovascular events, but it does not specifically mention the SELECT trial or heart attacks.",N,neither
t02_select/c1/e2/ev-8448f5a1b7f0,t02_select,Semaglutide administration causes a reduction in heart attacks resulting in a 20% absolute risk reduction.,disputed,challenges,"Shows that the SELECT trial demonstrated an absolute risk reduction of 1.5 percentage points (6.5% vs 8.0%), contradicting the claimed 20% absolute risk reduction.",news-medical.net,https://www.news-medical.net/news/20260402/Wegovyc2ae-(semaglutide-injection)-24-mg-recommended-by-NICE-to-reduce-risk-of-major-adverse-cardiovascular-events-including-heart-attacks-and-strokes-in-adults-with-established-cardiovascular-disease-and-overweight-or-obesity.aspx,reporting,"- NICE recommended Wegovy (semaglutide injection) 2.4 mg to reduce the risk of major adverse cardiovascular events in adults with established cardiovascular disease and either obesity or overweight (BMI >= 27 kg/m2). - The SELECT trial demonstrated that semaglutide 2.4 mg on top of standard of care reduced the risk for first occurrence of MACE by 20% compared to placebo (hazard ratio, 0.80; 95% CI, 0.72 to 0.90; p < 0.001). - Over the SELECT trial period, MACE occurred in 6.5% of participants receiving semaglutide compared with 8.0% receiving placebo, representing an absolute risk reduction of 1.5 percentage points.",challenges,1.0,"The passage states that the absolute risk reduction was 1.5 percentage points, which directly contradicts the element's claim of a 20% absolute risk reduction.",Y,,challenges,0.95,"The passage clarifies that the 20% reduction corresponds to relative risk (hazard ratio 0.80), whereas the absolute risk",Y,
t02_select/c1/e2/ev-f8c3a48e73b7,t02_select,Semaglutide administration causes a reduction in heart attacks resulting in a 20% absolute risk reduction.,disputed,challenges,"Clarifies that the 20% figure was a relative risk reduction, while the absolute risk reduction was 1.5% for major cardiovascular events and 1.0% for nonfatal myocardial infarction.",center4research.org,https://www.center4research.org/medpage-wegovy-heart-benefit/,commentary,"- According to the SELECT trial results, investigators touted a 20% reduced risk of a major cardiovascular event with semaglutide compared with placebo. - The absolute benefit in the SELECT trial was a 1.5 percentage-point difference between patients who were overweight and had preexisting cardiovascular disease. - In the SELECT trial, 6.5% of people taking semaglutide had a major cardiovascular event, compared to 8% of those on placebo. - David Phizackerley noted that the 1.5% absolute risk reduction means 67 people would need to take the drug for 34 months to prevent one primary endpoint event. - There was a significant benefit for non-fatal myocardial infarction in the SELECT trial with a 1% absolute risk reduction, at 2.7% for semaglutide versus 3.7% for placebo. - The FDA approved an indication for semaglutide in adults with cardiovascular disease and either obesity or overweight in March. - People in the semaglutide group were twice as likely to drop out as those in the placebo group, at about 17% versus 8%.",challenges,1.0,"The element claims a 20% absolute risk reduction in heart attacks, whereas the passage states the absolute risk reduction for non-fatal myocardial infarction was 1% and the overall major cardiovascular event absolute benefit was 1.5 percen…",Y,,error,,no response,,
t02_select/c1/e2/ev-e47f870aabb2,t02_select,Semaglutide administration causes a reduction in heart attacks resulting in a 20% absolute risk reduction.,disputed,challenges,"Notes that the SELECT trial reported a 1.5% absolute risk reduction in major cardiovascular events, directly contradicting a 20% absolute reduction.",sciencemediacentre.org,https://www.sciencemediacentre.org/expert-reaction-to-nice-draft-guidance-recommending-semaglutide-to-prevent-heart-attacks-and-strokes-in-adults-whove-previously-had-a-heart-attack-a-stroke-or-peripheral-arterial-disease-an/,commentary,"- According to Prof Riyaz Patel, the SELECT study from 2023 demonstrated that semaglutide, when given to people with CVD, a BMI >=27 and without diabetes, reduced their risk of future heart attacks, strokes and cardiovascular deaths by almost 20% over about 3.3 years. - According to Prof Riyaz Patel, most participants in the SELECT trial were Caucasian. - According to Prof Martin Whyte, the SELECT trials reported a 1.5% absolute risk reduction in major cardiovascular events with semaglutide therapy. - According to Prof Robert Storey, the SELECT trial included more than 17 thousand overweight people with cardiovascular disease and showed clearly that semaglutide reduced the risk of heart attack and other cardiovascular events.",challenges,1.0,"The passage explicitly states that the SELECT trial reported a 1.5% absolute risk reduction, which directly contradicts the claim of a 20% absolute risk reduction (the 20% figure was a relative risk reduction).",Y,,challenges,0.9,"The passage explicitly reports a 1.5% absolute risk reduction in major cardiovascular events, contradicting the claim of a",Y,
t02_select/c1/e3/ev-24a82c427783,t02_select,The population in whom semaglutide prevents heart attacks encompasses everyone who is overweight.,disputed,challenges,"States that the SELECT study specifically enrolled adults aged 45 or older with preexisting cardiovascular disease and BMI >= 27 without diabetes, rather than all overweight individuals.",dralo.net,https://www.dralo.net/blog/ozempic-heart-reduce-heart-attacks,commentary,"- The SELECT study enrolled 17,604 adults who were 45 years or older, had overweight or obesity (BMI >= 27), already had heart disease, and did not have diabetes. - Participants in the SELECT study were followed for about 40 months over 3 years. - People who took semaglutide in the SELECT study had a 20% lower risk of major cardiovascular events. - The landmark SELECT trial demonstrated that weekly semaglutide 2.4 mg reduces major cardiovascular events by 20% in people with obesity or overweight and established heart disease, even in those without diabetes.",challenges,0.95,"The element claims semaglutide prevents heart attacks in *everyone* who is overweight, whereas the passage specifies that the studied population also required established heart disease and being 45 years or older, meaning it does not encom…",Y,,error,,no response,,
t02_select/c1/e3/ev-fd76d4adfe6e,t02_select,The population in whom semaglutide prevents heart attacks encompasses everyone who is overweight.,disputed,challenges,Specifies that the SELECT trial population was restricted to adults with established cardiovascular disease and a BMI of at least 27 without diabetes.,happypharmacy.co.uk,https://happypharmacy.co.uk/blogs/wellbeing-and-pharmacy-updates/beyond-the-scales-how-wegovy-is-now-saving-hearts-and-what-it-means-for-you?srsltid=AfmBOopNM52Zm4fZTwLI5uK7zXUBMo32olarIEoYUxefpSlwjfd097Q6,commentary,"- The SELECT trial was a multinational, randomised, double-blind, placebo-controlled Phase 3 study involving 17,604 adults with established cardiovascular disease and a BMI of at least 27, but without diabetes. - The SELECT trial found that semaglutide reduced the risk of a first major adverse cardiovascular event by 20% compared to placebo. - Serious cardiovascular events occurred in 6.5% of participants receiving semaglutide versus 8.0% in the placebo group. - Under new NICE guidance in April 2026, semaglutide 2.4mg is recommended as a treatment option for adults in England with established cardiovascular disease and a BMI of 27 or above.",challenges,0.95,"The element claims the population encompasses everyone who is overweight, whereas the passage specifies the trial only involved adults with established cardiovascular disease and a BMI of at least 27, thereby restricting the population to …",Y,,error,,no response,,
t02_select/c1/e3/ev-b1f94c97f72f,t02_select,The population in whom semaglutide prevents heart attacks encompasses everyone who is overweight.,disputed,challenges,Reports that semaglutide's benefits were established specifically in individuals with established cardiovascular disease who are overweight or obese.,adameetingnews.org,https://www.adameetingnews.org/select-trial-demonstrates-semaglutide-benefits-beyond-reduction-of-cardiovascular-events/,reporting,"- The SELECT trial established semaglutide as effective in reducing cardiovascular events by 20% in people considered to be overweight or obese who have cardiovascular disease without diabetes. - The SELECT study included more than 17,000 people.",challenges,0.9,"The element claims the population encompasses everyone who is overweight, but the passage specifies the population is restricted to those who are overweight or obese *and* have cardiovascular disease without diabetes.",Y,,error,,no response,,
t03_creatine/c1/e1/ev-85114eadc75a,t03_creatine,The population consists of healthy adults.,supported,supports,Reviews randomized controlled trials specifically evaluating the cognitive effects of oral creatine administration in healthy individuals.,pmc.ncbi.nlm.nih.gov,https://pmc.ncbi.nlm.nih.gov/articles/PMC6093191/,primary,"- According to the systematic review, six studies involving 281 individuals met the inclusion criteria for examining oral creatine administration on cognitive function in healthy individuals. - According to the review, oral creatine administration may improve short-term memory and intelligence/reasoning of healthy individuals, but its effect on other cognitive domains remains unclear. - According to the review, performance on cognitive tasks stayed unchanged in young individuals, and vegetarians responded better than meat-eaters in memory tasks.",supports,1.0,The passage explicitly states that the studies examined oral creatine administration in healthy individuals.,Y,,error,,no response,,
t03_creatine/c1/e1/ev-93500d18d861,t03_creatine,The population consists of healthy adults.,supported,supports,Confirms that daily creatine supplementation is safe and beneficial for healthy individuals based on multi-year studies.,lovelifesupplements.co.uk,https://www.lovelifesupplements.co.uk/blogs/questions-and-answers/is-it-harmful-to-take-creatine-every-day,commentary,"- According to Love Life Supplements, taking creatine every day at a typical dose of 3 to 5 grams daily is generally considered safe and beneficial for most healthy individuals. - According to the source, long-term studies extending up to five years have consistently found no significant adverse health effects on kidney, liver, or other organ functions in healthy users.",supports,1.0,"The passage explicitly refers to ""healthy individuals"" and ""healthy users,"" which aligns with the element's population of healthy adults.",Y,,error,,no response,,
t03_creatine/c1/e1/ev-rec-e4_5_e138c89e,t03_creatine,The population consists of healthy adults.,supported,supports,"Indicates creatine supplements enhance cognitive function in older adults and people with dementia, matching the adult population.",verywellhealth.com,https://www.verywellhealth.com/can-creatine-boost-cognition-11987067,commentary,Early studies indicate that creatine supplements could enhance cognitive function in older adults and people with dementia or sleep deprivation.,challenges,1.0,"The passage specifies the population consists of older adults, people with dementia, or sleep deprivation, which contradicts the element that the population consists of healthy adults.",N,direction,neither,0.9,"The passage discusses older adults and individuals with dementia or sleep deprivation, rather than specifying a general population of healthy adults.",N,neither
t03_creatine/c1/e2/ev-89f3b48b21a4,t03_creatine,The intervention consists of taking 5g of creatine daily.,supported,supports,States that a daily dose of 5 grams per day is the standard and appropriate regimen for most people.,urmc.rochester.edu,https://www.urmc.rochester.edu/news/publications/health-matters/creatine-for-beginners-should-you-take-it,reporting,"- According to the University of Rochester Medicine, most people take a daily dose of 3 to 5 grams of creatine. - According to the source, a daily dose of 5 grams per day is appropriate for most people, while those weighing close to or above 200 pounds may benefit from 10 grams per day.",supports,1.0,The passage confirms that a daily dose of 5 grams of creatine is appropriate for most people.,Y,,error,,no response,,
t03_creatine/c1/e2/ev-c76be57f7d2d,t03_creatine,The intervention consists of taking 5g of creatine daily.,supported,supports,Documents clinical trial protocols utilizing a fixed daily dose of 5 grams of creatine in healthy adults.,pmc.ncbi.nlm.nih.gov,https://pmc.ncbi.nlm.nih.gov/articles/PMC12590749/,primary,"8 years): 132 weeks |no long-term serious adverse effects on kidney or liver functions |Carvalho et al. 2011, Brazil [17] | 12 23. 9 |Healthy adults | Loading: creatine 20 g/d for 7 days Group1: 0. 03 g/kg body weight once daily after training. Group 2: Fixed dose of 5 g creatine taken once daily after training",supports,1.0,The passage explicitly states that Group 2 took a fixed dose of 5 g of creatine daily after training.,Y,,supports,0.9,The passage explicitly describes an intervention group receiving a fixed dose of 5 g of creatine taken once daily.,Y,
t03_creatine/c1/e2/ev-8bac7286ae29,t03_creatine,The intervention consists of taking 5g of creatine daily.,supported,supports,Confirms that 5 grams per day is the standard daily dosage taken by individuals using creatine.,kumc.edu,https://www.kumc.edu/about/news/news-archive/creatine-alzheimers-research.html,reporting,"- According to a preliminary study conducted at the University of Kansas Medical Center, a pilot study indicated moderate improvements in cognitive function in people with dementia. - The standard dose people use to boost muscle strength and athletic performance is 5 grams per day. - For the University of Kansas Medical Center trial, 19 participants with Alzheimer’s disease ages 60-90 took 20 grams of creatine monohydrate every day for eight weeks.",challenges,0.95,"The passage states that the trial participants took 20 grams of creatine daily, which contradicts the element's claim of a 5g daily intervention.",N,direction,challenges,0.9,"The passage states that the trial intervention involved participants taking 20 grams of creatine daily, directly contradicting the 5g dose specified in the element.",N,direction
t03_creatine/c1/e3/ev-da9d283d375f,t03_creatine,Taking 5g of creatine daily acts as the cause that prevents dementia in healthy adults.,disputed,challenges,Reports that clinical guidelines do not recommend creatine as a preventive measure or specific treatment for dementia.,helpdementia.com,https://helpdementia.com/is-creatine-safe-for-older-adults-with-dementia/,commentary,"- A pilot clinical trial involving 20 patients with probable Alzheimer’s disease showed that taking 20 grams of creatine monohydrate daily for eight weeks led to a significant increase in handgrip strength, improving by an average of 1.9 kilograms (4.2 pounds) of force. - High doses of 20 grams per day for short periods are higher than typical doses used for general muscle health, which are often 3 to 5 grams daily. - According to clinical guidelines, creatine is not currently recommended as a specific treatment or preventive measure for dementia.",challenges,1.0,The passage explicitly states that clinical guidelines do not recommend creatine as a preventive measure for dementia.,Y,,error,,,,
t04_jwst/c1/e1/ev-13160ec05246,t04_jwst,The James Webb Space Telescope orbits the Earth every 90 minutes.,disputed,challenges,"States that Webb orbits the Sun 1.5 million kilometers away at the L2 point rather than orbiting Earth, noting that the 90-minute orbit applies to Hubble.",science.nasa.gov,https://science.nasa.gov/mission/webb/orbit/,primary,"- The James Webb Space Telescope is not in orbit around the Earth, like the Hubble Space Telescope is - it actually orbits the Sun, 1.5 million kilometers (1 million miles) away from the Earth at what is called the second Lagrange point or L2. - Unlike Hubble, which goes in and out of Earth shadow every 90 minutes, Webb has an unimpeded view that allows science operations 24/7.",challenges,1.0,"The passage explicitly states that the James Webb Space Telescope is not in orbit around the Earth, which directly contradicts the claim that it orbits the Earth every 90 minutes.",Y,,challenges,1.0,"The passage explicitly states that the James Webb Space Telescope is not in orbit around the Earth, but instead orbits the Sun.",Y,
t04_jwst/c1/e1/ev-41ff11e48baa,t04_jwst,The James Webb Space Telescope orbits the Earth every 90 minutes.,disputed,challenges,"Confirms Webb orbits the Sun 1.5 million kilometers from the Earth, contradicting the assertion that it orbits Earth.",science.nasa.gov,https://science.nasa.gov/mission/webb/,primary,"- Webb has a 5-layer sunshield that protects the telescope from the infrared radiation of the Sun, Earth, and Moon. - Webb's primary mirror is large, segmented, and gold-coated. - Webb orbits the Sun 1.5 million kilometers from the Earth.",challenges,1.0,"The passage states that Webb orbits the Sun 1.5 million kilometers from the Earth, which contradicts the claim that it orbits the Earth every 90 minutes.",Y,,challenges,0.95,"The passage states that Webb orbits the Sun 1.5 million kilometers from Earth, contradicting the claim that it orbits the Earth.",Y,
t04_jwst/c1/e1/ev-c956581d6b59,t04_jwst,The James Webb Space Telescope orbits the Earth every 90 minutes.,disputed,challenges,"Clarifies that the Hubble Space Telescope orbits the Earth every 90 minutes, not JWST.",attheu.utah.edu,https://attheu.utah.edu/facultystaff/watch-launch-of-biggest-most-powerful-telescope-ever/,reporting,"- JWST’s launch date is scheduled for Dec. 25. - The Hubble space telescope orbits the Earth just over 300 miles up, which means the planet sometimes blocks the telescope’s vision as it orbits the earth every 90 minutes.",challenges,1.0,"The passage states that the Hubble space telescope, not the James Webb Space Telescope, orbits the Earth every 90 minutes.",Y,,neither,0.95,The passage attributes the 90-minute Earth orbit,N,neither
t04_jwst/c1/e1/ev-d0bd1487cd5f,t04_jwst,The James Webb Space Telescope orbits the Earth every 90 minutes.,disputed,challenges,Notes that Hubble orbits Earth in shadow every 90 minutes while Webb operates with an unimpeded view.,reddit.com,https://www.reddit.com/r/jameswebb/comments/rxkach/why_doesnt_the_jwst_stay_in_the_earths_shadow/,commentary,"Unlike Hubble, which goes in and out of Earth shadow every 90 minutes, Webb will have an unimpeded view that will allow science operations 24/7",challenges,1.0,"The passage explicitly states that unlike Hubble, which orbits every 90 minutes, Webb will have a 24/7 view, thereby contradicting the claim that Webb orbits the Earth every 90 minutes.",Y,,challenges,0.95,"The passage states that unlike Hubble, which enters Earth's shadow every 90 minutes, Webb has an unimpeded view allowing continuous 24/7 operations, directly contrasting its orbit with Hubble's",Y,
t04_jwst/c1/e2/ev-be8a234081c1,t04_jwst,The James Webb Space Telescope has a 6.5-metre primary mirror.,supported,supports,Confirms directly that Webb's primary mirror measures 6.5 meters across.,science.nasa.gov,https://science.nasa.gov/mission/webb/webbs-mirrors/,primary,"- Webb's primary mirror is 6.5 meters (21 feet 4 inches) across. - Each of the primary mirror's 18 hexagonal-shaped mirror segments is 1.32 meters (4.3 feet) in diameter, flat to flat. - The primary mirror segments are made of beryllium. - Each mirror segment has a very thin coating of gold applied that is 1000 Angstroms (100 nanometers) in thickness.",supports,1.0,"The passage explicitly states that Webb's primary mirror is 6.5 meters across, which directly supports the element.",Y,,supports,0.98,The passage explicitly states that Webb's primary mirror is 6.5 meters across.,Y,
t04_jwst/c1/e2/ev-985384df10e7,t04_jwst,The James Webb Space Telescope has a 6.5-metre primary mirror.,supported,supports,States that the total diameter of Webb's primary mirror spans 6.5 metres.,esawebb.org,https://esawebb.org/about/general/mirrors/,primary,- The total diameter of Webb’s primary mirror spans 6.5 metres.,supports,1.0,The passage explicitly confirms that the total diameter of Webb's primary mirror spans 6.5 metres.,Y,,supports,1.0,The passage directly states that the total diameter of Webb's primary mirror is 6.5 metres.,Y,
t04_jwst/c1/e2/ev-dadb850b3c32,t04_jwst,The James Webb Space Telescope has a 6.5-metre primary mirror.,supported,supports,Documents that the JWST features a primary mirror measuring 6.5 meters across.,ebsco.com,https://www.ebsco.com/research-starters/engineering/james-webb-space-telescope-jwst,commentary,- The James Webb Space Telescope (JWST) is a space observatory launched by NASA in December 2021. - The JWST has a primary mirror measuring 21.3 feet (6.5 meters) across.,supports,1.0,The passage explicitly states that the JWST has a primary mirror measuring 6.5 meters across.,Y,,supports,1.0,The passage explicitly states that the James Webb Space Telescope has a primary mirror measuring 6.5 meters across.,Y,
t04_jwst/c1/e2/ev-c8d6d11875c5,t04_jwst,The James Webb Space Telescope has a 6.5-metre primary mirror.,supported,supports,States that JWST is equipped with a 6.5-meter mirror composed of 18 hexagonal segments.,planetary.org,https://www.planetary.org/space-missions/james-webb-space-telescope,commentary,"- NASA’s James Webb Space Telescope, JWST, is a multipurpose observatory launched in December 2021. - JWST’s 6.5-meter mirror consists of 18 hexagonal segments arranged like a honeycomb. - JWST is located at a special spot called L2, 1.5 million kilometers (932,000 miles) away.",supports,1.0,The passage explicitly states that the James Webb Space Telescope has a 6.5-meter mirror.,Y,,supports,1.0,The passage explicitly states that the James Webb Space Telescope has a 6.5-meter mirror.,Y,
t04_jwst/c1/e3/ev-f73c7d33784a,t04_jwst,The James Webb Space Telescope was launched in December 2021.,supported,supports,"Confirms the James Webb Space Telescope successfully launched on December 25, 2021.",stsci.edu,https://www.stsci.edu/jwst,commentary,"- The James Webb Space Telescope (JWST) successfully launched on December 25, 2021. - JWST began science operations in July 2022.",supports,1.0,"The passage explicitly states that the James Webb Space Telescope successfully launched on December 25, 2021, which directly confirms the claim.",Y,,supports,1.0,"The passage explicitly states that the James Webb Space Telescope was launched on December 25, 2021.",Y,
t04_jwst/c1/e3/ev-265c30d77216,t04_jwst,The James Webb Space Telescope was launched in December 2021.,supported,supports,States that the James Webb Space Telescope was launched in December 2021.,eoportal.org,https://www.eoportal.org/satellite-missions/jwst,reporting,"- The James Webb Space Telescope (JWST) was launched in December 2021. - JWST operates from the second Lagrange point (L2). - JWST features a large, 6.5-meter mirror.",supports,1.0,The passage explicitly states that the James Webb Space Telescope was launched in December 2021.,Y,,supports,1.0,The passage explicitly states that the James Webb Space Telescope was launched in December 2021.,Y,
t04_jwst/c1/e3/ev-992db65965fc,t04_jwst,The James Webb Space Telescope was launched in December 2021.,supported,supports,Confirms JWST was launched on 25 December 2021.,orbitalradar.com,https://orbitalradar.com/jwst-tracker,primary,- The James Webb Space Telescope (JWST) was launched on 25 December 2021. - JWST orbits the Sun in a halo orbit around the L2 point. - JWST's primary mirror spans 6.5 metres in diameter.,supports,1.0,"The passage explicitly states that the James Webb Space Telescope was launched on 25 December 2021, which directly confirms the element.",Y,,supports,1.0,The passage directly confirms that the James Webb Space Telescope was launched on 25 December 2021.,Y,
t05_bankrate_425/c1/e1/ev-160a4b154568,t05_bankrate_425,The Bank of England's Bank Rate is 4.25% as of 7 September 2026.,disputed,challenges,"States that as of 8 September 2026, the Bank of England's most recent decision was to hold the Bank Rate at 3.75%, contradicting the claimed 4.25%.",committees.parliament.uk,https://committees.parliament.uk/event/28071/formal-meeting-oral-evidence-session/,primary,"Members of the Bank of England’s ... Monetary Policy Report, and the MPC’s most recent decision to hold the Bank Rate at 3.75%....",challenges,1.0,"The passage states the Bank Rate is 3.75%, which directly contradicts the claim that it is 4.25%.",Y,,error,,no response,,
t05_bankrate_425/c1/e1/ev-25ce14b0c549,t05_bankrate_425,The Bank of England's Bank Rate is 4.25% as of 7 September 2026.,disputed,challenges,Reports that the Bank of England left its Bank Rate unchanged at 3.75% at its July meeting.,tradingeconomics.com,https://tradingeconomics.com/united-kingdom/interest-rate,primary,"The Bank of England left its Bank Rate unchanged at 3. 75% at its July meeting, with a 6-3 majority in favor of holding rates steady, while three policymakers preferred a 25-basis-point increase to 4. The decision reflects a balance between easing inflation and persistent risks from higher energy prices following recent tensions in the Middle East",challenges,1.0,"The passage states that the Bank Rate is 3.75%, which directly contradicts the claim that it is 4.25%.",Y,,neither,0.9,The passage discusses a July meeting where the Bank Rate was held at 3.75% without specifying the year or confirming the rate as of 7 September 2026.,N,neither
t05_bankrate_425/c1/e1/ev-cc21e2cb53da,t05_bankrate_425,The Bank of England's Bank Rate is 4.25% as of 7 September 2026.,disputed,challenges,The evidence states that as of September 2026 the Bank Rate has sat at 3.something percent rather than 4.25%.,valuq.co.uk,https://valuq.co.uk/insights/rate-rise-back-on-the-table-what-it-means-for-sellers-2026,commentary,"What it means for sellers Published 4 September 2026 · 6 min read · By Evren Ergin On 3 September 2026 the Bank of England's chief economist argued that Bank Rate should go up promptly rather than down. That does not change what your home is worth this week, but it does change how you read a buyer who tells you they are holding on for a cheaper mortgage. TL;DR - •The Bank of England's chief economist called for a prompt rise in Bank Rate on 3 September 2026, while the rate itself has sat at 3. - •Financial markets put the chance of a rise at the 17 September meeting at roughly 15%, and above 70% by November. - •A quarter point rise adds about £33 a month to a £220,000 repayment mortgage and cuts what the same monthly payment will borrow by around £5,200",challenges,1.0,"The passage explicitly states that the Bank Rate has sat at 3%, which contradicts the element's claim that the rate is 4.25%.",Y,,error,,no response,,
t06_sweden_focus/c1/e1/ev-0684329f93ca,t06_sweden_focus,Sweden chose not to impose a general lockdown during 2020-22.,supported,supports,States that Sweden never introduced a formal lockdown during the COVID-19 pandemic.,efta.int,https://www.efta.int/media-resources/news/covid-19-excess-mortality-selected-european-countries,primary,Sweden is an interesting case because the country never introduced a formal lockdown. Excess mortality peaked at 49.2 percent and remained high ...,supports,1.0,"The passage confirms that Sweden never introduced a formal lockdown, which directly supports the claim that the country chose not to impose a general lockdown.",Y,,supports,0.95,The passage directly supports the element by stating that Sweden never introduced a formal lockdown.,Y,
t06_sweden_focus/c1/e1/ev-3ebb1b81c81c,t06_sweden_focus,Sweden chose not to impose a general lockdown during 2020-22.,supported,supports,"Confirms that no mandatory lockdown was imposed on the Swedish population, unlike most of Europe.",ons.gov.uk,https://www.ons.gov.uk/peoplepopulationandcommunity/birthsdeathsandmarriages/deaths/articles/comparisonsofallcausemortalitybetweeneuropeancountriesandregions/januarytojune2020,primary,"France is close to the UK for two indicators, namely: ""gross value added/gross domestic product (GVA/GDP) per head (2019)"", and ""percentage of population in ""urban"" areas"" (Eurostat definition). Hungary is also close to the UK for two indicators, namely: ""percentage population aged over 65 years"" and ""percentage of elderly living in care homes"". Sweden was selected because of its governmental policy difference during the coronavirus pandemic where no mandatory lockdown was imposed upon the population, in stark contrast with most of Europe. The only Sweden indicator value close to the UK's is ""percentage of elderly in care homes"". |Nation State |Mortality Per 100,000 persons (2016) |Percentage Pop over 65 years |Percentage Urban Pop |Percentage Elderly in Care Homes |GDP/GVA Per head (2019) |Doctors per 1,000 pop (2018) |Ireland |n/a |14",supports,1.0,The passage explicitly states that Sweden was selected because no mandatory lockdown was imposed upon the population during the coronavirus pandemic.,Y,,supports,0.95,"The passage explicitly states that during the coronavirus pandemic, Sweden had a policy difference where no mandatory lockdown was imposed on the population.",Y,
t06_sweden_focus/c1/e1/ev-0ef47dcd1457,t06_sweden_focus,Sweden chose not to impose a general lockdown during 2020-22.,supported,supports,Reports that Sweden never enacted a lockdown involving severe movement restrictions or legally binding stay-at-home orders.,bbc.com,https://www.bbc.com/future/article/20250304-the-countries-that-never-locked-down-for-covid-19,reporting,"- Sweden, Taiwan, Uruguay, Iceland, and a few others never enacted a lockdown involving severe restrictions on the movement of people, such as legally binding stay-at-home orders. - According to Ingeborg Forthun, the four countries (Sweden, Norway, Denmark, and Finland) have a comparable number of excess deaths when accounting for differences in population sizes.",supports,1.0,"The passage explicitly states that Sweden never enacted a lockdown involving severe restrictions such as stay-at-home orders, which supports the claim that they chose not to impose a general lockdown.",Y,,supports,0.95,The passage explicitly states that Sweden never enacted a lockdown involving severe restrictions on the movement of people.,Y,
t06_sweden_focus/c1/e1/ev-aed744939436,t06_sweden_focus,Sweden chose not to impose a general lockdown during 2020-22.,supported,supports,Notes Sweden had a less invasive response with no general lockdown during the pandemic's early phase.,pmc.ncbi.nlm.nih.gov,https://pmc.ncbi.nlm.nih.gov/articles/PMC7537539/,primary,"- By September 1, 2020, 0.8% of Swedish residents had tested positive for the virus and 0.06% of the population had died. - Sweden's response was less invasive than many other countries, with no general lockdown during the first eight months. - By September 2020, 5,813 residents had died in Sweden, representing 0.06% of the total population. - The number of deaths from all causes in Sweden between March 1 and August 25 was 46,746, an excess mortality rate of 11% compared with the average death rate for 2015–2019.",supports,0.9,The passage explicitly states that Sweden had no general lockdown during the first eight months of the pandemic.,Y,,supports,0.85,The passage confirms that Sweden,Y,
t06_sweden_focus/c1/e3/ev-75dea36bffac,t06_sweden_focus,Sweden had lower excess mortality in 2020-22 than every other European country.,disputed,supports,Cites Eurostat data indicating Sweden had the lowest cumulative excess mortality increase in Europe for 2020–2022 at 4.4%.,gavinpublishers.com,https://www.gavinpublishers.com/article/view/covid19-policy-handling-the-case-of-sweden-lessons-in-effective-policymaking,primary,"By the end of 2022, data from Eurostat and other sources allowed a cumulative comparison of excess mortality across Europe’s pandemic experience. The results of this comparison confounded many experts. Sweden had the lowest cumulative excess mortality increase in Europe for 2020–2022 (Figure 1). According to figures compiled by Statistics Sweden and reported to Eurostat, Sweden’s total mortality in those three pandemic years was only about 4. 4% higher than in the immediately preceding years (adjusted for population size)",supports,1.0,The passage explicitly states that Sweden had the lowest cumulative excess mortality increase in Europe for 2020–2022.,Y,,error,,,,
t06_sweden_focus/c1/e3/ev-271cb07adc3a,t06_sweden_focus,Sweden had lower excess mortality in 2020-22 than every other European country.,disputed,challenges,"Reports Sweden's 2020–2022 excess mortality rate ranked 37th among 42 European countries, indicating several countries had lower excess mortality.",pmc.ncbi.nlm.nih.gov,https://pmc.ncbi.nlm.nih.gov/articles/PMC10399217/,primary,"- In Sweden, the excess mortality rate of 158/100,000 for the period 2020–2022 was among the lowest, ranked 37th among 42 European countries. - Sweden's cumulative excess all-cause mortality from January 2020 to December 2022 was 158 deaths per 100,000 inhabitants. - In 2020, the excess mortality in Sweden was estimated to be 85 per 100,000 inhabitants. - During the second and third years of the pandemic (2021–2022), Sweden had a comparatively low excess mortality figure of 69 per 100,000 inhabitants.",challenges,1.0,"The passage states that Sweden's excess mortality ranked 37th among 42 European countries, which directly contradicts the claim that it was lower than every other European country.",Y,,error,,no response,,
t06_sweden_focus/c1/e3/ev-011898bf80f3,t06_sweden_focus,Sweden had lower excess mortality in 2020-22 than every other European country.,disputed,challenges,Data showing Norway had lower or comparable cumulative excess mortality metrics over the 2020-2022 period contradicts the claim that Sweden had lower excess mortality than every other European country.,scienceinsights.org,https://scienceinsights.org/how-did-sweden-handle-covid-and-what-were-the-results/,commentary,"- Over the full three-year period from 2020 to 2022, Sweden saw 4.4% more deaths while Norway saw 5.0% more deaths compared to the 2017 to 2019 baseline. - Sixty percent of Sweden’s excess deaths over the entire 2020 to 2022 period occurred in the first year of 2020. - Norway had zero percent of its excess mortality in 2020, with nearly all of it arriving later in 2021 and 2022.",challenges,1.0,"The passage states that Norway had 5.0% more deaths while Sweden had 4.4% more deaths, which directly contradicts the claim that Sweden had lower excess mortality than every other European country.",Y,,error,,no response,,
t07_sqlite_busy/c1/e1/ev-a8d822787cc9,t07_sqlite_busy,"In SQLite using write-ahead logging, readers never block writers.",supported,supports,States that WAL mode allows readers to access a consistent snapshot without blocking writers.,photostructure.com,https://photostructure.com/coding/how-to-vacuum-sqlite/,commentary,"- In WAL mode, SQLite does not write directly to the main database file, but instead writes changes to a separate Write-Ahead Log (WAL) file. - VACUUM executes as a single atomic transaction that cannot be interrupted. - When VACUUM is run in WAL mode, the entire rebuilt database gets written to the WAL file. - Auto-checkpoint triggers after VACUUM completes in PASSIVE mode. - In WAL mode, SQLite optimizes for concurrent reads, allowing readers to access a consistent snapshot without blocking writers.",supports,1.0,"The passage explicitly states that in WAL mode, SQLite allows readers to access a consistent snapshot without blocking writers.",Y,,supports,1.0,"The passage explicitly states that in WAL mode, readers can access a consistent snapshot without blocking writers.",Y,
t07_sqlite_busy/c1/e1/ev-4c0379fc2c14,t07_sqlite_busy,"In SQLite using write-ahead logging, readers never block writers.",supported,supports,Confirms that writers append changes to the WAL and that WAL mode allows readers to operate simultaneously with a writer.,tenthousandmeters.com,https://tenthousandmeters.com/blog/sqlite-concurrent-writes-and-database-is-locked-errors/,commentary,"- SQLite handles concurrent writes with a global write lock allowing only one writer at a time. - Both rollback mode and WAL mode allow multiple parallel readers and both allow one writer at a time. - WAL mode supports having readers simultaneously with a writer, while in rollback mode, writers and readers block each other. - In WAL mode, every read transaction is associated with a point in the WAL called the end mark. - Writers do not interfere with readers because they simply append changes to the WAL. - If a write transaction makes the WAL grow above 1000 pages, that transaction performs checkpointing. - A write transaction holds the lock and blocks other writes during the entire write transaction duration.",supports,1.0,The passage explicitly states that WAL mode supports having readers simultaneously with a writer and that writers do not interfere with readers.,Y,,supports,0.9,"The passage states that WAL mode supports having readers simultaneously with a writer, in",Y,
t07_sqlite_busy/c1/e1/ev-rec-e1_1_4c6a0432,t07_sqlite_busy,"In SQLite using write-ahead logging, readers never block writers.",supported,supports,States that long-running readers do not make writers wait in SQLite WAL mode.,coddy.tech,https://coddy.tech/docs/sqlite/wal-mode-and-concurrency,primary,"- Long-running readers (analytics queries, exports) don't make writers wait. If two connections both try to write at the same time, the second one gets SQLITE_BUSY. The fix is usually a sensible busy timeout - tell SQLite to wait a bit before giving up: busy_timeout=5000 means ""if a lock is held, wait up to 5 seconds for it before raising an error. "" Combined with WAL, this handles the contention most apps actually face. The BEGIN IMMEDIATE form takes the write lock at transaction start instead",supports,1.0,"The passage explicitly states that long-running readers do not make writers wait when using WAL, which directly aligns with the claim that readers never block writers.",Y,,supports,0.95,"The passage confirms that in SQLite, long-running readers do not make writers wait when combined with WAL.",Y,
t07_sqlite_busy/c1/e1/ev-rec-e1_6_68c9a206,t07_sqlite_busy,"In SQLite using write-ahead logging, readers never block writers.",supported,supports,Explicitly confirms that in WAL mode readers no longer block the writer.,bytebase.com,https://www.bytebase.com/blog/write-ahead-logging/,commentary,"The reason to flip the switch is concurrency, not durability: in WAL mode readers no longer block the writer and the writer no longer blocks readers, which is ...",supports,1.0,"The passage explicitly states that in WAL mode, readers no longer block the writer, which directly aligns with the element.",Y,,supports,0.95,"The passage explicitly states that in WAL mode, readers no longer block the writer.",Y,
t07_sqlite_busy/c1/e2/ev-4c0379fc2c14,t07_sqlite_busy,Readers never blocking writers in SQLite write-ahead logging directly causes SQLITE_BUSY errors not to occur.,disputed,challenges,"Explains that SQLite allows only one writer at a time and a write transaction blocks other writes, meaning lock contention and busy errors still occur.",tenthousandmeters.com,https://tenthousandmeters.com/blog/sqlite-concurrent-writes-and-database-is-locked-errors/,commentary,"- SQLite handles concurrent writes with a global write lock allowing only one writer at a time. - Both rollback mode and WAL mode allow multiple parallel readers and both allow one writer at a time. - WAL mode supports having readers simultaneously with a writer, while in rollback mode, writers and readers block each other. - In WAL mode, every read transaction is associated with a point in the WAL called the end mark. - Writers do not interfere with readers because they simply append changes to the WAL. - If a write transaction makes the WAL grow above 1000 pages, that transaction performs checkpointing. - A write transaction holds the lock and blocks other writes during the entire write transaction duration.",neither,1.0,"The passage discusses readers and writers in WAL mode and locking behavior, but it does not mention SQLITE_BUSY errors or whether readers never blocking writers directly causes them not to occur.",N,neither,neither,0.95,"The passage discusses how WAL mode handles concurrent readers and writers, but it makes no mention of SQLITE_BUSY errors.",N,neither
t07_sqlite_busy/c1/e2/ev-rpf-0_2,t07_sqlite_busy,Readers never blocking writers in SQLite write-ahead logging directly causes SQLITE_BUSY errors not to occur.,disputed,challenges,Shows that database locked errors still occur under WAL mode and require additional mitigations like setting busy timeouts and shortening transactions.,builder.ai2sql.io,https://builder.ai2sql.io/blog/sqlite-error-database-is-locked,commentary,How to Fix It · Step 1: Enable WAL mode · Step 2: Set busy timeout · Step 3: Keep transactions short · Step 4: Remove stale lock files.,neither,1.0,"The passage lists steps to fix SQLite issues including WAL mode, but does not mention whether readers blocking writers directly prevents SQLITE_BUSY errors.",N,neither,neither,0.95,"The passage merely lists steps to fix an unspecified issue, without explaining how WAL mode or reader-writer blocking affects SQLITE_BUSY errors.",N,neither
t07_sqlite_busy/c1/e2/ev-rec-e1_1_4c6a0432,t07_sqlite_busy,Readers never blocking writers in SQLite write-ahead logging directly causes SQLITE_BUSY errors not to occur.,disputed,challenges,"States that if two connections try to write at the same time, the second one still gets SQLITE_BUSY, showing WAL does not prevent all SQLITE_BUSY errors.",coddy.tech,https://coddy.tech/docs/sqlite/wal-mode-and-concurrency,primary,"- Long-running readers (analytics queries, exports) don't make writers wait. If two connections both try to write at the same time, the second one gets SQLITE_BUSY. The fix is usually a sensible busy timeout - tell SQLite to wait a bit before giving up: busy_timeout=5000 means ""if a lock is held, wait up to 5 seconds for it before raising an error. "" Combined with WAL, this handles the contention most apps actually face. The BEGIN IMMEDIATE form takes the write lock at transaction start instead",challenges,1.0,"The passage states that even with WAL mode, concurrent writes still result in SQLITE_BUSY errors, directly contradicting the claim that readers not blocking writers prevents these errors entirely.",Y,,challenges,0.9,"The passage states that SQLITE_BUSY errors still occur when two connections attempt to write at the same time, contradicting the claim that they do not occur.",Y,
t07_sqlite_busy/c1/e2/ev-rec-e1_1_339c7cc6,t07_sqlite_busy,Readers never blocking writers in SQLite write-ahead logging directly causes SQLITE_BUSY errors not to occur.,disputed,challenges,Notes that SQLite database locked errors can still occur even when using WAL mode.,hynek.me,https://hynek.me/til/sqlite-read-only-wal-locked/,commentary,"Locked SQLite database errors aren’t just for writers. A lot of online ink has been spilled over the infamous SQLite error: Cannot prepare SQLite statement: database is locked The usual advice goes something like this: - Use WAL mode, - have a non-zero busy timeout, - use BEGIN IMMEDIATEfor transactions that will write. And this advice is correct for the typical workload of a web application that has long-lived database connections1",neither,1.0,"The passage mentions WAL mode as advice for database errors, but it does not discuss whether readers blocking writers directly causes SQLITE_BUSY errors not to occur.",N,neither,error,,,,
t08_ev/c1/e1/ev-7847753c9c44,t08_ev,How do the greenhouse gas emissions produced during the manufacturing of electric cars compare to those of petrol cars?,supported,supports,Reports that EV manufacturing creates over 10 metric tons of CO2 compared to approximately 6 metric tons for a conventional gasoline sedan.,recurrentauto.com,https://www.recurrentauto.com/research/just-how-dirty-is-your-ev,commentary,"- According to recurrentauto.com, manufacturing an EV creates more than 10 metric tons of carbon dioxide emissions compared to about six metric tons for an average gas-powered sedan. - According to recurrentauto.com, electric cars produce zero tailpipe emissions when they are used. - According to recurrentauto.com, a gas car produces about 46 metric tons of CO2 over its entire lifetime, assuming 11,000 miles a year and a 12-year life. - According to recurrentauto.com, it takes about 1.4 to 1.9 years for electric vehicles to catch up and start surpassing gas fueled cars when it comes to lifetime reduction in emissions. - According to recurrentauto.com, a new gasoline car will produce an average of 410 grams of carbon dioxide per mile over the course of its life, while a new electric car will produce only 110 grams.",supports,1.0,The passage provides specific comparison data showing that manufacturing an EV creates more carbon dioxide emissions than manufacturing a gas-powered sedan.,Y,,supports,0.95,The passage directly compares the manufacturing emissions of electric vehicles (more than 10 metric tons of CO2) to those of gas-powered sedans (about six metric tons).,Y,
t08_ev/c1/e1/ev-58c1f0d5d0af,t08_ev,How do the greenhouse gas emissions produced during the manufacturing of electric cars compare to those of petrol cars?,supported,supports,States that EV production produces approximately 50% to 70% more greenhouse gas emissions than gasoline vehicle manufacturing.,reddit.com,https://www.reddit.com/r/electricvehicles/comments/189dk4x/debunking_the_myth_of_ev_mfg_creating_more/,commentary,"""EV production generates approximately 50-70% more emissions than gas vehicle manufacturing, primarily due to battery production",supports,1.0,The passage directly answers the question by stating that EV production generates 50-70% more emissions than gas vehicle manufacturing.,Y,,error,,no response,,
t08_ev/c1/e1/ev-rec-e1_1_6e4ef01c,t08_ev,How do the greenhouse gas emissions produced during the manufacturing of electric cars compare to those of petrol cars?,supported,supports,"States that producing an electric car emits more greenhouse gases (CO2e) than an equivalent ICE car, directly answering how manufacturing emissions compare.",carbone4.com,https://carbone4.com/en/analysis-faq-electric-vehicles,commentary,"Producing an electric car emits more greenhouse gases (CO₂e) than an equivalent ICE car (Internal Combustion Engine), mainly due to the manufacturing of ...",supports,1.0,The passage directly answers the question by stating that producing an electric car emits more greenhouse gases than an equivalent ICE petrol car.,Y,,supports,0.95,The passage directly answers the comparison by stating that producing an electric car emits more greenhouse,Y,
t08_ev/c1/e2/ev-0205b0fdd8ff,t08_ev,What do lifecycle analyses show regarding the total carbon footprint of electric cars versus petrol cars under current electricity generation mixes?,supported,supports,Confirms electric vehicles release fewer lifecycle greenhouse gas emissions than internal combustion engine vehicles even when accounting for battery production.,factcheck.org,https://www.factcheck.org/2024/02/electric-vehicles-contribute-fewer-emissions-than-gasoline-powered-cars-over-their-lifetimes/,reporting,"Q: Are electric cars really better for the environment than gasoline-powered cars over their lifetimes? A: Yes. Electric vehicles typically release fewer greenhouse gas emissions than internal combustion engine vehicles during their life cycles, even after accounting for the increased energy required to make their batteries. And their carbon footprints are expected to get smaller in the near future. FULL QUESTION Hi. I have been sent this facebook post regarding Electric car battery information which does not seem factual to me but I would like to know for sure. FULL ANSWER After seeing various versions of a viral post on social media that plays up the environmental costs of electric vehicles, readers have been asking us if EVs are really better for the environment than conventional gasoline-powered cars. The post, which includes false and misleading claims, shares a photo of a Tesla car battery and is accompanied by a long caption highlighting the minerals and energy needed to manufacture the battery — ultimately claiming that EVs take a full seven years to begin lowering carbon emissions compared with a conventional car. The production and use of all kinds of vehicles and fuels have environmental costs. Large amounts of raw minerals and other materials have to be extracted, manufactured and transported globally to make automobile bodies, engines, batteries and other components. Then the vehicles need to run — either on fuels such as gasoline or diesel, which also need to be extracted, refined, produced and distributed, or on electricity, which is generated from fossil fuels, nuclear power or renewables. And when vehicles no longer work, materials need to be recycled or disposed of. At each of these stages, vehicles are responsible for producing heat-trapping gases, known as greenhouse gases, that contribute to climate change. The total emissions across a vehicle’s lifetime are called life cycle or cradle-to-grave emissions. The transportation sector had the",supports,0.9,The passage states that electric vehicles typically release fewer greenhouse gas emissions than internal combustion engine vehicles during their life cycles.,Y,,supports,0.9,The passage directly addresses the question by stating that electric vehicles typically produce fewer greenhouse gas emissions across their life cycles compared to gasoline-powered cars.,Y,
t08_ev/c1/e2/ev-a1ddf3b6ddec,t08_ev,What do lifecycle analyses show regarding the total carbon footprint of electric cars versus petrol cars under current electricity generation mixes?,supported,supports,"Finds an MIT study showing battery EVs cut lifecycle emissions by approximately 40% across the US, maintaining parity even on coal-heavy grids.",green.org,https://green.org/transportation/mit-just-proved-evs-are-cleaner-than-petrol-cars-everywhere-even-on-coal/,commentary,"- According to an MIT study published in Environmental Research Letters, a battery electric vehicle cuts lifecycle emissions by around 40% compared to an equivalent petrol car in most locations across the United States. - The MIT study found that even on the most carbon-intensive, coal-heavy grid in the entire United States, battery EVs do not increase lifecycle emissions compared to combustion vehicles. - According to the MIT study, an EV’s efficiency can drop by as much as 40% on a genuinely freezing night in places like North Dakota, but across a full year of driving, the effect on overall emissions benefits remains surprisingly small. - Wind and solar hit a record 20% of US electricity generation in 2025, according to the article. - In Australia, renewables supplied over 43% of the main grid last year, and crossed 50% in the final quarter of 2025, according to the article.",supports,1.0,The passage provides lifecycle analysis findings from an MIT study showing that electric vehicles cut lifecycle emissions compared to petrol cars across the United States under current electricity generation mixes.,Y,,supports,0.95,The passage directly cites an MIT lifecycle analysis showing that battery electric vehicles,Y,
t08_ev/c1/e2/ev-b63697895389,t08_ev,What do lifecycle analyses show regarding the total carbon footprint of electric cars versus petrol cars under current electricity generation mixes?,supported,supports,Reports MIT modeling showing battery-electric vehicles maintain an overall lifecycle pollution advantage over gas and diesel vehicles across various grid profiles.,thecooldown.com,https://www.thecooldown.com/green-tech/mit-study-evs-cleaner-than-petrol-cars/,reporting,"- According to a study from the Massachusetts Institute of Technology summarized by The Electric Viking, battery-electric cars produce less life-cycle pollution than petrol and diesel models, including in areas where grids depend heavily on coal. - According to the MIT modeling presented in the video, electric drivetrains preserve their pollution advantage over gas cars even when charging on a relatively dirty grid due to the efficiency of electric motors.",supports,1.0,"The passage provides lifecycle analysis findings showing that electric cars produce less total pollution than petrol cars, even on coal-dependent or dirty grids.",Y,,error,,,,
t08_ev/c1/e2/ev-edf2c81bddbf,t08_ev,What do lifecycle analyses show regarding the total carbon footprint of electric cars versus petrol cars under current electricity generation mixes?,supported,supports,States EPA findings that electric vehicles have a smaller carbon footprint than gasoline cars when accounting for grid charging emissions.,epa.gov,https://www.epa.gov/greenvehicles/electric-vehicle-myths,primary,"- According to the EPA, electric vehicles typically have a smaller carbon footprint than gasoline cars, even when accounting for the electricity used for charging. - According to the EPA, electric vehicles use approximately 87%–91% of the energy from the battery and regenerative braking to propel the vehicle, whereas gasoline vehicles only convert about 16%–25% of the energy from gasoline into movement. - According to recent data of about 15,000 vehicles from early models through model year 2023, EV battery replacements due to failure have been rare at an average of 2.5%, and for models made from 2016 onward the failure rate falls to under 0.5% (excluding major recalls). - According to the U.S. Energy Information Agency, EV charging consumed less electricity than water heating and air conditioning in a typical U.S. household in 2020.",supports,0.9,"The passage provides evidence from the EPA showing that electric vehicles typically have a smaller carbon footprint than gasoline cars, which directly addresses the lifecycle analysis comparison inquired about.",Y,,error,,no response,,
t08_ev/c1/e2/ev-2c86c0df9d6f,t08_ev,What do lifecycle analyses show regarding the total carbon footprint of electric cars versus petrol cars under current electricity generation mixes?,supported,supports,Shows European Union lifecycle emissions for BEVs are 73% lower than gasoline ICEVs under average EU grid mixes.,theicct.org,https://theicct.org/publication/electric-cars-life-cycle-analysis-emissions-europe-jul25/,primary,"- According to the International Council on Clean Transportation (ICCT) 2025 update, life-cycle greenhouse gas emissions of battery electric cars in the European Union are 73% lower than gasoline cars, and up to 78% lower when using only renewable electricity. - According to the ICCT report, hybrid and plug-in hybrid vehicles have 20% and 30% lower life-cycle emissions respectively compared to gasoline ICEVs. - According to the ICCT report, BEVs operating on the projected 2025–2044 average EU electricity mix had estimated life-cycle GHG emissions of 63 g CO2e/km, compared to 235 g CO2e/km for gasoline ICEVs. - According to the ICCT, although BEVs have about 40% higher production emissions than ICEVs due to battery manufacturing, these additional emissions are more than offset after about 17,000 km of use in the first one or two years.",supports,1.0,The passage provides lifecycle analysis data from the ICCT showing that battery electric cars have significantly lower greenhouse gas emissions compared to gasoline cars under current and projected EU electricity mixes.,Y,,supports,0.95,The passage provides specific findings from an ICCT lifecycle analysis showing that battery electric vehicles produce substantially lower emissions (73% lower) than gasoline vehicles under the EU electricity mix.,Y,
t08_ev/c1/e2/ev-1fdbafd4debe,t08_ev,What do lifecycle analyses show regarding the total carbon footprint of electric cars versus petrol cars under current electricity generation mixes?,supported,supports,Cites research in PLOS Climate showing BEVs result in lower cumulative CO2 emissions than ICE vehicles after two years of operation.,eurekalert.org,https://www.eurekalert.org/news-releases/1102315,reporting,"- According to a study published in PLOS Climate by Pankaj Sadavarte and colleagues, lithium-ion battery electric vehicles (BEVs) result in a reduction in cumulative carbon dioxide emissions compared to fossil-based internal combustion engine vehicles after two years of use. - According to the study, the transportation sector accounts for 28% of US greenhouse gas emissions. - The study concluded that during the first two years of operation, electric vehicles produce 30% higher CO₂ emissions than gasoline vehicles when all lifecycle factors are considered. - According to co-author Dr. Drew Shindell, internal combustion vehicles lead to about 2 to 3 times more damage than EVs when considering both climate and air quality, while the text elsewhere notes the economic value of environmental damage from ICE vehicles ranges from 2 to 3.5 times that of BEVs over their lifetime.",supports,1.0,The passage provides lifecycle analysis findings from a study showing that electric vehicles result in reduced cumulative carbon dioxide emissions compared to petrol cars after two years of use.,Y,,supports,,,Y,
t08_ev/c1/e2/ev-dc484dd941b7,t08_ev,What do lifecycle analyses show regarding the total carbon footprint of electric cars versus petrol cars under current electricity generation mixes?,supported,supports,Finds MIT research showing 40% to 60% lower lifecycle emissions for BEVs across vehicle classes in the US.,aol.com,https://www.aol.com/articles/evs-vs-gas-mits-definitive-172310000.html,reporting,"- MIT researchers modeled 2025 model-year ICE vehicles, plug-in hybrids, and BEVs across four broad classes: cars, crossovers, SUVs, and pickup trucks. - The model assumed a 15-year vehicle life and involved a lifecycle assessment covering both the fuel cycle and the vehicle cycle. - Battery Electric Vehicles (BEVs) produce 40% to 60% fewer life-cycle greenhouse gas emissions than comparable ICE vehicles in most parts of the US. - Modeled reductions ranged from effectively zero to 82%, or as much as 4,700 kg (10,361 lbs) of carbon dioxide equivalent emissions per vehicle annually. - Even using the most carbon-intensive electricity mix, EVs do not increase lifecycle greenhouse gas emissions compared to combustion vehicles.",supports,1.0,The passage provides lifecycle analysis findings showing that electric vehicles produce significantly fewer greenhouse gas emissions compared to internal combustion engine vehicles.,Y,,supports,0.95,The passage provides lifecycle assessment findings showing that battery electric vehicles produce 40% to 60% fewer lifecycle greenhouse gas emissions than comparable internal combustion engine vehicles across various electricity grid mixes.,Y,
t08_ev/c1/e2/ev-4a4293b46ec7,t08_ev,What do lifecycle analyses show regarding the total carbon footprint of electric cars versus petrol cars under current electricity generation mixes?,supported,supports,Summarizes MIT study findings that EVs achieve 40% to 60% lower lifecycle emissions compared to internal combustion vehicles.,autoguide.com,https://www.autoguide.com/auto/category/electric-cars/mit-study-finds-that-evs-are-in-fact-cleaner-than-gas-counterparts-44636968,reporting,- The MIT-led research indicates that EVs have 40 to 60 percent lower emissions than their fully internal-combustion-powered counterparts. - MIT's study focuses on greenhouse gases over the lifecycle of a vehicle.,supports,1.0,The passage provides lifecycle analysis results showing that electric vehicles have significantly lower greenhouse gas emissions compared to internal-combustion cars.,Y,,error,,no response,,
t08_ev/c1/e2/ev-f171093e20fa,t08_ev,What do lifecycle analyses show regarding the total carbon footprint of electric cars versus petrol cars under current electricity generation mixes?,supported,supports,Notes Science research indicating EV replacement reduces emissions by 58% over 16 years with carbon payback in approximately three years.,thenextweb.com,https://thenextweb.com/news/science-study-retire-petrol-car-early-ev-emissions,reporting,"- Research published in Science finds that scrapping a petrol car in its first year and replacing it with a battery electric vehicle cuts emissions by 58% over 16 years, with carbon payback in about three years. - Carbon payback takes about three years, which is how long an electric car’s lower driving emissions need to cancel out the emissions of building it, including the battery. - The researchers found a reduction in 92% of modelled scenarios. - Electric cars in Europe have been measured as roughly three times cleaner than petrol equivalents on the continent’s generation mix.",supports,0.9,The passage provides findings from lifecycle analyses showing that electric cars have significantly lower total carbon emissions and payback periods compared to petrol cars.,Y,,error,,,,
t08_ev/c1/e2/ev-ffd9c7e8bd93,t08_ev,What do lifecycle analyses show regarding the total carbon footprint of electric cars versus petrol cars under current electricity generation mixes?,supported,supports,Reports data showing European EVs emit more than three times less CO2 on average than comparable petrol vehicles.,transportenvironment.org,https://www.transportenvironment.org/topics/cars/are-electric-cars-cleaner,primary,"- Electric cars in Europe emit, on average, more than 3 times less CO2 than equivalent petrol cars. - In the best case scenario, an electric car with a battery produced in Sweden and driven in Sweden can emit 83% less than an equivalent petrol car. - In the worst case scenario, an electric car with a battery produced in China and driven in Poland still emits 37% less CO2 than petrol.",supports,1.0,"The passage provides lifecycle emissions data showing that electric cars emit significantly less CO2 than petrol cars under various conditions, which directly answers and supports what lifecycle analyses show regarding their total carbon f…",Y,,error,,,,
t08_ev/c1/e2/ev-c1ac0356bdd8,t08_ev,What do lifecycle analyses show regarding the total carbon footprint of electric cars versus petrol cars under current electricity generation mixes?,supported,supports,Reports findings from Nature showing a 59% lifecycle emissions reduction from electrifying light vehicles in the US.,nature.com,https://www.nature.com/articles/s44458-025-00032-4,primary,"- According to nature.com, battery electric vehicles reduce greenhouse gases relative to comparable internal combustion vehicles, including hybrids, under all modeled scenarios. - According to nature.com, electrifying all light vehicles sold in 2023 leads to a 59% reduction in life cycle emissions for those vehicles. - According to nature.com, the transportation sector accounts for nearly 30% of annual greenhouse gas emissions in the United States, with light-duty vehicles contributing the majority. - According to nature.com, more than 1.5 million EVs were sold in the US in 2024, representing a 7% increase compared to 2023.",supports,1.0,The passage reports that lifecycle analyses according to nature.com show electric vehicles reduce greenhouse gas emissions relative to petrol cars under all modeled scenarios.,Y,,supports,0.95,The passage directly provides findings from lifecycle analyses showing that battery electric vehicles reduce greenhouse gas emissions by 59% compared to internal combustion vehicles under modeled scenarios.,Y,
t08_ev/c1/e2/ev-473ababa48b4,t08_ev,What do lifecycle analyses show regarding the total carbon footprint of electric cars versus petrol cars under current electricity generation mixes?,supported,supports,Cites IEA analysis indicating medium BEVs have about half the lifecycle emissions of equivalent ICEVs globally.,iea.org,https://www.iea.org/reports/global-ev-outlook-2024/outlook-for-emissions-reductions,primary,"- According to iea.org, government electrification ambitions would avoid 2 Gt CO2 in 2035 on a well-to-wheels basis. - According to iea.org, globally, the lifecycle emissions of a medium-size battery electric car sold in 2023 are about half of those of an equivalent ICEV running on oil-based fuels over 15 years of operation or around 200,000 km. - According to iea.org, a medium-size battery electric car's lifecycle emissions are more than 40% lower than an equivalent HEV and about 30% lower than a PHEV over 15 years of operation in the STEPS. - According to iea.org, an ICE car purchased in 2035 produces almost two-and-a-half times the emissions of a battery electric car in the STEPS, and over three times as many in the APS, over the vehicle lifetime.",supports,1.0,The passage provides lifecycle analysis data from the IEA showing that the carbon footprint of electric cars is about half that of petrol cars.,Y,,supports,0.95,,Y,
t08_ev/c1/e2/ev-0c3065c97c53,t08_ev,What do lifecycle analyses show regarding the total carbon footprint of electric cars versus petrol cars under current electricity generation mixes?,supported,supports,Reports Duke University study conclusions that BEVs achieve net carbon savings over petrol cars after two years of use.,innovationnewsnetwork.com,https://www.innovationnewsnetwork.com/the-truth-about-ev-lifecycle-emissions-revealed/63153/,reporting,"- According to innovationnewsnetwork.com, battery-electric vehicles begin to outperform traditional gasoline-powered cars in terms of lifecycle emissions after just two years of use, based on research published by scientists at Duke University. - According to innovationnewsnetwork.com, during their first two years, BEVs generate about 30% more CO2 emissions than their gasoline counterparts when the entire production and use cycle is considered. - According to innovationnewsnetwork.com, once an electric car has been driven for two years, it starts to deliver net carbon savings. - According to innovationnewsnetwork.com, the lifetime environmental cost of gasoline cars was estimated to be two to three-and-a-half times higher than that of BEVs when both climate change and air quality damage were monetised.",supports,1.0,The passage provides specific lifecycle analysis findings showing that electric vehicles achieve a lower carbon footprint and deliver net carbon savings after two years of use compared to petrol cars.,Y,,supports,0.9,The passage provides lifecycle emissions,Y,
t08_ev/c1/e2/ev-0db660146e1f,t08_ev,What do lifecycle analyses show regarding the total carbon footprint of electric cars versus petrol cars under current electricity generation mixes?,supported,supports,Confirms fact check findings that electric vehicles emit less total carbon over their lifetime than gasoline vehicles.,usatoday.com,https://www.usatoday.com/story/news/factcheck/2022/06/09/fact-check-electric-vehicles-emit-less-carbon-over-life-than-gas-cars/9900644002/,reporting,"Fact check: Lifetime carbon emissions lower for electric vehicles than gas-powered cars The claim: Volvo data says it takes a decade for electric vehicles to become 'carbon neutral' The automaker Volvo has committed to selling 100% electric cars by 2030 to slash carbon emissions, the company announced in March 2021. However, a meme circulating on social media claims that the CO2 emissions from electric vehicle manufacturing significantly limits the benefits of the technology for emissions reductions. ""But then Volvo comes out with data ... that electric cars take a decade to become carbon neutral from there (sic) production pollution,"" reads the May 16 Facebook meme. The meme garnered nearly 500 interactions in two days. But the claim is misleading. Electric cars don't become ""carbon neutral,"" since they emit carbon during manufacturing and use – if charged from a grid powered by fossil fuels. ""Carbon neutral"" refers to entities that absorb or otherwise offset their emissions, which isn't the case here. However, after a certain amount of miles powered by a lower-carbon fuel, EVs ""break even"" with traditional vehicles in terms of carbon emissions. After that time, they produce much less carbon, which results in lower emissions over their lifetime. The amount of time required for an EV to break even depends on the vehicle model, driving habits and the energy mix used to charge the EV. USA TODAY reached out to the Facebook user who shared the post for comment.",supports,0.9,"The passage states that lifetime carbon emissions are lower for electric vehicles compared to gas-powered cars, addressing lifecycle analyses regarding total carbon footprints.",Y,,error,,no response,,
t08_ev/c1/e2/ev-14e76bbf6523,t08_ev,What do lifecycle analyses show regarding the total carbon footprint of electric cars versus petrol cars under current electricity generation mixes?,supported,supports,Reports that BEVs yield net CO2 reductions compared to internal combustion engines after two years.,reddit.com,https://www.reddit.com/r/science/comments/1ojeb7v/electric_vehicles_outperform_gasoline_cars_in/,commentary,"After two years of use, lithium-ion battery electric vehicles (BEVs) result in a reduction in cumulative carbon dioxide (CO₂) emissions compared to fossil-based",supports,0.9,The passage provides evidence from a lifecycle perspective that battery electric vehicles reduce cumulative CO2 emissions compared to fossil-based cars after two years of use.,Y,,error,,no response,,
t08_ev/c1/e2/ev-dff39aafd705,t08_ev,What do lifecycle analyses show regarding the total carbon footprint of electric cars versus petrol cars under current electricity generation mixes?,supported,supports,"Compares annual operational emissions of 2,000 kg CO2 for EVs on fossil grids versus 4,600 kg CO2 for petrol vehicles.",techoble.com,https://techoble.com/electric-vehicles-vs-gasoline-cars/,commentary,"- According to techoble.com, battery manufacturing for EVs can emit 40-50% of an EV's total lifetime emissions due to heavy mining and refinement. - According to techoble.com, EVs convert over 85% of electrical energy into movement. - According to techoble.com, gasoline engines are only about 30% efficient, with most energy lost to heat. - According to techoble.com, EVs can produce around 2,000 kg CO2 annually if charged on a grid powered by fossil fuels, whereas emissions drop to nearly zero with renewable energy. - According to techoble.com, a typical gasoline car emits around 4,600 kg of CO2 annually from fuel alone.",neither,0.9,"The passage discusses individual statistics like battery manufacturing emissions and annual operational emissions, but it does not provide a comprehensive lifecycle analysis comparing the total carbon footprint of electric versus petrol ca…",N,neither,error,,,,
t08_ev/c1/e3/ev-2fbd4e4deaaf,t08_ev,How do the particulate matter and other non-exhaust emissions from electric cars compare to those from petrol cars?,supported,supports,Details that BEVs may produce more tire wear due to heavier weight but reduce brake wear particles by up to 90% via regenerative braking.,elib.dlr.de,https://elib.dlr.de/224732/,primary,"- Non-Exhaust Emissions account for over 90% of road transport PM₁₀ and 80% of PM₂.₅ today as exhaust emissions decline. - Battery Electric Vehicles may increase tire and brake wear due to their higher weight, partly offsetting environmental gains. - Euro 7 will introduce the world’s first brake emission limits for passenger BEVs from 2026–2027 and phased tire abrasion standards from 2028 onward. - Regenerative braking in BEVs can reduce brake wear particles by up to ~90%.",supports,0.9,"The passage provides specific comparisons regarding non-exhaust emissions and particulate matter between electric cars and other vehicles, noting effects on tire and brake wear.",Y,,error,,no response,,
t08_ev/c1/e3/ev-rec-e1_6_92779a23,t08_ev,How do the particulate matter and other non-exhaust emissions from electric cars compare to those from petrol cars?,supported,supports,"States that electric vehicles do not emit any tailpipe emissions, addressing non-exhaust and tailpipe emission aspects.",epa.gov,https://www.epa.gov/greenvehicles/greenhouse-gas-emissions-typical-passenger-vehicle,primary,"- What are the tailpipe emissions from a plug-in hybrid electric vehicle (PHEV) or an electric vehicle (EV). What about hydrogen fuel cell vehicles. - Electric vehicles (EVs) have a battery instead of a gasoline tank, and an electric motor instead of an internal combustion engine. EVs do not emit any tailpipe emissions. A fuel cell electric vehicle (FCEV) operating on hydrogen will emit only water vapor",neither,1.0,"The passage discusses tailpipe emissions of electric and fuel cell vehicles, but it does not provide information comparing particulate matter and non-exhaust emissions between electric and petrol cars.",N,neither,neither,0.95,The passage only addresses tailpipe emissions and does not provide information or a comparison regarding particulate matter or non-exhaust emissions.,N,neither
t09_sqlite_url/c1/e1/ev-d4a06d06240b,t09_sqlite_url,"SQLite made the Write-Ahead Log option available beginning with version 3.7.0 on July 21, 2010.",unresolved,supports,Confirms SQLite has supported Write-Ahead Logging since version 3.7.0 on 2010-07-21.,wiki.tnonline.net,https://wiki.tnonline.net/w/Blog/SQLite_Performance_on_Btrfs,commentary,"- SQLite has supported a new journaling mode called Write-Ahead Logging, or simply WAL, since version 3.7.0 (2010-07-21).",supports,1.0,"The passage confirms that SQLite has supported Write-Ahead Logging since version 3.7.0 on July 21, 2010.",Y,,supports,1.0,"The passage directly confirms that SQLite has supported Write-Ahead Logging since version 3.7.0, released on July 21, 2010.",Y,
t09_sqlite_url/c1/e1/ev-rec-e1_2_314a5303,t09_sqlite_url,"SQLite made the Write-Ahead Log option available beginning with version 3.7.0 on July 21, 2010.",unresolved,supports,"States that WAL files are used by SQLite databases version 3.7.0 and newer, supporting the availability starting from version 3.7.0.",youtube.com,https://www.youtube.com/watch?v=hcHxpsftiko,commentary,Rated) https://www.filemagic.com/?utm_source=youtube&utm_content=WAL A .WAL file is a Write-Ahead Log used by SQLite databases (version 3.7.0 and newer) ...,supports,0.9,The passage confirms that the Write-Ahead Log was used by SQLite starting with version 3.7.0 and newer.,Y,,error,,,,
t09_sqlite_url/c2/e1/ev-2feb7dcca39c,t09_sqlite_url,SQLite performs an automatic checkpoint by default when the WAL file reaches a threshold size of 1000 pages.,supported,supports,States that SQLite by default performs a checkpoint when the WAL reaches 1000 pages.,github.com,https://github.com/Agoric/agoric-sdk/issues/7069,primary,"- By default, SQLite performs a checkpoint/merge when it reaches some size (1000 pages, probably 1 or 2 MB of data).",supports,1.0,"The passage explicitly states that SQLite performs a checkpoint by default when it reaches a size of 1000 pages, which directly aligns with the element.",Y,,supports,0.95,The passage directly confirms that SQLite performs a checkpoint by default when it reaches a size of 1000 pages.,Y,
t09_sqlite_url/c2/e1/ev-rec-e2_2_4c6a0432,t09_sqlite_url,SQLite performs an automatic checkpoint by default when the WAL file reaches a threshold size of 1000 pages.,supported,supports,States that SQLite checkpoints automatically when the WAL passes approximately 1000 pages (the default wal_autocheckpoint).,coddy.tech,https://coddy.tech/docs/sqlite/wal-mode-and-concurrency,primary,"Checkpoints: Folding the WAL Back The WAL file can't grow forever. Checkpointing is the process of taking the committed pages in the WAL and writing them into the main database, then resetting the WAL. SQLite checkpoints automatically when the WAL passes ~1000 pages (the default wal_autocheckpoint). For most apps you can leave that alone. If you want to tune it or trigger one manually: The wal_checkpoint pragma takes a mode: PASSIVE- checkpoint as much as possible without disrupting readers/writ",supports,1.0,The passage explicitly states that SQLite checkpoints automatically when the WAL passes approximately 1000 pages by default.,Y,,supports,0.98,"The passage explicitly states that SQLite automatically checkpoints when the WAL reaches approximately 1000 pages, which is the default setting.",Y,
t09_sqlite_url/c2/e1/ev-rec-e3_4_cc2a7fce,t09_sqlite_url,SQLite performs an automatic checkpoint by default when the WAL file reaches a threshold size of 1000 pages.,supported,supports,"Notes that once the WAL reaches a threshold size of 1,000 pages by default, SQLite triggers a checkpoint.",theconsensus.dev,https://theconsensus.dev/p/2026/08/23/another-look-at-sqlite-wal-reset.html,commentary,"It works through edits to database pages in memory and queues every changed page to disk in the write-ahead log (WAL). The WAL stores pages as a ""frame"" (which is a frame header and then the actual page) and collapses multiple changes to the same page within a single transaction into one frame. Once the WAL has reached a threshold size of 1,000 pages (by default), SQLite triggers a ""checkpoint"". Checkpointing copies pages out of the WAL into their permanent location on disk. But long-lived reade",supports,1.0,"The passage explicitly states that once the WAL reaches a threshold size of 1,000 pages by default, SQLite triggers a checkpoint.",Y,,supports,1.0,"The passage explicitly states that SQLite triggers a checkpoint by default once the WAL reaches a threshold size of 1,000 pages.",Y,
t09_sqlite_url/c2/e2/ev-rec-e2_5_86c9b258,t09_sqlite_url,An SQLite database connection defaults to journal_mode=DELETE.,supported,supports,States that the default journal mode for SQLite is DELETE.,coddy.tech,https://coddy.tech/docs/sqlite/pragma-settings,primary,"The Production Baseline If you only remember five PRAGMAs, remember these: That's a sensible default for almost any application using SQLite as its primary store. Each one is worth understanding individually - the rest of this page walks through them. journal_mode = WAL The journal mode controls how SQLite makes writes durable. The default, DELETE, uses a rollback journal: writers block readers and readers block writers. Fine for a CLI tool, painful for a web app",supports,1.0,"The passage explicitly states that 'The default, DELETE, uses a rollback journal' regarding SQLite's journal_mode.",Y,,supports,0.95,The passage explicitly states that the default journal mode for SQLite is DELETE.,Y,
t09_sqlite_url/c2/e2/ev-rec-e2_5_e3c5dc7a,t09_sqlite_url,An SQLite database connection defaults to journal_mode=DELETE.,supported,supports,Identifies delete as the default SQLite journal mode.,github.com,https://github.com/cashubtc/nutshell/issues/907,primary,The default SQLite journal mode ( delete ) serializes all writes and readers block on writers. this causes failed to acquire database lock,supports,1.0,"The passage explicitly states that 'The default SQLite journal mode ( delete )', which directly supports the element that an SQLite database connection defaults to journal_mode=DELETE.",Y,,supports,0.95,The passage explicitly states that the default SQLite journal mode is 'delete'.,Y,
t09_sqlite_url/c2/e3/ev-rec-e2_4_65e99452,t09_sqlite_url,The SQLite journal_mode=WAL setting is persistent across closing and reopening the database.,disputed,challenges,Explicitly notes that setting journal_mode=WAL via pragma resets if the database is recreated or closed and reopened in certain environments.,github.com,https://github.com/openclaw/openclaw/issues/36035,primary,"WAL mode: - Is crash-safe (survives SIGTERM/SIGKILL mid-write) - Allows concurrent reads during writes - Is the recommended mode for applications that restart frequently // After opening the database connection: db. pragma('journal_mode = WAL'); Workaround sqlite3 ~/. sqlite ""PRAGMA journal_mode=WAL;"" But this resets if the DB is recreated (e. , after openclaw memory index on a corrupted DB). Environment - OpenClaw 2026",challenges,0.9,"The passage indicates that the WAL mode setting resets if the database is recreated, which contradicts the idea that the setting is persistent across closing and reopening in certain scenarios.",Y,,error,,no response,,
t11_inflation/c1/e2/ev-49270aa0a2f5,t11_inflation,A fall in inflation from 10% to 3% mathematically or economically means that prices fell by 7%.,disputed,challenges,"Explains that a decrease in inflation (disinflation) means prices are still increasing at a slower rate, and only negative inflation (deflation) represents falling prices.",stlouisfed.org,https://www.stlouisfed.org/open-vault/2023/august/explaining-inflation-disinflation-deflation,commentary,"- Inflation is a sustained increase in the price level of goods and services. - Disinflation is a decrease in the rate of inflation, during which prices are still increasing but more slowly than before. - Deflation is a sustained decrease in the price level of goods and services with a negative inflation rate. - In the disinflation scenario, prices increase less than under a higher inflation rate, but they still increase.",challenges,1.0,"The passage explicitly states that during disinflation (a fall in the rate of inflation), prices are still increasing rather than falling.",Y,,challenges,0.95,The passage explains that a decrease in the inflation rate (disinflation) means prices are still increasing rather than falling.,Y,
t11_inflation/c1/e2/ev-a5f53649d595,t11_inflation,A fall in inflation from 10% to 3% mathematically or economically means that prices fell by 7%.,disputed,challenges,"Clarifies that when inflation falls to a positive percentage, average prices continue to increase by that percentage rather than falling.",stlouisfed.org,https://www.stlouisfed.org/publications/page-one-economics/2024/03/01/the-inflation-rate-is-falling-but-prices-are-not,commentary,"- When the inflation rate falls, say from 8% to 4%, we call it disinflation, meaning the price level is rising at a slower rate. - Any positive inflation rate number means inflation is occurring and the price level is rising. - It’s not until the inflation rate becomes negative that deflation is occurring. - When the annual inflation rate is 4%, the average level of prices still increases by 4% that year. - Inflation is an increase in the average level of prices, not an increase in all prices in the economy.",challenges,1.0,"The passage states that any positive inflation rate means the price level is rising, which contradicts the claim that a positive inflation rate of 3% means prices fell.",Y,,challenges,0.98,"The passage explains that when the inflation rate falls but remains positive, the price level is still rising at a slower rate rather than falling.",Y,
t11_inflation/c1/e2/ev-d11f86e5ad72,t11_inflation,A fall in inflation from 10% to 3% mathematically or economically means that prices fell by 7%.,disputed,challenges,States that a drop in inflation means prices are rising more slowly rather than decreasing.,gov.uk,https://www.gov.uk/government/news/what-does-lower-inflation-mean-for-you,primary,- Inflation measures the change in prices of goods and services in the economy. - A drop in inflation means that prices are now rising more slowly.,challenges,1.0,"The passage states that a drop in inflation means prices are rising more slowly, whereas the element claims that a fall in inflation means prices actually fell.",Y,,challenges,0.95,"The passage states that a drop in inflation means prices are rising more slowly, which contradicts the claim that a drop in inflation means prices fell.",Y,
t11_inflation/c1/e2/ev-4605c8e62db0,t11_inflation,A fall in inflation from 10% to 3% mathematically or economically means that prices fell by 7%.,disputed,challenges,"Directly contradicts the claim by explaining that a drop in inflation does not mean prices fell by the difference, but that price levels continue to rise.",armstrongeconomics.com,https://www.armstrongeconomics.com/armstrongeconomics101/inflation-is-not-one-number/,commentary,"- According to Armstrong Economics, inflation falling from 3.5% to 3.4% does not mean prices fell 0.1%, but rather that the overall price level is still rising at a slightly slower annual rate. - According to Armstrong Economics, actual deflation would be required to return the price level to where it was before.",challenges,1.0,"The passage explains that falling inflation means prices are still rising rather than falling, which contradicts the claim that a drop in inflation mathematically means prices fell.",Y,,challenges,0.95,"The passage directly contradicts the element by explaining that a drop in the inflation rate means prices are still rising at a slower rate, not that",Y,
t11_inflation/c1/e2/ev-1a1b68d0a32d,t11_inflation,A fall in inflation from 10% to 3% mathematically or economically means that prices fell by 7%.,disputed,challenges,Notes that a fall in inflation simply means prices are rising at a slower pace and that prices only drop during negative inflation.,thehighstreetjournal.com,https://thehighstreetjournal.com/does-a-drop-in-inflation-mean-lower-prices-unpacking-inflation-disinflation-deflation-in-real-life/,commentary,"- According to The High Street Journal, a fall in inflation is not the same as a fall in prices, but simply means that prices are still rising at a slower pace. - According to The High Street Journal, deflation is the only time when prices actually drop, which occurs when the inflation rate is negative or falls below zero.",challenges,1.0,"The passage explicitly states that a fall in inflation means prices are still rising rather than falling, which directly contradicts the claim that a drop in inflation from 10% to 3% means prices fell by 7%.",Y,,challenges,1.0,"The passage explicitly states that a fall in inflation means prices are still rising at a slower rate, directly contradicting the claim that it means prices fell",Y,
t11_inflation/c1/e2/ev-93567e43df8d,t11_inflation,A fall in inflation from 10% to 3% mathematically or economically means that prices fell by 7%.,disputed,challenges,"Reports that while inflation fell to 3%, prices are not falling but simply rising at a slower pace.",bbc.co.uk,https://www.bbc.co.uk/news/articles/c5yg04jg1n5o,reporting,"- According to the BBC, although the rate of inflation has fallen in the UK, prices themselves are not coming down, but simply rising at a slower pace.",challenges,1.0,"The passage explicitly states that prices are not coming down but rising at a slower pace, which contradicts the claim that a fall in inflation means prices fell.",Y,,challenges,0.95,The passage contradicts the element by stating that a falling rate of inflation means prices are still rising at a slower pace rather than coming down.,Y,
t11_inflation/c1/e2/ev-f0f97b5e4ce3,t11_inflation,A fall in inflation from 10% to 3% mathematically or economically means that prices fell by 7%.,disputed,challenges,"Explains that when inflation falls to 3.0%, prices are still rising, and prices only fall when the rate drops below zero.",usafacts.org,https://usafacts.org/answers/what-is-the-current-inflation-rate/country/united-states/,primary,"- According to USAFacts, when inflation decreases—for example, from 9.1% in June 2022 to 3.0% in June 2023—prices are still rising, just at a slower pace than before. - According to USAFacts, prices only fall during deflation, which occurs when the inflation rate drops below zero, signaling a general decline in the cost of goods and services.",challenges,1.0,"The passage explicitly states that prices are still rising when inflation decreases, directly contradicting the element's claim that prices fell.",Y,,challenges,0.98,"The passage explicitly states that when inflation decreases, prices are still rising at a slower pace rather than falling, directly contradicting the element.",Y,
t11_inflation/c1/e2/ev-d9de53080f33,t11_inflation,A fall in inflation from 10% to 3% mathematically or economically means that prices fell by 7%.,disputed,challenges,"Demonstrates with numerical examples that when inflation falls to a lower positive rate, prices still increase rather than decline.",dnb.nl,https://www.dnb.nl/en/the-euro-and-europe/inflation/falling-inflation-yet-rising-prices-how-does-that-work/,primary,"- Inflation measures how much prices have changed compared to an earlier point in time, expressed as a percentage. - When inflation falls, it does not mean prices are dropping, but rather that they are rising more slowly. - Prices only fall when inflation for a product or service is negative and below 0%, which is called deflation. - According to DNB, if a loaf of bread cost €2.50 last year and €2.70 this year, that is an 8% increase and inflation for bread is 8%. - If the same loaf of bread costs €2.75 the following year, inflation drops to 2%, but the bread still costs more.",challenges,1.0,"The passage explicitly states that when inflation falls, prices are still rising rather than dropping, directly contradicting the claim that a drop in inflation means prices fell.",Y,,challenges,0.99,"The passage explicitly states that when inflation falls, prices are not dropping but rising more slowly, and that prices only fall when inflation is below 0%.",Y,
t11_inflation/c1/e2/ev-3635343fe42a,t11_inflation,A fall in inflation from 10% to 3% mathematically or economically means that prices fell by 7%.,disputed,challenges,"The report explicitly clarifies that positive inflation means prices still rose but at a slower pace, challenging the idea that a drop in the inflation rate means absolute price levels fell.",usatoday.com,https://www.usatoday.com/story/money/economy/2026/08/12/july-cpi-inflation-report-are-paychecks-keeping-up/91245851007/,reporting,"4%, meaning prices still rose but at a slower pace",challenges,1.0,"The passage clarifies that a fall in inflation means prices still rose at a slower pace, which contradicts the claim that a drop in inflation means prices fell.",Y,,challenges,0.9,"The passage states that a positive inflation rate means prices still rose at a slower pace, directly contradicting the element's claim that a fall in inflation means prices fell.",Y,
t11_inflation/c1/e2/ev-rec-e1_6_baa547bc,t11_inflation,A fall in inflation from 10% to 3% mathematically or economically means that prices fell by 7%.,disputed,challenges,"States that a fall in the inflation rate means prices are rising at a slower rate, whereas a fall in prices means prices are actually going down, directly contradicting the idea that a drop in inflation means a price drop of 7%.",economicshelp.org,https://www.economicshelp.org/blog/219555/economics/difference-between-falling-inflation-and-falling-prices/,commentary,A fall in the inflation rate means that prices are rising at a slower rate (called disinflation). A fall in prices means prices are actually going down.,challenges,1.0,"The passage explicitly distinguishes a fall in inflation from a fall in prices, which contradicts the claim that lower inflation means prices fell.",Y,,challenges,0.95,"The passage explicitly distinguishes between a fall in the inflation rate, which means prices are still rising at a slower rate, and a fall in prices itself, contradicting the element's claim.",Y,
t11_inflation/c1/e2/ev-rec-e1_1_25979327,t11_inflation,A fall in inflation from 10% to 3% mathematically or economically means that prices fell by 7%.,disputed,challenges,"Explains that when the rate of inflation decreases, the price level itself does not fall but rather rises more slowly, refuting the claim that falling inflation means prices fell.",bankofcanada.ca,https://www.bankofcanada.ca/2025/10/difference-between-price-level-and-inflation/,primary,"The price level still rises a little bit each year, but the increases are small enough that most people can manage them. But inflation isn’t always at 2%. Sometimes, the rate of inflation decreases but the price level itself does not fall. This is called disinflation. During times of disinflation, the price level still rises but more slowly than it did before",challenges,1.0,"The passage explicitly states that when the rate of inflation decreases, the price level itself does not fall, contradicting the idea that a fall in inflation means prices fell.",Y,,challenges,0.95,"The passage explains that when the rate of inflation decreases, the price level still rises rather than falls, contradicting the claim that a drop in inflation means prices fell.",Y,
t11_inflation/c1/e2/ev-rec-e1_4_76320c3f,t11_inflation,A fall in inflation from 10% to 3% mathematically or economically means that prices fell by 7%.,disputed,challenges,"Clarifies that a reduction in inflation means prices are growing more slowly rather than coming down, challenging the premise that falling inflation equates to falling prices.",fiscallab.org,https://fiscallab.org/inflation/the-price-level/,commentary,"6% more, the price index rises to 105. A reduction in inflation is called disinflation. A decrease in inflation just means that prices are growing more slowly, not that they have come down. When the price level falls, that’s called deflation. Which Data Series Measures the Price Level",challenges,1.0,"The passage explicitly states that a decrease in inflation means prices are growing more slowly rather than coming down, directly contradicting the claim that inflation falling from 10% to 3% means prices fell.",Y,,challenges,0.95,"The passage explicitly states that a decrease in inflation means prices are growing more slowly, not that prices have come down.",Y,
t12_venus_image/c1/e1/ev-078bbb765c80,t12_venus_image,Venus is a planet in the Solar System.,supported,supports,"States that Venus orbits nearer to the Sun than Earth, establishing it as a planet within the Solar System.",airandspace.si.edu,https://airandspace.si.edu/explore/stories/venus,commentary,"- Venus is nearer the Sun than Earth. - Venus has a very thick atmosphere and an extremely high surface temperature of as much as 475° Celsius (900° Fahrenheit). - The surface of Venus is extremely hot. - Venus has a very thick, hot, carbon dioxide atmosphere. - Venus has a surface pressure more than 90 times that of Earth’s.",supports,1.0,"The passage provides specific facts about Venus, such as its distance from the Sun relative to Earth and its atmosphere, which presupposes and supports its existence as a celestial body/planet in the Solar System.",Y,,error,,no response,,
t12_venus_image/c1/e1/ev-e8e3260cca79,t12_venus_image,Venus is a planet in the Solar System.,supported,supports,Listing the mean temperature of Venus alongside other planets in the solar system confirms that Venus is a planet in the solar system.,reddit.com,https://www.reddit.com/r/spaceporn/comments/1ly8693/mean_temperatures_on_planet_in_degree_celsius/,commentary,The mean temperatures of planets in our solar system are: Mercury: 167°C (333°F) Venus: 464°C (867°F) Earth: 15°C (59°F) Mars: -65°C (-85°F),supports,1.0,"The passage explicitly lists Venus among the planets in our solar system, which directly supports the claim.",Y,,supports,1.0,The passage lists Venus among the planets in our solar system alongside its mean temperature.,Y,
t12_venus_image/c1/e1/ev-rec-e1_1_c8c64e77,t12_venus_image,Venus is a planet in the Solar System.,supported,supports,States that Venus is a planet in our solar system.,youtube.com,https://www.youtube.com/watch?v=5bZEeaBlRLc,commentary,"This video discusses Venus, the second planet from the sun in our solar system. It includes information about Venus' size, temperatures, and the lengths of ...",supports,1.0,"The passage explicitly identifies Venus as the second planet from the sun in our solar system, which directly supports the claim that Venus is a planet in the Solar System.",Y,,supports,1.0,The passage explicitly states that Venus is the second planet from the sun in our solar system.,Y,
t12_venus_image/c1/e1/ev-rec-e1_7_8d93f7bd,t12_venus_image,Venus is a planet in the Solar System.,supported,supports,Identifies Venus as the second planet out from the sun.,snexplores.org,https://www.snexplores.org/article/lets-learn-about-venus-planet-solar-system,reporting,"survey: To view, examine, measure or evaluate something, often land or broad aspects of a landscape. tectonic: Surface activity on a large rocky body (such as a planet or moon) as liquid rock flows up to the surface where it solidifies, then slowly drifts atop molten rock, carrying surface features with it. Venus: The second planet out from the sun. Just as Earth does, it has an iron core and a rocky mantle and crust. Volcanoes on the planet’s surface spewed high levels of carbon dioxide, which",supports,1.0,"The passage explicitly defines Venus as the second planet out from the sun, which supports the claim that Venus is a planet.",Y,,supports,0.95,The passage explicitly defines Venus as the second planet out from the sun.,Y,
t12_venus_image/c1/e1/ev-rec-e1_1_70b1fb32,t12_venus_image,Venus is a planet in the Solar System.,supported,supports,Confirms Venus is the second planet from the Sun.,science.nasa.gov,https://science.nasa.gov/solar-system/planets/,primary,"Venus is the second planet from the Sun, and the sixth largest planet. ... Jupiter is the fifth planet from the Sun, and the largest planet in our solar system.",supports,1.0,"The passage explicitly states that Venus is the second planet from the Sun, which supports the claim that Venus is a planet in the Solar System.",Y,,supports,0.98,"The passage explicitly describes Venus as the second planet from the Sun, which identifies it as a planet in the Solar System.",Y,
t12_venus_image/c1/e2/ev-bb86ce72ee6d,t12_venus_image,Venus has a higher surface temperature than every other planet in the Solar System.,supported,supports,NASA Science explicitly confirms Venus is the hottest planet in the Solar System with surface temperatures of about 872°F (467°C).,science.nasa.gov,https://science.nasa.gov/venus/venus-facts/,primary,"- Venus is the hottest planet in our solar system. - Venus's thick atmosphere traps heat in a runaway greenhouse effect, making it the hottest planet in our solar system with surface temperatures about 872 degrees Fahrenheit (467 Celsius).",supports,1.0,"The passage explicitly states that Venus is the hottest planet in our solar system, which directly supports the claim that it has a higher surface temperature than every other planet.",Y,,supports,1.0,The passage explicitly states that Venus is the hottest planet in the solar system with surface temperatures of about 872 degrees Fahrenheit.,Y,
t12_venus_image/c1/e2/ev-22b457bf6120,t12_venus_image,Venus has a higher surface temperature than every other planet in the Solar System.,supported,supports,NASA Science reports Venus is the Solar System's hottest planet with a mean surface temperature of 867°F (464°C).,science.nasa.gov,https://science.nasa.gov/resource/solar-system-temperatures/,primary,"- Venus is the exception to the rule that planetary surface temperatures tend to get colder the farther a planet is from the Sun, as its proximity to the Sun and its dense atmosphere make it our solar system's hottest planet. - The mean temperature of Venus is 867°F (464°C), according to the NASA Planetary Fact Sheet. - Venus's dense atmosphere acts as a greenhouse and heats the surface to above the melting point of lead.",supports,1.0,"The passage states that Venus is our solar system's hottest planet, which directly supports the claim that it has a higher surface temperature than every other planet.",Y,,supports,0.98,The passage explicitly states that Venus's dense atmosphere and proximity to the Sun make it the solar system's hottest planet.,Y,
t12_venus_image/c1/e2/ev-9d01549c77ed,t12_venus_image,Venus has a higher surface temperature than every other planet in the Solar System.,supported,supports,Confirms via NASA Science that Venus is the hottest planet in the Solar System with an average surface temperature of 867°F (464°C).,science.nasa.gov,https://science.nasa.gov/solar-system/temperatures-across-our-solar-system/,primary,"- According to NASA Science, Venus has a mean surface temperature of 867°F (464°C). - According to NASA Science, Venus is the hottest planet in our solar system.",supports,1.0,"The passage explicitly states that Venus is the hottest planet in our solar system, which directly supports the claim that it has a higher surface temperature than every other planet.",Y,,supports,0.98,"The passage explicitly states that Venus is the hottest planet in the solar system, which directly supports the claim that its surface temperature is higher than that of every other planet.",Y,
t12_venus_image/c1/e2/ev-fe24ffebe866,t12_venus_image,Venus has a higher surface temperature than every other planet in the Solar System.,supported,supports,NASA Science explicitly states that Venus is the hottest planet in our Solar System.,science.nasa.gov,https://science.nasa.gov/venus/,primary,"- According to NASA Science, Venus is the hottest planet in our solar system.",supports,1.0,The passage stating Venus is the hottest planet in our solar system directly supports the claim that it has a higher surface temperature than every other planet.,Y,,supports,0.95,"The passage explicitly states that Venus is the hottest planet in the solar system, which directly supports the claim that it has a higher surface temperature than every other planet.",Y,
t12_venus_image/c1/e2/ev-158c84c69cd6,t12_venus_image,Venus has a higher surface temperature than every other planet in the Solar System.,supported,supports,Planetary.org states that Venus has the hottest surface of any planet in the Solar System at 470°C (878°F).,planetary.org,https://www.planetary.org/worlds/venus,primary,"- According to planetary.org, Venus has average surface temperatures of 470 degrees Celsius (878 degrees Fahrenheit). - According to planetary.org, Venus has the hottest surface of any planet in the Solar System.",supports,1.0,"The passage explicitly states that Venus has the hottest surface of any planet in the Solar System, which directly supports the claim that its surface temperature is higher than every other planet.",Y,,supports,1.0,The passage explicitly states that Venus has the hottest surface of any planet in the Solar System.,Y,
t12_venus_image/c1/e2/ev-37ca08cacd63,t12_venus_image,Venus has a higher surface temperature than every other planet in the Solar System.,supported,supports,"Lists average surface temperatures across all eight planets, demonstrating Venus's 464°C is higher than every other planet.",x.com,https://x.com/UNEP/status/1667577370285584386,commentary,"UN Environment Programme on X: ""Average surface temperature of the planets in the solar system: Mercury: 167°C Venus: 464°C Earth: 15°C Mars: -65°C Jupiter: -110°C Saturn: -140°C Uranus: -195°C Neptune: -200°C Our planet is like no other",supports,1.0,"The passage provides surface temperature data for all planets in the solar system, showing Venus at 464°C, which is higher than any other listed planet.",Y,,error,,no response,,
t12_venus_image/c1/e2/ev-e8e3260cca79,t12_venus_image,Venus has a higher surface temperature than every other planet in the Solar System.,supported,supports,"The temperature data showing Venus at 464°C compared to lower temperatures for Mercury, Earth, and Mars directly supports the assertion that Venus has the highest surface temperature.",reddit.com,https://www.reddit.com/r/spaceporn/comments/1ly8693/mean_temperatures_on_planet_in_degree_celsius/,commentary,The mean temperatures of planets in our solar system are: Mercury: 167°C (333°F) Venus: 464°C (867°F) Earth: 15°C (59°F) Mars: -65°C (-85°F),supports,1.0,"The passage provides the mean temperatures for four planets, showing Venus at 464°C, which is higher than the other listed planets.",Y,,neither,0.9,"The passage only provides temperatures for four planets (Mercury, Venus, Earth, and",N,neither
t13_sweden/c1/e1/ev-aed744939436,t13_sweden,Sweden chose not to impose a general lockdown during the 2020-22 period.,supported,supports,Confirms Sweden adopted a strategy featuring no general lockdown during the pandemic.,pmc.ncbi.nlm.nih.gov,https://pmc.ncbi.nlm.nih.gov/articles/PMC7537539/,primary,"- By September 1, 2020, 0.8% of Swedish residents had tested positive for the virus and 0.06% of the population had died. - Sweden's response was less invasive than many other countries, featuring no general lockdown and a focus on slowing rather than stopping the pandemic. - By September 2020, 84,521 Sweden residents had tested positive, 2,560 had been admitted to an intensive care unit, and 5,813 had died. - The number of deaths from all causes in Sweden between March 1 and August 25, 2020, was 46,746, representing an excess mortality rate of 11% compared to the 2015–2019 average.",supports,1.0,The passage explicitly states that Sweden's response featured 'no general lockdown'.,Y,,supports,0.95,The passage explicitly states that Sweden's response featured no general lockdown.,Y,
t13_sweden/c1/e1/ev-0684329f93ca,t13_sweden,Sweden chose not to impose a general lockdown during the 2020-22 period.,supported,supports,States that Sweden never introduced a formal lockdown.,efta.int,https://www.efta.int/media-resources/news/covid-19-excess-mortality-selected-european-countries,primary,Sweden is an interesting case because the country never introduced a formal lockdown. Excess mortality peaked at 49.2 percent and remained high ...,supports,1.0,The passage confirms the element by stating that Sweden never introduced a formal lockdown during the relevant period.,Y,,supports,0.95,"The passage explicitly states that Sweden never introduced a formal lockdown, which supports the claim.",Y,
t13_sweden/c1/e1/ev-3ebb1b81c81c,t13_sweden,Sweden chose not to impose a general lockdown during the 2020-22 period.,supported,supports,Notes Sweden differed from most of Europe because no mandatory lockdown was imposed upon the population.,ons.gov.uk,https://www.ons.gov.uk/peoplepopulationandcommunity/birthsdeathsandmarriages/deaths/articles/comparisonsofallcausemortalitybetweeneuropeancountriesandregions/januarytojune2020,primary,"France is close to the UK for two indicators, namely: ""gross value added/gross domestic product (GVA/GDP) per head (2019)"", and ""percentage of population in ""urban"" areas"" (Eurostat definition). Hungary is also close to the UK for two indicators, namely: ""percentage population aged over 65 years"" and ""percentage of elderly living in care homes"". Sweden was selected because of its governmental policy difference during the coronavirus pandemic where no mandatory lockdown was imposed upon the population, in stark contrast with most of Europe. The only Sweden indicator value close to the UK's is ""percentage of elderly in care homes"". |Nation State |Mortality Per 100,000 persons (2016) |Percentage Pop over 65 years |Percentage Urban Pop |Percentage Elderly in Care Homes |GDP/GVA Per head (2019) |Doctors per 1,000 pop (2018) |Ireland |n/a |14",supports,1.0,The passage explicitly states that Sweden was selected because no mandatory lockdown was imposed upon the population during the coronavirus pandemic.,Y,,supports,0.95,The passage explicitly states that Sweden did not impose a mandatory lockdown on its population during the coronavirus pandemic.,Y,
t13_sweden/c1/e1/ev-0ef47dcd1457,t13_sweden,Sweden chose not to impose a general lockdown during the 2020-22 period.,supported,supports,Reports that Sweden never enacted a lockdown with legally binding stay-at-home orders.,bbc.com,https://www.bbc.com/future/article/20250304-the-countries-that-never-locked-down-for-covid-19,reporting,"- Sweden, Taiwan, Uruguay, Iceland, and a few others never enacted a lockdown involving severe restrictions on the movement of people, such as legally binding stay-at-home orders applied across large swathes of the population.",supports,1.0,The passage confirms that Sweden never enacted a lockdown involving severe restrictions on the movement of people.,Y,,supports,0.95,The passage explicitly states that Sweden never enacted a lockdown involving severe restrictions on the movement of people or broad stay-at-,Y,
t13_sweden/c1/e3/ev-75dea36bffac,t13_sweden,Sweden experienced lower excess mortality in 2020-22 than every other European country.,disputed,supports,States that Sweden had the lowest cumulative excess mortality increase in Europe for 2020–2022 according to Eurostat and Statistics Sweden data.,gavinpublishers.com,https://www.gavinpublishers.com/article/view/covid19-policy-handling-the-case-of-sweden-lessons-in-effective-policymaking,primary,"By the end of 2022, data from Eurostat and other sources allowed a cumulative comparison of excess mortality across Europe’s pandemic experience. The results of this comparison confounded many experts. Sweden had the lowest cumulative excess mortality increase in Europe for 2020–2022 (Figure 1). According to figures compiled by Statistics Sweden and reported to Eurostat, Sweden’s total mortality in those three pandemic years was only about 4. 4% higher than in the immediately preceding years (adjusted for population size)",supports,1.0,The passage explicitly states that Sweden had the lowest cumulative excess mortality increase in Europe for 2020–2022.,Y,,supports,0.98,The passage explicitly states that Sweden had the lowest cumulative excess mortality increase in Europe for the period 2020–2022.,Y,
t13_sweden/c1/e3/ev-271cb07adc3a,t13_sweden,Sweden experienced lower excess mortality in 2020-22 than every other European country.,disputed,challenges,"Reports Sweden's 2020–2022 excess mortality rate was 158 per 100,000, higher than Norway (129) and Denmark (97), ranking Sweden 37th among 42 European countries.",pmc.ncbi.nlm.nih.gov,https://pmc.ncbi.nlm.nih.gov/articles/PMC10399217/,primary,"- Sweden was among the few countries that did not enforce strict lockdown measures during the COVID-19 pandemic. - In Sweden, the excess mortality rate from 2020 to 2022 was 158 per 100,000 inhabitants. - Sweden's cumulative excess all-cause mortality rate ranked 37th among 42 European countries from January 2020 to December 2022. - Sweden's excess mortality rate of 158 per 100,000 was comparable to neighboring Nordic countries such as Norway (129), Denmark (97), and Finland (228). - In Sweden, the estimated excess mortality in 2020 was 85 per 100,000 inhabitants. - During the second and third years of the pandemic (2021–2022), Sweden showed a comparatively low excess mortality figure of 69 per 100,000 inhabitants.",challenges,1.0,"The passage states that Sweden's cumulative excess mortality ranked 37th out of 42 European countries, which contradicts the claim that it was lower than every other European country.",Y,,error,,no response,,
t13_sweden/c1/e3/ev-db780f394c50,t13_sweden,Sweden experienced lower excess mortality in 2020-22 than every other European country.,disputed,challenges,Finds that excess mortality from January 2020 to April 2022 was lowest in Iceland rather than Sweden.,link.springer.com,https://link.springer.com/article/10.1186/s13690-025-01531-5,primary,- Excess mortality over the whole study period from 1 January 2020 to 30 April 2022 was lowest in Iceland.,challenges,1.0,"The passage states that excess mortality was lowest in Iceland, which contradicts the claim that Sweden experienced lower excess mortality than every other European country.",Y,,challenges,0.95,"The passage states that excess mortality was lowest in Iceland during 2020-2022, which contradicts the claim that Sweden had lower excess mortality than every other European country.",Y,
t13_sweden/c1/e3/ev-1772d06cd3a6,t13_sweden,Sweden experienced lower excess mortality in 2020-22 than every other European country.,disputed,challenges,The commentary explicitly disputes that Sweden had the lowest excess mortality in 2020 compared to its neighbors.,reddit.com,https://www.reddit.com/r/dataisbeautiful/comments/1lcv8hh/oc_excess_mortality_in_europe_during_covid19/,commentary,"For 2020, Sweden didn't have the lowest number at all, Sweden had much worse excess mortality in 2020 vs its Scandinavian neighbors if you just",challenges,1.0,The passage contradicts the element by stating that Sweden did not have the lowest excess mortality in 2020.,Y,,error,,no response,,
t13_sweden/c1/e3/ev-011898bf80f3,t13_sweden,Sweden experienced lower excess mortality in 2020-22 than every other European country.,disputed,challenges,"The analysis shows that Norway had a higher percentage of excess deaths over the baseline than Sweden for the 2020-2022 period, contradicting the claim that Sweden was lower than *every* other European country.",scienceinsights.org,https://scienceinsights.org/how-did-sweden-handle-covid-and-what-were-the-results/,commentary,"- Over the full three-year period from 2020 to 2022, compared to the 2017 to 2019 baseline, Sweden saw 4.4% more deaths while Norway saw 5.0% more deaths.",supports,1.0,"The passage provides evidence that Sweden had a lower excess mortality percentage (4.4%) than Norway (5.0%) over the 2020-2022 period, which makes the claim that Sweden experienced lower excess mortality than every other European country m…",N,direction,error,,no response,,
t14_bankrate_375/c1/e1/ev-0095f7b527fc,t14_bankrate_375,The Bank of England's Bank Rate is 3.75% as of 7 September 2026.,supported,supports,Confirms in an 8 September 2026 notice that the MPC's most recent decision held the Bank Rate at 3.75%.,committees.parliament.uk,https://committees.parliament.uk/event/28071,primary,"Governor of the Bank of England to discuss interest rates amid ongoing conflict in Iran Members of the Bank of England’s Monetary Policy Committee (MPC), including the Governor, will give evidence to the Treasury Committee next Tuesday afternoon. The session will focus on July’s Monetary Policy Report, and the MPC’s most recent decision to hold the Bank Rate at 3.75%. The Governor of the ...",neither,1.0,"The passage mentions the Bank Rate is 3.75% based on a past decision regarding July's report, but it does not provide evidence that this rate is active as of 7 September 2026.",N,neither,error,,no response,,
t14_bankrate_375/c1/e1/ev-b1a05d80ce88,t14_bankrate_375,The Bank of England's Bank Rate is 3.75% as of 7 September 2026.,supported,supports,States that the current Bank of England Bank Rate is 3.75%.,de.liveexchanges.com,https://de.liveexchanges.com/central-bank-calendar,primary,"- The Bank of England (BoE) next rate decision is scheduled for Thursday, 17 Sep 2026 at 12:00 UK. - The Bank of England (BoE) current Bank Rate is 3.75%.",neither,0.9,"The passage states that the current Bank Rate is 3.75%, but it does not contain the specific date of 7 September 2026 mentioned in the element.",N,neither,error,,no response,,
t14_bankrate_375/c1/e1/ev-ebf519539a37,t14_bankrate_375,The Bank of England's Bank Rate is 3.75% as of 7 September 2026.,supported,supports,Notes the MPC's recent decision to hold the Bank Rate at 3.75%.,committees.parliament.uk,https://committees.parliament.uk/event/28071/formal-meeting-oral-evidence-session/,primary,the MPC's most recent decision to hold the Bank Rate at 3.75%. voted to increase the Bank Rate by 0.25% to hold rates.,supports,0.9,The passage confirms the Bank Rate is 3.75% based on the MPC's decision.,Y,,error,,no response,,
t14_bankrate_375/c1/e2/ev-75cea332ed1d,t14_bankrate_375,The next Bank of England interest rate decision is scheduled for 17 September 2026.,supported,supports,Confirms the Monetary Policy Committee meeting and summary publication are scheduled for 17 September 2026.,bankofengland.co.uk,https://www.bankofengland.co.uk/news/2026/september/statement-announcing-governors-interview,primary,"Statement Following the publication of Monetary Policy Summary and minutes of the Monetary Policy Committee meeting on 17 September 2026, the Governor will give his usual pooled broadcast interview",supports,1.0,"The passage confirms the date of 17 September 2026 for the publication of the Monetary Policy Summary and minutes of the Monetary Policy Committee meeting, which aligns with the scheduled interest rate decision.",Y,,error,,no response,,
t14_bankrate_375/c1/e2/ev-319423ff69c6,t14_bankrate_375,The next Bank of England interest rate decision is scheduled for 17 September 2026.,supported,supports,States the next Bank of England policy meeting is scheduled for 17 September 2026.,centralbank.watch,https://centralbank.watch/bank-of-england/,primary,- The Bank of England Analysis's next policy meeting is scheduled for 17 September 2026. - The current market-implied probability of no change is 91%.,supports,1.0,The passage explicitly states that the next policy meeting of the Bank of England is scheduled for 17 September 2026.,Y,,error,,no response,,
t14_bankrate_375/c1/e2/ev-254c5e93ea61,t14_bankrate_375,The next Bank of England interest rate decision is scheduled for 17 September 2026.,supported,supports,Specifies that the Bank of England September rate decision is set for 17 September 2026.,robinhood.com,https://robinhood.com/us/en/prediction-markets/economics/events/bank-of-england-rate-decision-in-september-sep-17-2026/,primary,"- The event day for the Bank of England rate decision in September is September 17, 2026.",supports,1.0,"The passage explicitly states that the event day for the Bank of England rate decision in September is September 17, 2026.",Y,,error,,,,
t14_bankrate_375/c1/e2/ev-b1a05d80ce88,t14_bankrate_375,The next Bank of England interest rate decision is scheduled for 17 September 2026.,supported,supports,"Confirms the Bank of England's next rate decision is scheduled for Thursday, 17 September 2026.",de.liveexchanges.com,https://de.liveexchanges.com/central-bank-calendar,primary,"- The Bank of England (BoE) next rate decision is scheduled for Thursday, 17 Sep 2026 at 12:00 UK. - The Bank of England (BoE) current Bank Rate is 3.75%.",supports,1.0,"The passage explicitly states that the next Bank of England rate decision is scheduled for Thursday, 17 Sep 2026.",Y,,error,,no response,,
