label_id,record,element,state,tru8_label,tru8_reasoning,source,url,tier,passage,gemini_verdict,gemini_confidence,gemini_reason,gemini_justified,gemini_kind,gemini_flash_verdict,gemini_flash_confidence,gemini_flash_reason,gemini_flash_justified,gemini_flash_kind
t01_brexit/c1/e1/ev-3f0f8cf60288,t01_brexit,The UK officially left the European Union on 31 January 2020.,supported,supports,Confirms that the UK officially left the European Union at 11pm on 31 January 2020.,commonslibrary.parliament.uk,https://commonslibrary.parliament.uk/research-briefings/cbp-7960/,primary,"At 11pm on 31 January 2020, the UK left the EU and entered a transition period. At 11pm on 31 December 2020, the transition period ended and ...",supports,1.0,The passage explicitly states that the UK left the EU on 31 January 2020.,Y,,supports,1.0,The passage explicitly states that the UK left the EU on 31 January 2020.,Y,
t01_brexit/c1/e1/ev-06cbaa2b1b96,t01_brexit,The UK officially left the European Union on 31 January 2020.,supported,supports,Official statement confirming the UK left the EU on 31 January 2020.,ec.europa.eu,https://ec.europa.eu/newsroom/councileu/items/663312/en,primary,- The UK left the EU on 31 January 2020 at midnight (CET) after 47 years. - The transition period provided for in the withdrawal agreement is due to last until 31 December 2020.,supports,1.0,"The passage explicitly states that the UK left the EU on 31 January 2020, which directly supports the element.",Y,,supports,1.0,The passage explicitly states that the UK left,Y,
t01_brexit/c1/e1/ev-125b142005c8,t01_brexit,The UK officially left the European Union on 31 January 2020.,supported,supports,Official timeline records that the UK officially left the EU on 31 January 2020 at 11pm.,niassembly.gov.uk,https://www.niassembly.gov.uk/assembly-business/brexit-and-beyond/timeline-and-key-documents/,primary,"- 2 March 2020 - Negotiations on Future Relationship Negotiations on the Future Relationship formally begin. - 1 February 2020 - Transition period begins The Withdrawal Agreement enters into force and the UK enters the transition period. - 31 January 2020 - UK leaves the EU The United Kingdom officially leaves the European Union at 11pm. - 24 January 2020 - Withdrawal Agreement signed The Withdrawal Agreement is signed by the EU and UK. - 11 January 2020 - Assembly Restored The Northern Ireland Assembly is restored with the ‘New Decade, New Approach’ agreement",supports,1.0,The passage explicitly states that on 31 January 2020 the United Kingdom officially leaves the European Union.,Y,,supports,1.0,"The passage explicitly states that on 31 January 2020, the United Kingdom officially left the European Union at 11pm.",Y,
t01_brexit/c1/e1/ev-b239c26b82df,t01_brexit,The UK officially left the European Union on 31 January 2020.,supported,supports,Documents that the UK left the European Union at 11pm on 31 January 2020.,brexitlegal.ie,https://brexitlegal.ie/wp-content/uploads/2020/09/CBP-7960.pdf,primary,"This is the legislation that will implement the withdrawal agreement negotiated by the UK and the EU. At 11pm on 31 January 2020, the UK left the European Union and entered a transition period that is due to run until the end of the year.",supports,1.0,The passage explicitly confirms that the UK left the European Union at 11pm on 31 January 2020.,Y,,supports,0.98,The passage explicitly states that the UK left the European Union on 31 January 2020.,Y,
t01_brexit/c1/e2/ev-8ea597d38d01,t01_brexit,The UK remained in the EU single market and customs union until 31 December 2020.,supported,supports,Confirms the UK remained in the EU single market and customs union during the transition period ending 31 December 2020.,bbc.co.uk,https://www.bbc.co.uk/news/world-europe-51307874,reporting,- An 11-month transition period has begun and the UK will largely stick to EU rules. - The UK stays for now in the EU's customs union and single market. - The transition period is vowing to end on 31 December 2020.,supports,1.0,The passage confirms that the UK stays in the EU's customs union and single market during a transition period ending on 31 December 2020.,Y,,error,,no response,,
t01_brexit/c1/e2/ev-011da8ca10a7,t01_brexit,The UK remained in the EU single market and customs union until 31 December 2020.,supported,supports,States that the UK remained part of the single market and customs union during the transition period ending 31 December 2020.,loomissayles.com,https://www.loomissayles.com/insights/the-brexit-beat-phase-one-is-done/,commentary,"- The UK finally legally exited the EU on Friday, January 31. - The UK has now entered an 11-month transition period that ends December 31, 2020. - During the transition period, the economic relationship between the UK and the EU remains unchanged. - The UK is still part of the single market and customs union and has to follow EU rules and pay EU bills during the transition period.",supports,1.0,"The passage explicitly states that the UK remained part of the single market and customs union during the transition period ending December 31, 2020.",Y,,supports,0.95,"The passage confirms that the UK entered a transition period ending on December 31, 2020, during which it remained part",Y,
t01_brexit/c1/e2/ev-83f533832d70,t01_brexit,The UK remained in the EU single market and customs union until 31 December 2020.,supported,supports,Reports that the UK remained part of the EU single market and customs union throughout the transition period ending 31 December 2020.,ukandeu.ac.uk,https://ukandeu.ac.uk/the-facts/what-does-a-transition-period-for-the-uk-mean/,commentary,"- According to UK in a changing Europe, the transition period was an 11-month grace period agreed by the UK and the EU following the UK’s exit from the bloc on 31 January 2020. - According to UK in a changing Europe, the UK left the EU political institutions on 31 January 2020, but remained part of the EU single market and customs union. - According to UK in a changing Europe, the transition period lasted until 31 December 2020, with a Trade and Cooperation Agreement signed on 24 December 2020.",supports,1.0,The passage explicitly states that the UK remained part of the EU single market and customs union during the transition period that lasted until 31 December 2020.,Y,,supports,0.95,The passage confirms that the UK remained part of the EU single market and customs union during the transition period,Y,
t01_brexit/c1/e2/ev-b35f3c8c756f,t01_brexit,The UK remained in the EU single market and customs union until 31 December 2020.,supported,supports,Confirms the UK remained in the customs union and single market until the transition ended on 31 December 2020.,theguardian.com,https://www.theguardian.com/politics/2019/dec/20/what-happens-after-brexit-bill-is-passed,reporting,"- According to The Guardian, the UK left the EU and entered an 11-month transition period on 31 January 2020. - According to The Guardian, the UK remained in the customs union and the single market during the transition period. - According to The Guardian, the transition period ended on 31 December 2020.",supports,1.0,The passage confirms that the UK remained in the single market and customs union during the transition period that ended on 31 December 2020.,Y,,supports,1.0,"The passage directly confirms that the UK remained in the single market and customs union throughout the transition period, which concluded on 31 December 2020.",Y,
t01_brexit/c1/e2/ev-637951569c4d,t01_brexit,The UK remained in the EU single market and customs union until 31 December 2020.,supported,supports,Confirms the UK remained in the single market and customs union during the transition period lasting until 31 December 2020.,instituteforgovernment.org.uk,https://www.instituteforgovernment.org.uk/article/explainer/brexit-transition-period,commentary,"- According to the Institute for Government, the Brexit transition is the period in which the UK is no longer a member of the EU but remains a member of the single market and customs union. - According to the Institute for Government, the transition period started immediately after the UK left the EU on 31 January 2020. - According to the Institute for Government, the Withdrawal Agreement specified that the transition period would last until 31 December 2020. - According to the Institute for Government, the transition period lasted for 11 months following delays to the UK's withdrawal from the EU.",supports,1.0,"The passage states that the transition period lasted until 31 December 2020, during which the UK remained a member of the single market and customs union.",Y,,supports,0.95,"The passage confirms that during the transition period, which lasted from 31 January 2020 until 31 December 2020, the UK remained a member of the single market and customs union.",Y,
t01_brexit/c1/e2/ev-e37ac042aa8a,t01_brexit,The UK remained in the EU single market and customs union until 31 December 2020.,supported,supports,Affirms the UK remained part of the single market and customs union until the transition ended on 31 December 2020.,dw.com,https://www.dw.com/en/brexit-timeline-from-doom-to-dust/a-55956451,reporting,"- On Jan 31, 2020, the UK officially leaves the EU. - An 11-month transition period begins on Feb 1, 2020, and will end on Dec. 31, 2020. - During the transition period, the UK remains part of the single market and the customs union.",supports,1.0,"The passage explicitly states that during the transition period ending December 31, 2020, the UK remained part of the single market and customs union.",Y,,error,,no response,,
t01_brexit/c1/e2/ev-d73fe90ebe20,t01_brexit,The UK remained in the EU single market and customs union until 31 December 2020.,supported,supports,"Confirms that during the transition period from 1 February to 31 December 2020, the EU continued to treat the UK as a Member State.",commission.europa.eu,https://commission.europa.eu/strategy-and-policy/relations-united-kingdom/eu-uk-withdrawal-agreement_en,primary,"- A transition period (1 February – 31 December 2020) occurred during which the EU treated the United Kingdom as if it were a Member State, with the exception of participation in the EU institutions and governance structures.",supports,0.9,"The passage confirms the transition period lasted until 31 December 2020 during which the UK was treated as a Member State, making it more likely the UK remained in the single market and customs union during that time.",Y,,error,,no response,,
t02_select/c1/e1/ev-97e6150eb938,t02_select,The SELECT trial establishes that semaglutide prevents heart attacks.,supported,supports,Reports that semaglutide 2.4 mg significantly reduced major adverse cardiovascular events by 20% (HR 0.80) in the SELECT trial.,pmc.ncbi.nlm.nih.gov,https://pmc.ncbi.nlm.nih.gov/articles/PMC11222733/,primary,"- The SELECT trial evaluated the effectiveness of semaglutide 2.4 mg versus placebo in reducing major adverse cardiovascular events (MACE) among patients with established CVD and who were overweight or obese without T2DM. - A total of 17,604 patients with overweight or obesity were enrolled in the SELECT trial. - Compared with placebo, semaglutide 2.4 mg significantly reduced the risk of MACE by 20% (HR, 0.80; 95% CI 0.72-0.90; p < 0.001).",supports,0.95,"The passage reports that the SELECT trial found semaglutide significantly reduced major adverse cardiovascular events (MACE), which encompasses heart attacks, making the claim more likely true.",Y,,error,,,,
t02_select/c1/e1/ev-b6cd882c2f82,t02_select,The SELECT trial establishes that semaglutide prevents heart attacks.,supported,supports,Confirms findings from the SELECT trial showing semaglutide reduced the risk of major adverse cardiac events by 20%.,theguardian.com,https://www.theguardian.com/science/2025/oct/22/weight-loss-drug-cuts-heart-attack-risk-no-matter-how-many-kgs-are-shed-study-finds,reporting,"- The SELECT trial looked at whether or not people taking the drug went on to suffer a major adverse cardiac event across 17,604 people aged 45 and over who were either overweight or obese. - Half of the people taking part in the study were given weekly injections of semaglutide and the other half were given a placebo. - Previous analysis of the data found that semaglutide reduced the risk of major adverse cardiac events by 20%. - Researchers estimated that 33% of the observed benefit on major adverse cardiovascular events was mediated through waist circumference reduction.",supports,1.0,"The passage reports that the SELECT trial found semaglutide reduced the risk of major adverse cardiac events, which includes heart attacks.",Y,,error,,,,
t02_select/c1/e2/ev-37f567139cd0,t02_select,This preventive effect applies to everyone who is overweight.,disputed,challenges,"Shows trial inclusion was restricted to adults aged 45 or older with established cardiovascular disease, not all overweight individuals.",docwirenews.com,https://www.docwirenews.com/post/select-trial-semaglutide-reduces-cardiovascular-events-independent-of-weight-loss,reporting,"- According to a prespecified analysis of the phase 3 SELECT trial, semaglutide resulted in a 20% reduction in major adverse cardiovascular events (MACE) in patients with obesity (BMI >=27 kg/m2) and established cardiovascular disease but not diabetes. - The phase 3 SELECT trial enrolled adults aged 45 years or older with a BMI of 27 kg/m2 or higher and established cardiovascular disease. - The SELECT trial randomized participants from 41 countries 1:1 to receive once-weekly semaglutide 2.4 mg or placebo.",challenges,0.9,"The element claims the preventive effect applies to everyone who is overweight, but the passage specifies it was shown only in patients with obesity (BMI >=27 kg/m2) *and* established cardiovascular disease but not diabetes, meaning it doe…",Y,,error,,,,
t02_select/c1/e2/ev-b9975554d66e,t02_select,This preventive effect applies to everyone who is overweight.,disputed,challenges,"Details that participants were specifically required to have pre-existing cardiovascular conditions such as prior myocardial infarction, stroke, or PAD.",pmc.ncbi.nlm.nih.gov,https://pmc.ncbi.nlm.nih.gov/articles/PMC10107832/,primary,"- The SELECT study evaluated the effect of semaglutide versus placebo on major CV events in individuals with overweight or obesity without diabetes, with prior myocardial infarction, stroke, and/or peripheral artery disease. - The study enrolled 17,605 participants with an average age of 61.6 years and BMI of 33.34 kg/m2.",neither,1.0,"The passage discusses a specific study on individuals with overweight or obesity and specific cardiovascular conditions, but does not provide evidence that the preventive effect applies to everyone who is overweight.",N,neither,error,,no response,,
t02_select/c1/e2/ev-e034ece5a149,t02_select,This preventive effect applies to everyone who is overweight.,disputed,challenges,Notes the SELECT study enrolled non-diabetic patients aged 45 and older with pre-existing cardiovascular disease rather than the general overweight population.,news-medical.net,https://www.news-medical.net/news/20251026/Semaglutide-protects-the-heart-beyond-weight-loss-SELECT-trial-shows.aspx,reporting,"- The SELECT trial was a randomized, placebo-controlled, phase 3 trial evaluating whether semaglutide was superior to placebo in decreasing major adverse cardiovascular events (MACE) risk in 17,604 non-diabetic patients with obesity or overweight and cardiovascular disease. - Eligible patients in the SELECT trial were aged >= 45 years, with a body mass index (BMI) >= 27 kg/m2 and established cardiovascular disease. - Semaglutide reduced MACE incidence in the SELECT trial, with no heterogeneity in effect across baseline body habitus measures. - In the semaglutide arm, risk fell by about 4% per 5 kg lower baseline weight, and for waist circumference, both arms showed about 4% lower risk per 5 cm smaller baseline waist circumference. - At week 20, the mean changes in body weight and waist circumference were -6.4% and -5.0 cm for the semaglutide group, and -0.8% and -1.1 cm for the placebo group, respectively.",supports,0.9,"The passage notes that semaglutide reduced MACE incidence with no heterogeneity in effect across baseline body habitus measures, indicating the preventive effect applies broadly to those with overweight.",N,direction,error,,no response,,
t02_select/c1/e2/ev-b1f94c97f72f,t02_select,This preventive effect applies to everyone who is overweight.,disputed,challenges,Clarifies that the trial demonstrated benefit specifically in overweight or obese individuals with established cardiovascular disease.,adameetingnews.org,https://www.adameetingnews.org/select-trial-demonstrates-semaglutide-benefits-beyond-reduction-of-cardiovascular-events/,reporting,"- The SELECT trial established semaglutide as effective in reducing cardiovascular events by 20% in people considered to be overweight or obese who have cardiovascular disease without diabetes. - The SELECT trial included more than 17,000 people.",challenges,0.9,"The element states the effect applies to everyone who is overweight, whereas the passage specifies the trial only included people who are overweight or obese AND have cardiovascular disease without diabetes.",Y,,error,,,,
t02_select/c1/e3/ev-9f6fc49d669f,t02_select,The intervention reduces absolute risk by 20%.,disputed,challenges,"Specifies that the SELECT trial achieved a 1.5% absolute risk reduction, with the 20% figure representing relative risk reduction.",enarahealth.com,https://enarahealth.com/blog/the-select-trial-a-new-era-in-obesity-and-cardiovascular-care/,commentary,"- According to the SELECT trial, semaglutide showed a 1.5% absolute and a 20% relative risk reduction in cardiovascular death, non-fatal MI, and non-fatal stroke. - The SELECT trial showed a 19% reduction in all-cause mortality in three years. - The weight loss in the SELECT trial was -9.39%. - SELECT participants had an average age of 61, were predominantly male at 72%, and had a lower average BMI of 33. - A notable 70.2% of SELECT participants were on beta-blockers.",challenges,1.0,"The passage explicitly states that semaglutide showed a 1.5% absolute risk reduction, which contradicts the element's claim of a 20% absolute risk reduction.",Y,,challenges,0.95,"The passage states that the absolute risk reduction was 1.5%, while the 20% figure was a relative risk reduction.",Y,
t02_select/c1/e3/ev-75357b9b7190,t02_select,The intervention reduces absolute risk by 20%.,disputed,challenges,"Shows primary event rates of 6.5% vs 8.0% (HR 0.80), representing a 1.5 percentage point absolute risk reduction rather than 20% absolute risk reduction.",cardionerds.com,https://www.cardionerds.com/cardsjc-semaglutide-and-cardiovascular-outcomes-in-obesity-without-diabetes-select-trial/,primary,"- The SELECT trial evaluated if semaglutide 2.4 mg subcutaneously once weekly is superior to placebo when added to standard of care for preventing major adverse cardiovascular events in patients with established CVD and overweight or obesity but without diabetes. - The SELECT trial was a multi-center, double-blind, randomized, placebo-controlled, event-driven superiority trial across 804 participating clinical sites in 41 countries. - Patients in the semaglutide study arm experienced a significantly lower rate of the primary cardiovascular composite end-point (6.5% vs 8.0%, HR 0.80, 95% CI 0.72-0.90).",challenges,1.0,"The passage reports an absolute risk of 6.5% versus 8.0%, which is an absolute risk reduction of 1.5% (and a relative risk reduction of 20%), contradicting the claim of a 20% absolute risk reduction.",Y,,challenges,0,,Y,
t02_select/c1/e3/ev-89c4bc6ba1da,t02_select,The intervention reduces absolute risk by 20%.,disputed,challenges,"Confirms composite MACE rates of 6.5% in the semaglutide group versus 8.0% in placebo, indicating a 1.5% absolute difference.",acc.org,https://www.acc.org/latest-in-cardiology/clinical-trials/2023/11/09/15/04/select,primary,"- The SELECT trial showed that in patients with overweight or obesity and established CVD but without diabetes, once-weekly subcutaneous semaglutide was associated with a decreased risk of MACE compared with placebo. - Patients with overweight or obesity and established CVD were randomized to receive once-weekly subcutaneous semaglutide (n = 8,803) vs. placebo (n = 8,801). - The total number of enrollees in the SELECT trial was 17,604 with a mean duration of follow-up of 40 months. - The primary outcome of major adverse CV events for semaglutide vs. placebo was 6.5% vs. 8.0%, with a hazard ratio of 0.80. - In the SELECT trial, the mean change in body weight at 104 weeks was -9.4% for semaglutide versus -0.9% for placebo.",supports,0.9,"The passage reports the primary outcome rates as 6.5% vs. 8.0%, which is a difference of 1.5% absolute risk reduction, but wait, let me re-calculate: 8.0% minus 6.5% is 1.5%, not 20%. Therefore, it challenges or does not support the absolu…",N,direction,challenges,0.95,The passage shows an absolute risk reduction of 1.5% (6.5% vs. 8.0%) and a hazard ratio of 0.80 (2,Y,
t02_select/c1/e3/ev-9a4a90c5321b,t02_select,The intervention reduces absolute risk by 20%.,disputed,challenges,The evidence states an absolute risk reduction of 2% rather than the 20% claimed in the element.,mediacenteratypon.nejmgroup-production.org,https://mediacenteratypon.nejmgroup-production.org/NEJMoa2307563.pdf,primary,"2% among patients with overweight or obesity who did not have diabetes. 18 In the Intervention and Management Semaglutide Effects on Cardiovascular Outcomes Patients were randomly assigned, with the use of in People with Overweight or Obesity (SELECT) a centralized system in a double-blind manner tr...",neither,1.0,The passage discusses participant characteristics and a study name without providing data on absolute risk reduction matching the claim.,N,neither,neither,0.95,The,N,neither
t03_creatine/c1/e1/ev-85114eadc75a,t03_creatine,The population consists of healthy adults.,supported,supports,Reviews randomized controlled trials examining the effects of creatine supplementation specifically in healthy individuals.,pmc.ncbi.nlm.nih.gov,https://pmc.ncbi.nlm.nih.gov/articles/PMC6093191/,primary,"Findings suggest potential benefit for aging and stressed individuals. Since creatine is safe, future studies should include larger sample sizes. It is imperative that creatine should be tested on patients with dementias or cognitive impairment. Keywords: Creatine, Memory, Cognitive function, Healthy individuals 1. Introduction Creatine is a naturally occurring compound that is synthesized from the amino acids arginine, glycine and methionine through a two-step reaction (Andres et al",supports,0.9,"The passage explicitly lists 'Healthy individuals' as a keyword, which aligns with the population consisting of healthy adults.",Y,,error,,,,
t03_creatine/c1/e1/ev-59190839cb73,t03_creatine,The population consists of healthy adults.,supported,supports,Explicitly evaluates the cognitive effects of creatine supplementation in healthy adult populations.,jpbs.hapres.com,https://jpbs.hapres.com/htmls/JPBS_1766_Detail.html,primary,"- Collectively, higher doses of CrM have shown beneficial effects for older adults with Alzheimer’s Disease, young adults following acute periods of sleep deprivation, children suffering from TBI, and depression. - In healthy adults, CrM improves measures of cognitive functioning, such as memory, attention time, and information processing speed. - During mental fatigue, the supplementation of CrM (8 grams per day for 5 days) has demonstrated increased oxygen utilization in the brain and corresponding reduction of mental fatigue when subjects repeatedly perform a simple mathematical calculation.",supports,1.0,"The passage explicitly states that in healthy adults, CrM improves measures of cognitive functioning.",Y,,error,,no response,,
t03_creatine/c1/e2/ev-adef0afca3b1,t03_creatine,The intervention consists of taking 5g of creatine daily.,supported,supports,Identifies 3 to 5 grams per day as the standard daily maintenance dosage of creatine monohydrate.,balancejournal.co,https://balancejournal.co/wellness/how-much-creatine-per-day,commentary,"Creatine non-responders do exist, but they represent a minority. Most people who report no effect are under-dosing, under-consistent, or not yet at the four-week saturation mark. Frequently Asked Questions Is 5g of creatine a day enough. Three to 5g per day of creatine monohydrate is the standard maintenance dose endorsed by the International Society of Sports Nutrition (ISSN). At this intake, muscle creatine stores saturate fully over three to four weeks and remain elevated with consistent daily supplementation",supports,1.0,The passage confirms that 3 to 5g per day of creatine is the standard maintenance dose for supplementation.,Y,,error,,no response,,
t03_creatine/c1/e2/ev-34f10204e094,t03_creatine,The intervention consists of taking 5g of creatine daily.,supported,supports,Confirms typical recommended creatine supplementation dosages are 3 to 5 grams per day.,pmc.ncbi.nlm.nih.gov,https://pmc.ncbi.nlm.nih.gov/articles/PMC7871530/,primary,- Recommended dosages for creatine supplementation are typically 3-5 g/day or 0.1 g/kg of body mass/day.,supports,0.9,"The passage confirms that 5g/day is a typical recommended dosage for creatine supplementation, which aligns with the element.",Y,,neither,0.85,The passage describes general recommended dosage ranges for creatine supplementation rather than confirming,N,neither
t03_creatine/c1/e2/ev-d12d2a53b0f7,t03_creatine,The intervention consists of taking 5g of creatine daily.,supported,supports,Confirms taking 5g of creatine daily is a safe and effective maintenance dose.,bubsnaturals.com,https://www.bubsnaturals.com/blogs/creatine-and-fitness/why-you-might-ask-should-i-take-5g-of-creatine-a-day,commentary,- Taking 5g of creatine a day is a safe and effective dose to maintain muscle saturation for most people.,supports,1.0,"The passage explicitly states that taking 5g of creatine a day is a safe and effective dose, which aligns directly with the element.",Y,,error,,no response,,
t03_creatine/c1/e2/ev-259c599e7b08,t03_creatine,The intervention consists of taking 5g of creatine daily.,supported,supports,Recommends consistent daily intake of 5g of creatine for healthy adults.,bubsnaturals.com,https://www.bubsnaturals.com/blogs/creatine-and-fitness/optimal-dosing-can-i-take-5mg-of-creatine-a-day,commentary,"- Consistent daily use of 5g of creatine is widely considered the safest and most effective way to improve physical performance and cognitive function. - Taking 5g of creatine daily is the standard recommendation for most healthy adults to keep muscles saturated and support strength, recovery, and brain health without a complex loading phase. - Recent studies have shown that 5g of creatine daily may support mental clarity, memory recall, and cognitive performance, especially during times of stress or sleep deprivation.",supports,1.0,The passage explicitly states that taking 5g of creatine daily is a consistent practice used to improve physical performance and cognitive function.,Y,,supports,0.95,The passage repeatedly and explicitly discusses taking 5g of creatine daily as the intervention,Y,
t03_creatine/c1/e3/ev-0cec55266aec,t03_creatine,Taking 5g of creatine daily acts as the causal driver that prevents dementia.,disputed,challenges,States that trials to date have not shown any protective effect against neurodegenerative diseases.,alzdiscovery.org,https://www.alzdiscovery.org/cognitive-vitality/ratings/creatine,commentary,"- Trials to date have not shown a protective effect for neurodegenerative disease. - Higher dietary intake of creatine, 1 gram or more per day, has been associated with better performance on cognitive tests in people over age 60. - The impact of creatine supplementation on cognition has been mixed in clinical trials. - No clear benefits have been observed in clinical trials conducted to date in patients with Parkinson’s disease, Huntington’s disease, or amyotrophic lateral sclerosis (ALS).",challenges,0.9,"The passage states that trials to date have not shown a protective effect for neurodegenerative disease and that impacts on cognition have been mixed, which directly contradicts the claim that creatine acts as a causal driver preventing de…",Y,,error,,no response,,
t03_creatine/c1/e4/ev-0cec55266aec,t03_creatine,The outcome is the prevention of dementia in healthy adults.,disputed,challenges,Reports no clear protective benefits in clinical trials for neurodegenerative conditions.,alzdiscovery.org,https://www.alzdiscovery.org/cognitive-vitality/ratings/creatine,commentary,"- Trials to date have not shown a protective effect for neurodegenerative disease. - Higher dietary intake of creatine, 1 gram or more per day, has been associated with better performance on cognitive tests in people over age 60. - The impact of creatine supplementation on cognition has been mixed in clinical trials. - No clear benefits have been observed in clinical trials conducted to date in patients with Parkinson’s disease, Huntington’s disease, or amyotrophic lateral sclerosis (ALS).",challenges,0.9,"The passage states that trials to date have not shown a protective effect for neurodegenerative disease, which contradicts the claim of preventing dementia in healthy adults.",Y,,error,,no response,,
t04_jwst/c1/e1/ev-13160ec05246,t04_jwst,The James Webb Space Telescope orbits the Earth every 90 minutes.,disputed,challenges,"States that Webb does not orbit the Earth but orbits the Sun at the second Lagrange point (L2), noting that it is Hubble that orbits Earth every 90 minutes.",science.nasa.gov,https://science.nasa.gov/mission/webb/orbit/,primary,"- The James Webb Space Telescope is not in orbit around the Earth, like the Hubble Space Telescope is - it actually orbits the Sun, 1.5 million kilometers (1 million miles) away from the Earth at what is called the second Lagrange point or L2. - Unlike Hubble, which goes in and out of Earth shadow every 90 minutes, Webb has an unimpeded view that allows science operations 24/7.",challenges,1.0,"The passage explicitly states that the James Webb Space Telescope orbits the Sun rather than the Earth, directly contradicting the claim.",Y,,challenges,1.0,"The passage explicitly states that the James Webb Space Telescope does not orbit the Earth, but rather orbits the Sun, and that it is the Hubble Space Telescope that has a 90-minute cycle.",Y,
t04_jwst/c1/e1/ev-41ff11e48baa,t04_jwst,The James Webb Space Telescope orbits the Earth every 90 minutes.,disputed,challenges,Confirms Webb orbits the Sun 1.5 million kilometers from Earth rather than orbiting Earth every 90 minutes.,science.nasa.gov,https://science.nasa.gov/mission/webb/,primary,- Webb orbits the Sun 1.5 million kilometers from the Earth. - The James Webb Space Telescope is the largest and most powerful telescope ever launched to space.,challenges,1.0,"The passage states that Webb orbits the Sun, whereas the element claims it orbits the Earth every 90 minutes.",Y,,challenges,0.95,The passage states that the telescope orbits the Sun rather than the Earth.,Y,
t04_jwst/c1/e2/ev-be8a234081c1,t04_jwst,The James Webb Space Telescope has a 6.5-metre primary mirror.,supported,supports,Explicitly confirms that Webb's primary mirror measures 6.5 meters across.,science.nasa.gov,https://science.nasa.gov/mission/webb/webbs-mirrors/,primary,"- Webb's primary mirror is 6.5 meters (21 feet 4 inches) across. - Webb's primary mirror is the largest ever launched into space. - Each of the primary mirror's 18 hexagonal-shaped mirror segments is 1.32 meters (4.3 feet) in diameter, flat to flat.",supports,1.0,"The passage explicitly states that Webb's primary mirror is 6.5 meters across, which directly supports the element.",Y,,supports,1.0,The passage explicitly states that Webb's primary mirror is 6.5 meters across.,Y,
t04_jwst/c1/e2/ev-985384df10e7,t04_jwst,The James Webb Space Telescope has a 6.5-metre primary mirror.,supported,supports,States that the total diameter of Webb's primary mirror spans 6.5 metres.,esawebb.org,https://esawebb.org/about/general/mirrors/,primary,"- According to esawebb.org, the total diameter of Webb’s primary mirror spans 6.5 metres.",supports,1.0,"The passage explicitly states that Webb's primary mirror spans 6.5 metres, which directly aligns with the element.",Y,,supports,1.0,The passage directly confirms that Webb's primary mirror has a total diameter of 6.5 metres.,Y,
t04_jwst/c1/e3/ev-049843d45d8c,t04_jwst,The James Webb Space Telescope was launched in December 2021.,supported,supports,"Confirms the James Webb Space Telescope launched on Saturday, 25 December 2021.",esa.int,https://www.esa.int/ESA_Multimedia/Transmissions/2021/12/James_Webb_Space_Telescope_live_launch,primary,- The James Webb Space Telescope was launched on Saturday 25 December 2021.,supports,1.0,"The passage explicitly states that the James Webb Space Telescope was launched on 25 December 2021, which directly confirms the element.",Y,,supports,1.0,The passage directly confirms that the James Webb Space Telescope was launched on 25 December 2021.,Y,
t04_jwst/c1/e3/ev-2b510962f9e7,t04_jwst,The James Webb Space Telescope was launched in December 2021.,supported,supports,"States that the James Webb Space Telescope was launched on December 25, 2021.",teledyne.com,https://www.teledyne.com/digital-imaging-space-science-monthly/the-james-webb-space-telescope,primary,"- The James Webb Space Telescope (JWST) was launched on December 25, 2021. - The James Webb Space Telescope has a 6.5-meter primary mirror.",supports,1.0,"The passage explicitly states that the James Webb Space Telescope was launched on December 25, 2021, which directly confirms the claim that it was launched in December 2021.",Y,,supports,1.0,"The passage explicitly states that the James Webb Space Telescope was launched on December 25, 2021.",Y,
t04_jwst/c1/e3/ev-992db65965fc,t04_jwst,The James Webb Space Telescope was launched in December 2021.,supported,supports,Reports that the James Webb Space Telescope was launched on 25 December 2021.,orbitalradar.com,https://orbitalradar.com/jwst-tracker,primary,"- According to orbitalradar.com, the James Webb Space Telescope was launched on 25 December 2021. - According to orbitalradar.com, JWST's primary mirror spans 6.5 metres in diameter. - According to orbitalradar.com, unlike Hubble which experiences heating/cooling cycles every 90 minutes, JWST orbits the Sun in a halo orbit around the L2 point.",supports,1.0,The passage explicitly states that the James Webb Space Telescope was launched on 25 December 2021.,Y,,supports,1.0,The passage explicitly states that the James Webb Space Telescope was launched on 25 December 2021.,Y,
t04_jwst/c1/e3/ev-3c5d95ad6d09,t04_jwst,The James Webb Space Telescope was launched in December 2021.,supported,supports,Confirms that the telescope was launched in December 2021.,esahubble.org,https://esahubble.org/wordbank/james-webb-space-telescope/,primary,- The James Webb Space Telescope was launched in December 2021. - Webb is equipped with a primary mirror that spans 6.5 metres in diameter.,supports,1.0,"The passage explicitly states that the James Webb Space Telescope was launched in December 2021, which directly confirms the element.",Y,,supports,1.0,The passage explicitly states that the James Webb Space Telescope was launched in December 2021.,Y,
t04_jwst/c1/e3/ev-dadb850b3c32,t04_jwst,The James Webb Space Telescope was launched in December 2021.,supported,supports,Records that JWST was launched by NASA in December 2021.,ebsco.com,https://www.ebsco.com/research-starters/engineering/james-webb-space-telescope-jwst,commentary,"- According to ebsco.com, the James Webb Space Telescope (JWST) was launched by NASA in December 2021. - According to ebsco.com, the JWST has a primary mirror measuring 21.3 feet (6.5 meters) across.",supports,1.0,The passage explicitly states that the James Webb Space Telescope was launched in December 2021.,Y,,supports,1.0,The passage explicitly states that the James Webb Space Telescope was launched in December 2021.,Y,
t04_jwst/c1/e3/ev-c8d6d11875c5,t04_jwst,The James Webb Space Telescope was launched in December 2021.,supported,supports,Confirms JWST was launched in December 2021.,planetary.org,https://www.planetary.org/space-missions/james-webb-space-telescope,commentary,"- According to planetary.org, NASA’s James Webb Space Telescope, JWST, is a multipurpose observatory launched in December 2021. - According to planetary.org, JWST's mirror is 6.5-meters across.",supports,1.0,The passage explicitly states that the James Webb Space Telescope was launched in December 2021.,Y,,supports,1.0,The passage explicitly states that NASA's James Webb Space Telescope was launched in December 2021.,Y,
t05_bankrate_425/c1/e1/ev-9db008465a5d,t05_bankrate_425,The Bank of England's Bank Rate is 4.25% as of 7 September 2026.,disputed,challenges,"Confirms the Bank of England base rate was held at 3.75% on 30 July 2026 until the next decision on 17 September 2026, contradicting the claimed 4.25%.",mortgageonefinance.co.uk,https://www.mortgageonefinance.co.uk/santander-mortgage-rates,primary,- The Bank of England base rate was held at 3.75% on 30 July 2026 and the next decision lands on 17 September 2026.,challenges,1.0,"The passage states that the Bank of England base rate was 3.75% on 30 July 2026, which contradicts the claim that the rate is 4.25% as of 7 September 2026.",Y,,challenges,0.95,The passage indicates the rate was set at 3.75% on 30 July 2026 with no further decisions until 17 September,Y,
t06_sweden_focus/c1/e1/ev-0ef47dcd1457,t06_sweden_focus,Sweden chose not to impose a general lockdown during 2020-22.,supported,supports,Confirms Sweden never enacted a lockdown involving severe restrictions on movement or stay-at-home orders during COVID-19.,bbc.com,https://www.bbc.com/future/article/20250304-the-countries-that-never-locked-down-for-covid-19,reporting,"- Sweden, Taiwan, Uruguay, Iceland, and a few others never enacted a lockdown involving severe restrictions on the movement of people, such as legally binding stay-at-home orders. - A study published in May 2024 by Ingeborg Forthun and other researchers found a noticeable spike in excess deaths in Sweden during the initial waves in the spring and winter of 2020. - According to Ingeborg Forthun, excess mortality fell in Norway, Finland, and Denmark in 2020, but rose compared to Sweden in 2021 and 2022, resulting in the four countries having a comparable number of excess deaths when accounting for population size.",supports,1.0,The passage explicitly states that Sweden never enacted a lockdown involving severe restrictions on the movement of people.,Y,,supports,0.95,The passage explicitly states that Sweden never enacted a lockdown involving severe movement restrictions such as stay-at-home orders.,Y,
t06_sweden_focus/c1/e1/ev-aed744939436,t06_sweden_focus,Sweden chose not to impose a general lockdown during 2020-22.,supported,supports,States that Sweden's response was less invasive than other countries and involved no general lockdown.,pmc.ncbi.nlm.nih.gov,https://pmc.ncbi.nlm.nih.gov/articles/PMC7537539/,primary,"- According to the paper, Sweden's response was less invasive than many other countries, with no general lockdown.",supports,1.0,The passage explicitly confirms the element by stating that Sweden had no general lockdown in its response.,Y,,supports,0.95,The passage explicitly mentions that Sweden had no general lockdown in its response.,Y,
t06_sweden_focus/c1/e2/ev-271cb07adc3a,t06_sweden_focus,Sweden experienced lower excess mortality in 2020-22 than every other European country.,disputed,challenges,"Shows Sweden's 2020-2022 excess mortality rate was 158 per 100,000, higher than Denmark (97), Norway (129), and Luxembourg (46).",pmc.ncbi.nlm.nih.gov,https://pmc.ncbi.nlm.nih.gov/articles/PMC10399217/,primary,"- According to available data on excess all-cause mortality rates, Sweden experienced fewer deaths per population unit during the pandemic (2020–2022) than most high-income countries. - From January 2020 to December 2022, cumulative excess all-cause mortality across 42 European countries ranged from 46 (Luxembourg) to 1,080 (Bulgaria) deaths per 100,000 inhabitants. - In Sweden, the excess mortality rate for 2020–2022 was 158 per 100,000 inhabitants, ranking 37th among 42 European countries. - Excess mortality rates for 2020–2022 in other Nordic countries were 129 for Norway, 97 for Denmark, and 228 for Finland. - In 2020, Sweden's excess mortality was estimated to be 85 per 100,000 inhabitants. - During the second and third years of the pandemic (2021–2022), Sweden's excess mortality was 69 per 100,000 inhabitants, compared to 97–204 for Nordic countries and a median of 192 for Europe in general.",challenges,1.0,"The passage states that Sweden ranked 37th out of 42 European countries in excess mortality, which contradicts the claim that it experienced lower excess mortality than every other European country.",Y,,error,,no response,,
t06_sweden_focus/c1/e2/ev-e58856a4a31f,t06_sweden_focus,Sweden experienced lower excess mortality in 2020-22 than every other European country.,disputed,supports,Cites Statistics Sweden data reporting that Sweden had the lowest excess mortality in the EU and Nordic countries during 2020-2022.,pmc.ncbi.nlm.nih.gov,https://pmc.ncbi.nlm.nih.gov/articles/PMC12048725/,primary,"- According to an article published on 4 March 2023 in the newspaper Svenska Dagbladet, Sweden's excess mortality was lowest in the European Union and the Nordic countries during 2020-2022, according to Statistics Sweden. - Total excess mortality for the years 2020-2022 was 11,897 individuals in Sweden and 6089 in Norway. - In Sweden, 60% of excess mortality was observed in 2020, 8% in 2021, and 32% in 2022. - In Norway, 0% of excess mortality was observed in 2020, 20% in 2021, and 80% in 2022. - The results from Statistics Sweden reported in the newspaper showed that Norway had 5.0% more deaths in 2020-2022 compared with 2017-2019, and Sweden had 4.4% more deaths.",challenges,1.0,"The passage states that Sweden's excess mortality was lowest in the European Union and the Nordic countries, whereas the element claims it was lower than every other European country (which includes non-EU/non-Nordic European countries suc…",N,direction,error,,no response,,
t06_sweden_focus/c1/e2/ev-db780f394c50,t06_sweden_focus,Sweden experienced lower excess mortality in 2020-22 than every other European country.,disputed,challenges,"The study shows Sweden had worse epidemiological outcomes and deaths than other Nordic countries during multiple waves, contradicting the claim that Sweden had lower excess mortality than every other European country.",link.springer.com,https://link.springer.com/article/10.1186/s13690-025-01531-5,primary,"- Overall, Sweden had more infections, deaths, hospitalizations, and ICU admissions than the other Nordic countries during the first three waves of the pandemic. - In the fourth wave, Denmark exceeded Sweden in infections, deaths, hospitalizations, and ICU admissions. - The investigated time period for the comparative study on Nordic countries was 1 January 2020 to 30 April 2022.",challenges,1.0,"The passage states that Sweden had more deaths than other Nordic countries during the first three waves, which contradicts the claim that Sweden experienced lower excess mortality than every other European country.",Y,,error,,no response,,
t06_sweden_focus/c1/e2/ev-818d6871061b,t06_sweden_focus,Sweden experienced lower excess mortality in 2020-22 than every other European country.,disputed,challenges,Data showing Sweden ranks 30th out of 47 European countries in per capita deaths contradicts the assertion that Sweden had lower excess mortality than every other European country.,en.wikipedia.org,https://en.wikipedia.org/wiki/COVID-19_pandemic_in_Sweden,primary,"The COVID-19 pandemic in Sweden is a part of the pandemic of coronavirus disease 2019 caused by severe acute respiratory syndrome coronavirus 2. As of 22 March 2023, there have been 2,701,192 confirmed cumulative cases and 23,851 deaths with confirmed COVID-19 in Sweden. Sweden ranks 57th in per capita deaths worldwide, and out of 47 European countries, Sweden places 30th. A 2022 estimate of excess mortality during the pandemic using IHME COVID model estimated 18,300 excess deaths during 2020–2021 The Economist model value estimated 13,670 excess deaths between 16th 2020-Mar 6th 2022.",challenges,1.0,"The passage states that Sweden ranks 30th out of 47 European countries in per capita deaths, which contradicts the claim that it experienced lower excess mortality than every other European country.",Y,,error,,no response,,
t06_sweden_focus/c1/e3/ev-842a98804320,t06_sweden_focus,Sweden's decision not to impose a general lockdown was the cause of it having lower excess mortality in 2020-22 than every other European country.,disputed,challenges,"Estimates that Sweden's decision not to impose a mandatory lockdown resulted in up to 4,411 avoidable deaths in 2020, contradicting the claim that avoiding lockdown reduced mortality.",nature.com,https://www.nature.com/articles/s41598-023-45934-2,primary,"- In the year 2020, 7,144 more Swedes died compared to the average number of deaths in the previous 5 years. - Using the Synthetic Control Method, one study estimates that not imposing a mandatory lockdown in Sweden resulted in up to 4,411 of the 46,554 deaths registered between the end of February 2020 and the end of September 2020 being potentially avoidable.",challenges,1.0,"The passage states that Sweden's lack of a lockdown resulted in thousands of potentially avoidable deaths, which contradicts the claim that this decision caused lower excess mortality.",Y,,error,,no response,,
t07_sqlite_busy/c1/e1/ev-d545fde7c51e,t07_sqlite_busy,"In SQLite using write-ahead logging, readers never block writers.",supported,supports,States that long-running readers do not make writers wait under WAL mode in SQLite.,coddy.tech,https://coddy.tech/docs/sqlite/wal-mode-and-concurrency,commentary,"- Long-running readers (analytics queries, exports) don't make writers wait. If two connections both try to write at the same time, the second one gets SQLITE_BUSY. The fix is usually a sensible busy timeout - tell SQLite to wait a bit before giving up: busy_timeout=5000 means ""if a lock is held, wait up to 5 seconds for it before raising an error. "" Combined with WAL, this handles the contention most apps actually face. The BEGIN IMMEDIATE form takes the write lock at transaction start instead of on the first write, which avoids a class of upgrade deadlocks when multiple connections both intend to write",supports,1.0,"The passage explicitly states that long-running readers do not make writers wait, which directly aligns with the claim that readers never block writers in WAL mode.",Y,,supports,0.9,"The passage states that long-running readers do not make writers wait, in the context of SQLite and write-ahead logging (",Y,
t07_sqlite_busy/c1/e1/ev-33479f2e092d,t07_sqlite_busy,"In SQLite using write-ahead logging, readers never block writers.",supported,supports,Explains that enabling WAL mode (PRAGMA journal_mode=WAL) ensures readers stop blocking writers.,builder.ai2sql.io,https://builder.ai2sql.io/blog/sqlite-error-database-is-locked,commentary,"Covers WAL mode, busy timeout, concurrent access patterns, and write locking strategies. Short answer SQLite's database is locked means another connection holds a write lock and yours gave up waiting. SQLite allows one writer at a time, so more retries rarely help: enable WAL mode ( PRAGMA journal_mode=WAL) so readers stop blocking the writer, and set a busy timeout ( PRAGMA busy_timeout=5000) so a short-lived conflict waits instead of failing instantly. A transaction left open by the application is the other common cause. The Error Message database is locked What Causes SQLite SQLITE_BUSY",challenges,0.95,"The element states that readers never block writers, but the passage states that enabling WAL mode causes readers to stop blocking the writer, implying that without WAL mode (or generally in SQLite) readers did block writers.",N,direction,error,,no response,,
t07_sqlite_busy/c1/e1/ev-36244e49ee3f,t07_sqlite_busy,"In SQLite using write-ahead logging, readers never block writers.",supported,supports,The analysis explicitly confirms that SQLite WAL mode lets readers proceed during writes.,byteledger.vizleo.com,https://byteledger.vizleo.com/blog/write-ahead-logging-explained-2026,commentary,"It brings sequential-append durability and lets readers proceed during writes, which is the main practical benefit — see Postgres vs SQLite for where each fits",supports,1.0,"The passage explicitly states that write-ahead logging 'lets readers proceed during writes', which aligns with the claim that readers never block writers.",Y,,error,,,,
t07_sqlite_busy/c1/e2/ev-302b4841bc95,t07_sqlite_busy,The condition of readers never blocking writers in SQLite write-ahead logging causes SQLITE_BUSY errors to never occur.,disputed,challenges,"Shows that SQLITE_BUSY is caused by write-write conflicts rather than reader blocking, which WAL alone does not eliminate.",shivekkhurana.com,https://shivekkhurana.com/blog/sqlite-in-production/,commentary,", a closure or a data object) into an in-memory queue. - Processing: The dedicated writer pulls jobs off the queue one by one and executes them. Benefits - Zero Contention: Since there is only one writer, SQLITE_BUSYerrors due to write-write conflicts become impossible. - Smart Batching: The writer can peek at the queue. If there are 50 pending insert jobs, it can wrap them all in a single BEGIN IMMEDIATE",neither,1.0,"The passage discusses an in-memory queue and a single-writer architecture eliminating write-write conflicts, whereas the element concerns readers never blocking writers in SQLite write-ahead logging preventing SQLITE_BUSY errors.",N,neither,neither,0.95,"The passage discusses using a single dedicated writer queue to avoid write-write conflicts, and does not mention write-ahead logging or readers not blocking writers.",N,neither
t07_sqlite_busy/c1/e2/ev-8f4728f28e5d,t07_sqlite_busy,The condition of readers never blocking writers in SQLite write-ahead logging causes SQLITE_BUSY errors to never occur.,disputed,challenges,User stress testing under multiple writers shows that 'database is locked' (SQLITE_BUSY) errors still occur despite WAL mode.,reddit.com,https://www.reddit.com/r/golang/comments/1exk981/sqlite_database_is_locked_with_wal_mode/,commentary,"When I stress test for multiple writers (1k and above) I 'm getting this error "" database is locked "" but eventfully the data do saved to db(",challenges,1.0,"The passage reports getting a ""database is locked"" error during stress tests with multiple writers, which directly contradicts the claim that SQLITE_BUSY errors never occur.",Y,,neither,0.9,The passage discusses 'database is locked' errors during stress tests with multiple writers but does not mention SQLite write-ahead logging or the claim that readers never blocking writers prevents SQLITE_BUSY errors.,N,neither
t07_sqlite_busy/c1/e3/ev-122ccdf17da1,t07_sqlite_busy,SQLITE_BUSY errors cannot occur under SQLite write-ahead logging.,disputed,challenges,Demonstrates that SQLite still returns BUSY when journal_mode is WAL if another connection holds an active write lock.,sqlite.org,https://sqlite.org/forum/forumpost/4350638e78869137?t=c&unf,primary,"So you do not bother retrieving the singleton result which is the journal mode. > Opening the live database file with the CLI tool and running ""pragma journal_mode;"" returns ""wal"". So you have something else that already has a write in progress against the database file on some other connection somewhere and you are being told that SQLite is BUSY deqaling with that at the current time, please try your write operation later, after the current lock holder has reelinquised its lock. (12) By anonymous on 2023-06-21 19:31:03 in reply to 11 [link] > So you do not bother retrieving the singleton result which is the journal mode. Perhaps in the future I'll add that to the log",challenges,1.0,"The passage describes encountering a 'BUSY' error even when the database is in write-ahead logging (wal) mode, which contradicts the claim that such errors cannot occur under WAL.",Y,,challenges,0.9,The passage describes a scenario where a database using WAL mode ('wal') still encounters an SQLite BUSY situation due to another active write lock.,Y,
t07_sqlite_busy/c1/e3/ev-360005c6fd2f,t07_sqlite_busy,SQLITE_BUSY errors cannot occur under SQLite write-ahead logging.,disputed,challenges,"Notes that locked database errors still occur even under WAL mode, requiring busy timeouts and explicit transaction management.",hynek.me,https://hynek.me/til/sqlite-read-only-wal-locked/,commentary,"Locked SQLite database errors aren’t just for writers. A lot of online ink has been spilled over the infamous SQLite error: Cannot prepare SQLite statement: database is locked The usual advice goes something like this: - Use WAL mode, - have a non-zero busy timeout, - use BEGIN IMMEDIATEfor transactions that will write. And this advice is correct for the typical workload of a web application that has long-lived database connections1",challenges,1.0,"The passage discusses 'Locked SQLite database errors' and mentions using WAL mode as advice to address them, implying that such errors can still occur even when write-ahead logging is used.",Y,,error,,no response,,
t07_sqlite_busy/c1/e3/ev-452faa47894f,t07_sqlite_busy,SQLITE_BUSY errors cannot occur under SQLite write-ahead logging.,disputed,challenges,Discusses encountering unexpected SQLITE_BUSY errors during concurrent write upgrades despite configured timeouts.,berthub.eu,https://berthub.eu/articles/posts/a-brief-post-on-sqlite3-database-locked-despite-timeout/,commentary,"Last week however, I ran into one of my projects unexpectedly getting SQLITE_BUSY errors. And then someone urged me to run ‘a real database’ (PostgreSQL), and that hurt. The tl;dr on this, to prevent SQLITE_BUSY errors even when setting a timeout, don’t ever upgrade transactions to read-write. If you know you are going to write in a transaction, use ‘BEGIN IMMEDIATE’, or start off with the write. But do read on for why this is so, and how other databases struggle with this problem as well",challenges,1.0,"The passage explicitly states that the author unexpectedly encountered SQLITE_BUSY errors in a project, which contradicts the claim that such errors cannot occur.",Y,,neither,0.9,"The passage discusses encountering and mitigating SQLITE_BUSY errors, but it does not mention write-ahead logging.",N,neither
t07_sqlite_busy/c1/e3/ev-8f4728f28e5d,t07_sqlite_busy,SQLITE_BUSY errors cannot occur under SQLite write-ahead logging.,disputed,challenges,The evidence directly contradicts the absolute claim that SQLITE_BUSY cannot occur under WAL by reporting actual occurrences of the error during testing.,reddit.com,https://www.reddit.com/r/golang/comments/1exk981/sqlite_database_is_locked_with_wal_mode/,commentary,"When I stress test for multiple writers (1k and above) I 'm getting this error "" database is locked "" but eventfully the data do saved to db(",challenges,1.0,"The passage reports encountering 'database is locked' errors (equivalent to SQLITE_BUSY) during stress tests, which contradicts the claim that such errors cannot occur.",Y,,neither,0.9,"The passage mentions encountering a 'database is locked' error during stress testing, but it does not mention write-ahead logging",N,neither
t08_ev/c1/e1/ev-0205b0fdd8ff,t08_ev,How do the lifecycle greenhouse gas emissions of electric cars compare with those of petrol cars?,supported,supports,"Reports that electric vehicles typically release fewer greenhouse gas emissions across their lifecycles than internal combustion engine vehicles, even accounting for battery manufacturing.",factcheck.org,https://www.factcheck.org/2024/02/electric-vehicles-contribute-fewer-emissions-than-gasoline-powered-cars-over-their-lifetimes/,reporting,"Q: Are electric cars really better for the environment than gasoline-powered cars over their lifetimes? A: Yes. Electric vehicles typically release fewer greenhouse gas emissions than internal combustion engine vehicles during their life cycles, even after accounting for the increased energy required to make their batteries. And their carbon footprints are expected to get smaller in the near future. FULL QUESTION Hi. I have been sent this facebook post regarding Electric car battery information which does not seem factual to me but I would like to know for sure. FULL ANSWER After seeing various versions of a viral post on social media that plays up the environmental costs of electric vehicles, readers have been asking us if EVs are really better for the environment than conventional gasoline-powered cars. The post, which includes false and misleading claims, shares a photo of a Tesla car battery and is accompanied by a long caption highlighting the minerals and energy needed to manufacture the battery — ultimately claiming that EVs take a full seven years to begin lowering carbon emissions compared with a conventional car. The production and use of all kinds of vehicles and fuels have environmental costs. Large amounts of raw minerals and other materials have to be extracted, manufactured and transported globally to make automobile bodies, engines, batteries and other components. Then the vehicles need to run — either on fuels such as gasoline or diesel, which also need to be extracted, refined, produced and distributed, or on electricity, which is generated from fossil fuels, nuclear power or renewables. And when vehicles no longer work, materials need to be recycled or disposed of. At each of these stages, vehicles are responsible for producing heat-trapping gases, known as greenhouse gases, that contribute to climate change. The total emissions across a vehicle’s lifetime are called life cycle or cradle-to-grave emissions. The transportation sector had the",supports,1.0,The passage explicitly states that electric vehicles typically release fewer greenhouse gas emissions than internal combustion engine vehicles over their life cycles.,Y,,error,,no response,,
t08_ev/c1/e1/ev-0d3b56922d00,t08_ev,How do the lifecycle greenhouse gas emissions of electric cars compare with those of petrol cars?,supported,supports,"Reports that driving an average EV produces global warming emissions equivalent to a 100 mpg gasoline car, outperforming gasoline vehicles in 97% of the US.",blog.ucs.org,https://blog.ucs.org/dave-reichmuth/how-much-cleaner-is-your-ev-than-a-gasoline-car/,commentary,"- driving the average electric vehicle produces global warming emissions equal to a gasoline car with 100 mile per gallon efficiency, according to a recent update on global warming emissions from recharging EVs in the US - 97 percent of the country lives where driving the average EV is better on climate-changing emissions than the most efficient gasoline vehicle - fully electric vehicles are best for emissions, but plug-in hybrids can be better than conventional vehicles as long as they are regularly plugged in to minimize gasoline use - the 2026 Lucid Air Pure has an efficiency of 23.1 kWh/100 miles and an equivalent global warming emissions of 119 mpg-gasoline equivalent - the 2025 Tesla Model 3 Long Range has an efficiency of 24.6 kWh/100 miles and an equivalent global warming emissions of 112 mpg-gasoline equivalent - the 2025 Hyundai Ioniq 6 Standard Range has an efficiency of 25.0 kWh/100 miles and an equivalent global warming emissions of 110 mpg-gasoline equivalent",supports,1.0,The passage provides comparative data showing that driving electric vehicles produces fewer global warming emissions than driving gasoline cars.,Y,,error,,,,
t08_ev/c1/e1/ev-edf2c81bddbf,t08_ev,How do the lifecycle greenhouse gas emissions of electric cars compare with those of petrol cars?,supported,supports,"States that over the total vehicle lifetime, greenhouse gas emissions from manufacturing, charging, and driving an EV are lower than for a gasoline car.",epa.gov,https://www.epa.gov/greenvehicles/electric-vehicle-myths,primary,"- electric vehicles typically have a smaller carbon footprint than gasoline cars, even when accounting for the electricity used for charging, plus they are far more efficient when it comes to energy use - electric vehicles have no tailpipe emissions - research shows that an EV is typically responsible for lower levels of greenhouse gases than an average new gasoline car - EVs use approximately 87%–91% of the energy from the battery and regenerative braking to propel the vehicle, while gasoline vehicles only convert about 16–25% of energy from gasoline into movement - over the lifetime of the vehicle, total greenhouse gas emissions associated with manufacturing, charging, and driving an EV are typically lower than total GHGs associated with a gasoline car - researchers at Argonne National Laboratory estimated emissions for both a gasoline car and an EV with a 300-mile electric range, finding that total GHGs for the EV are still lower than those for the gasoline car despite higher manufacturing and end-of-life emissions - a study of about 15,000 vehicles from the earliest models through model year 2023 showed that EV battery replacements due to failure have been rare, at an average of 2.5%, and less than a 0.5% failure rate for models since 2016 - California leads the country with more than 1 million electric vehicles and EV charging currently makes up less than 1% of the state's grid total load, even during peak hours",supports,1.0,"The passage explicitly states that over the lifetime of the vehicle, total greenhouse gas emissions associated with an electric vehicle are typically lower than those associated with a gasoline car.",Y,,supports,0.95,"The passage directly addresses the comparison by stating that over the lifetime of the vehicle, total greenhouse gas emissions associated with manufacturing, charging, and driving an EV are typically lower than those of a gasoline car.",Y,
t08_ev/c1/e1/ev-2c86c0df9d6f,t08_ev,How do the lifecycle greenhouse gas emissions of electric cars compare with those of petrol cars?,supported,supports,Estimates that lifecycle greenhouse gas emissions of battery electric cars sold in the EU are 73% lower (63 g CO2e/km vs 235 g CO2e/km) than gasoline vehicles.,theicct.org,https://theicct.org/publication/electric-cars-life-cycle-analysis-emissions-europe-jul25/,primary,"- life-cycle greenhouse gas emissions of battery electric cars sold in the European Union are estimated to be 73% lower than those of gasoline internal combustion vehicles - battery electric vehicles operating on the projected 2025-2044 average EU electricity mix had estimated life-cycle GHG emissions of 63 g CO2e/km, compared to 235 g CO2e/km for gasoline ICEVs - although BEVs were estimated to have about 40% higher production emissions than ICEVs due to battery production, these additional emissions are more than offset after about 17,000 km of use in the first one or two years - when using only renewable electricity, BEVs were estimated to produce life-cycle emissions of 52 g CO2e/km, which is 78% lower than gasoline ICEVs - hybrid electric vehicles and plug-in hybrid electric vehicles have 20% and 30% lower emissions, respectively, than gasoline ICEVs, showing life-cycle GHG emissions of 188 g CO2e/km and 163 g CO2e/km - gasoline and diesel ICEVs showed comparably high life-cycle emissions of 235 g CO2e/km and 234 g CO2e/km, respectively - life-cycle emissions of ICEVs powered by compressed natural gas were estimated at 203 g CO2e/km, or 13% lower than ICEVs powered by diesel or gasoline",supports,1.0,The passage provides detailed lifecycle greenhouse gas emission comparisons between electric cars and petrol (gasoline) cars.,Y,,supports,0.98,"The passage directly answers the comparison question by stating that lifecycle greenhouse gas emissions for battery electric cars are estimated to be 73% lower than those of gasoline internal combustion vehicles, providing specific figures…",Y,
t08_ev/c1/e1/ev-ffd9c7e8bd93,t08_ev,How do the lifecycle greenhouse gas emissions of electric cars compare with those of petrol cars?,supported,supports,Reports that electric cars in Europe emit more than 3 times less CO2 over their lifecycle compared to equivalent petrol cars.,transportenvironment.org,https://www.transportenvironment.org/topics/cars/are-electric-cars-cleaner,commentary,"- Electric cars in Europe emit, on average, more than 3 times less CO2 than equivalent petrol cars. - In the best case scenario, an electric car with a battery produced in Sweden and driven in Sweden can emit 83% less than an equivalent petrol car. - In the worst case scenario, an electric car with a battery produced in China and driven in Poland still emits 37% less CO2 than petrol. - Electric cars bought in 2030 will reduce CO2 emissions four-fold thanks to an EU grid relying more and more on renewables. - HEVs only achieve a 21% reduction in LCA emissions compared to an equivalent petrol car while PHEV improvements are limited to 26%.",supports,1.0,"The passage provides specific lifecycle greenhouse gas emission comparisons between electric cars and petrol cars, showing that electric cars emit significantly less CO2.",Y,,supports,0.95,"The passage directly provides data comparing the lifecycle greenhouse gas emissions of electric cars to petrol cars, showing electric cars emit significantly less CO2 across various scenarios.",Y,
t08_ev/c1/e1/ev-32f28d2313da,t08_ev,How do the lifecycle greenhouse gas emissions of electric cars compare with those of petrol cars?,supported,supports,Cites research showing lifecycle CO2 emissions of electric vehicles are 27% to 52% lower than traditional gasoline vehicles.,illuminem.com,https://illuminem.com/illuminemvoices/which-is-more-harmful-an-electric-car-or-a-gasoline-car,commentary,The researchers concluded that the combined CO2 emissions of electric cars are 52–27% lower than those of traditional vehicles.,supports,1.0,"The passage provides specific quantitative data comparing the CO2 emissions of electric cars to traditional vehicles, directly answering the element.",Y,,supports,0.9,"The passage provides comparative data directly answering how the combined emissions of electric cars compare to traditional vehicles, stating electric cars are 52–27% lower",Y,
t08_ev/c1/e1/ev-18ccaec465dc,t08_ev,How do the lifecycle greenhouse gas emissions of electric cars compare with those of petrol cars?,supported,supports,Finds that lifetime greenhouse gas emissions for a 2024 battery electric SUV are 71% lower than those of an equivalent internal combustion engine vehicle.,theicct.org,https://theicct.org/why-evs-are-already-much-greener-than-combustion-engine-vehicles-jul25/,primary,"- Today’s battery electric vehicles are associated with far fewer greenhouse gas emissions than internal combustion engine vehicles over their lifetimes in major markets making up 70% of global new passenger car sales. - When comparing climate pollution over the lifetime of SUVs built in 2024, the greenhouse gas emissions of the BEV SUV with a 300-mile range are 71% lower than the ICEV. - Looking ahead to the 2030-2047 U.S. average grid mix, BEVs are associated with 77% fewer greenhouse gas emissions than ICEVs. - Emissions from battery production account for about 25% of a BEV’s life-cycle emissions today. - At the end of the manufacturing phase for 2024 SUVs, BEVs were associated with slightly more than 12 tonnes of CO2e and ICEVs about 8 tonnes of CO2e. - BEV carbon debt is typically offset within 1 to 2 years of driving. - By the end of the typical operation phase of a 2024 SUV, BEVs have emitted about 130 g CO2e/mile and ICEVs have emitted more than 450 g CO2e/mile. - BEVs already produce about 70% fewer emissions than gasoline cars when looking at the complete picture including production and operation.",supports,1.0,The passage provides comparative data showing that battery electric vehicles have significantly lower lifecycle greenhouse gas emissions than petrol (internal combustion engine) cars.,Y,,supports,0.95,The passage provides detailed comparative data showing that battery electric vehicles produce significantly fewer lifecycle greenhouse gas emissions than internal combustion engine and gasoline cars.,Y,
t08_ev/c1/e1/ev-1f84be241b0a,t08_ev,How do the lifecycle greenhouse gas emissions of electric cars compare with those of petrol cars?,supported,supports,Confirms that battery electric cars produce 73% lower lifecycle emissions than gasoline cars under projected EU grid conditions.,devera.ai,https://devera.ai/resources/electric-vehicle-lifecycle-emissions-the-full-picture/,commentary,"- According to the ICCT 2025 EU lifecycle analysis, battery electric cars produce 73% lower lifecycle emissions than gasoline cars (63 vs 235 g CO₂e/km on the projected 2025-2044 EU grid). - Battery electric vehicle lifecycle emissions rise to 78% lower when powered exclusively by renewable electricity, according to the ICCT 2025 EU lifecycle analysis. - A 2025 study in Communications Earth & Environment analysed 5,000 comparative cases and found BEVs consistently have the lowest carbon footprints versus hybrid, plug-in hybrid, and fuel-cell vehicles, with an average 32 to 47% lower footprint than hybrid combustion vehicles. - Electric cars generally produce more emissions during manufacturing, largely due to battery production, creating an initial carbon debt compared with petrol cars. - A study comparing EV and ICE emissions found that 46% of EV carbon emissions come from the production process, while for an internal combustion engine vehicle they account for only 26%. - According to the ICCT 2025 lifecycle analysis, a BEV in Europe will offset its higher manufacturing emissions after about 17,000 km (roughly 10,500 miles) of use. - Over the course of its life, a new gasoline car in the US will produce an average of 410 grams of carbon dioxide per mile, while a new electric car produces around 110 grams (roughly 254 and 68 g/km respectively).",supports,1.0,The passage provides specific lifecycle greenhouse gas emission comparisons between electric and petrol/gasoline cars from multiple studies.,Y,,supports,0.95,The passage provides multiple specific lifecycle analyses demonstrating that electric cars have significantly lower overall greenhouse gas emissions than petrol (gasoline) cars despite higher manufacturing emissions.,Y,
t08_ev/c1/e1/ev-0db660146e1f,t08_ev,How do the lifecycle greenhouse gas emissions of electric cars compare with those of petrol cars?,supported,supports,This fact-check explicitly confirms that lifetime carbon emissions are lower for electric vehicles compared to gas-powered cars.,usatoday.com,https://www.usatoday.com/story/news/factcheck/2022/06/09/fact-check-electric-vehicles-emit-less-carbon-over-life-than-gas-cars/9900644002/,reporting,"Fact check: Lifetime carbon emissions lower for electric vehicles than gas-powered cars The claim: Volvo data says it takes a decade for electric vehicles to become 'carbon neutral' The automaker Volvo has committed to selling 100% electric cars by 2030 to slash carbon emissions, the company announced in March 2021. However, a meme circulating on social media claims that the CO2 emissions from electric vehicle manufacturing significantly limits the benefits of the technology for emissions reductions. ""But then Volvo comes out with data ... that electric cars take a decade to become carbon neutral from there (sic) production pollution,"" reads the May 16 Facebook meme. The meme garnered nearly 500 interactions in two days. But the claim is misleading. Electric cars don't become ""carbon neutral,"" since they emit carbon during manufacturing and use – if charged from a grid powered by fossil fuels. ""Carbon neutral"" refers to entities that absorb or otherwise offset their emissions, which isn't the case here. However, after a certain amount of miles powered by a lower-carbon fuel, EVs ""break even"" with traditional vehicles in terms of carbon emissions. After that time, they produce much less carbon, which results in lower emissions over their lifetime. The amount of time required for an EV to break even depends on the vehicle model, driving habits and the energy mix used to charge the EV. USA TODAY reached out to the Facebook user who shared the post for comment.",supports,1.0,The passage explicitly states that lifetime carbon emissions are lower for electric vehicles than for gas-powered cars.,Y,,supports,0.95,The passage directly answers the comparison by stating that lifetime carbon emissions are lower for,Y,
t08_ev/c1/e1/ev-9fb0d5e4da44,t08_ev,How do the lifecycle greenhouse gas emissions of electric cars compare with those of petrol cars?,supported,supports,"This analysis concludes that electric cars more than make up for their higher manufacturing emissions during operation, making them better for the climate.",climate.mit.edu,https://climate.mit.edu/ask-mit/are-electric-vehicles-definitely-better-climate-gas-powered-cars,commentary,"Yes: although electric cars' batteries make them more carbon-intensive to manufacture than gas cars, they more than make up for it by driving ...",supports,1.0,"The passage explains that despite higher manufacturing emissions from batteries, electric cars compensate for it during operation, directly addressing how their lifecycle greenhouse gas emissions compare to petrol cars.",Y,,error,,,,
t08_ev/c1/e1/ev-f68b21895672,t08_ev,How do the lifecycle greenhouse gas emissions of electric cars compare with those of petrol cars?,supported,supports,This IEA primary data chart provides comparative life-cycle greenhouse gas emissions for battery electric and internal combustion engine vehicles.,iea.org,https://www.iea.org/data-and-statistics/charts/comparative-life-cycle-greenhouse-gas-emissions-of-a-mid-size-bev-and-ice-vehicle,primary,"Cite chart IEA (2021), Comparative life-cycle greenhouse gas emissions of a mid-size BEV and ICE vehicle, IEA, Paris https://www",neither,1.0,The passage only provides a bibliographic citation for a chart without stating any actual data or findings that answer how the emissions compare.,N,neither,neither,0.95,The passage is merely a citation title and does not provide any findings or data comparing the lifecycle emissions.,N,neither
t08_ev/c1/e1/ev-rec-e2_6_cf7d5506,t08_ev,How do the lifecycle greenhouse gas emissions of electric cars compare with those of petrol cars?,supported,supports,"States that over the life of the vehicle, total emissions of EVs are lower than for similar gasoline cars, even in places using coal for electricity.",edf.org,https://www.edf.org/have-questions-about-electric-vehicles-our-clean-car-expert-has-answers,commentary,"EVs are also quiet, odorless and fun to drive, with instant torque and intuitive one-pedal driving. There’s a reason that, of American EV drivers surveyed, 92% said their next vehicle would likely be an EV again. Q: Is an EV cleaner than a gasoline-powered vehicle today, even in cases where we’re burning coal for electricity to charge it. A: Yes, by and large, over the life of the vehicle, the total emissions of EVs are lower than for similar cars that run on gasoline — even in places where coal",supports,1.0,"The passage explicitly states that over the life of the vehicle, the total emissions of EVs are lower than for similar gasoline cars.",Y,,supports,0.95,"The passage directly answers the comparison by stating that over the life of the vehicle, total emissions of electric vehicles are lower than those of gasoline-powered cars.",Y,
t08_ev/c1/e1/ev-rec-e2_2_543b5558,t08_ev,How do the lifecycle greenhouse gas emissions of electric cars compare with those of petrol cars?,supported,supports,Reports on a study in Science showing that replacing an internal combustion engine vehicle with a battery-electric vehicle nearly always reduces lifetime greenhouse gas emissions.,globalfleet.com,https://www.globalfleet.com/en/fleet-strategy/global/features/replacing-ice-bev-almost-always-reduces-emissions?t%5B0%5D=Emissions&t%5B1%5D=BEVs&t%5B2%5D=ICE&curl=1,reporting,"Replacing an internal combustion engine (ICE) vehicle with a battery-electric vehicle (BEV) nearly always reduces lifetime greenhouse gas emissions. Even is the car being replaced is nearly new. That is the jist of a study published in the journal Science this summer, and it will unsettle a lot of the thinking about fleet replacement.",supports,1.0,"The passage explicitly states that replacing an ICE vehicle with a battery-electric vehicle nearly always reduces lifetime greenhouse gas emissions, directly answering how their emissions compare.",Y,,error,,,,
t08_ev/c1/e1/ev-rec-e2_3_ddcbe25c,t08_ev,How do the lifecycle greenhouse gas emissions of electric cars compare with those of petrol cars?,supported,supports,Cites MIT-led research finding that battery-electric vehicles beat comparable gas cars on lifecycle emissions across the U.S.,carscoops.com,https://www.carscoops.com/2026/08/mit-ev-emissions-study/,reporting,"The analysis tackled the variables usually missing from that argument, like where drivers live, what powers their grid, what they drive, how far they travel, and even the weather. Its conclusion isn’t that EVs are perfect. It’s that battery-electric vehicles beat comparable gas cars on lifecycle emissions across the U. , including where electricity still comes heavily from fossil fuels. Published in Environmental Research Letters, the MIT-led research first reported by InsideEVs found that EVs c",supports,1.0,The passage explicitly states that battery-electric vehicles beat comparable gas cars on lifecycle emissions.,Y,,supports,0.95,The,Y,
t08_ev/c1/e1/ev-rec-e2_6_e5a312ec,t08_ev,How do the lifecycle greenhouse gas emissions of electric cars compare with those of petrol cars?,supported,supports,Highlights an MIT study demonstrating that lifetime emissions of EVs are lower than those of gas cars.,us.ok.com,https://us.ok.com/ask_news_cars/mit-study-debunks-ev-myth-lifetime-emissions-lower-than-gas-cars/,reporting,"Moreover, the study highlights that used EVs are often a better environmental choice than new gasoline cars, because the manufacturing emissions have already been “paid off” by the original owner",supports,0.9,The passage provides comparative evidence regarding the lifecycle environmental impact and manufacturing emissions of electric vehicles versus gasoline cars.,Y,,neither,0.9,,N,neither
t08_ev/c1/e2/ev-rec-e2_7_f81ffb73,t08_ev,What do comparative studies show regarding the particulate matter emissions produced by electric cars versus petrol cars during operation?,supported,supports,States that electric cars significantly reduce local air pollution because they do not emit particulate matter or other harmful exhaust gases.,kgm-motors.co.uk,https://www.kgm-motors.co.uk/electric-car-ownership/are-electric-cars-better-for-the-environment/,commentary,"Electric cars significantly reduce local air pollution because they do not emit nitrogen oxides, particulate matter or other harmful exhaust gases. This has ...",supports,0.9,"The passage provides evidence that electric cars do not emit particulate matter during operation, directly addressing what comparative studies or facts show regarding these emissions.",Y,,error,,no response,,
t08_ev/c1/e2/ev-rec-e2_5_d3c8086d,t08_ev,What do comparative studies show regarding the particulate matter emissions produced by electric cars versus petrol cars during operation?,supported,supports,"Notes that non-exhaust emissions from brakes, tires, and road wear dominate transport PM pollution, and BEVs may increase tire and brake wear.",elib.dlr.de,https://elib.dlr.de/224732/,primary,"Kurzfassung Non-Exhaust Emissions (NEE)—mainly from brakes, tires, and road wear—have become the dominant source of transport-related particulate matter (PM) pollution as exhaust emissions decline. Today, NEE account for over 90% of road transport PM₁₀ and 80% of PM₂.₅. While electrification reduces tailpipe emissions, Battery Electric Vehicles (BEVs) may increase tire and brake ...",supports,0.9,"The passage provides comparative evidence by noting that while electrification reduces tailpipe emissions, Battery Electric Vehicles may increase tire and brake emissions.",Y,,error,,no response,,
t08_ev/c1/e3/ev-1fdbafd4debe,t08_ev,To what extent do the environmental impacts of battery production for electric cars offset their operational emission advantages over petrol cars?,supported,supports,Reports that higher initial manufacturing emissions (30% higher) are fully offset after two years of on-road driving.,eurekalert.org,https://www.eurekalert.org/news-releases/1102315,reporting,"- lithium-ion battery electric vehicles result in a reduction in cumulative carbon dioxide emissions compared to fossil-based internal combustion engine vehicles after two years of use, according to a study published in PLOS Climate by Pankaj Sadavarte and colleagues - the transportation sector accounts for 28% of US greenhouse gas emissions - during the first two years of operation, electric vehicles produce 30% higher CO₂ emissions than gasoline vehicles when all lifecycle factors are considered, stemming from energy-intensive lithium mining and battery manufacturing - after the second year of on-road use, electric vehicles begin reducing cumulative emissions compared to gasoline alternatives - each additional kWh of lithium-ion battery output leads to an average reduction of 220 kg of CO₂ in 2030 and 127 kg of CO₂ in 2050 - the economic value of environmental damage from internal combustion engine vehicles over their lifetime currently ranges from 2 to 3.5 times that of battery electric vehicles when considering both climate and air quality impacts",supports,1.0,The passage provides specific evidence that battery production impacts are offset by operational advantages after two years of use.,Y,,supports,0.9,The passage directly quantifies,Y,
t08_ev/c1/e3/ev-58267f032646,t08_ev,To what extent do the environmental impacts of battery production for electric cars offset their operational emission advantages over petrol cars?,supported,supports,Finds that the 30% initial carbon penalty from battery production is mitigated within about 2 years of driving.,cen.acs.org,https://cen.acs.org/environment/climate-change/pollution-mitigated-electric-battery-production/103/web/2025/10,reporting,"- after about 2 years, electric cars become more environmentally friendly than their combustion-powered counterparts, according to research comparing greenhouse gas emissions - around 28% of greenhouse gas emissions in the US currently come from transportation, with more than half of that figure originating from cars and other light-duty vehicles - initially, CO2 emissions linked to electric cars are around 30% higher than those of gas-powered cars because of environmental impacts linked to battery production - over an average vehicle lifetime of 18 years, gas-powered cars cause 2 to 3.5 times more environmental damage, using an economic measure, than electric vehicles - electric cars making up 75% of the market share by 2050 could contribute to lowering yearly CO2 emissions by as much as 14% in the US, according to researchers' most ambitious scenario modeled",supports,1.0,The passage provides specific evidence regarding battery production emissions and shows that electric cars overcome this initial impact to become more environmentally friendly after about 2 years.,Y,,error,,no response,,
t08_ev/c1/e3/ev-f66772eb75d8,t08_ev,To what extent do the environmental impacts of battery production for electric cars offset their operational emission advantages over petrol cars?,supported,supports,"Cites analysis showing EVs pay off their battery carbon debt in less than two years (11,000 to 16,000 miles).",interactive.carbonbrief.org,https://interactive.carbonbrief.org/factcheck/electric-vehicles/index.html,reporting,"- According to Carbon Brief, it takes less than two years for a typical EV to pay off the carbon debt from its battery. - Over the full vehicle lifecycle, carbon dioxide emissions from an EV are around three times lower than an average petrol car, according to Carbon Brief. - According to the International Council on Clean Transportation, an EV in Europe will pay off its carbon debt after around 11,000 miles. - In a 2021 lifecycle analysis, the ICCT found that an EV bought in Europe would cut emissions by 66-69% relative to a conventional car. - The ICCT stated that by 2030, emissions savings from an EV would rise to 74-77% as the electricity mix continues to decarbonize. - New Carbon Brief analysis shows that a Tesla Model Y would pay off its carbon debt after around 13,000 miles in the UK. - Auke Hoekstra estimated that the Volvo C40 EV would pay off its carbon debt relative to a petrol XC40 after 16,000 miles.",supports,1.0,"The passage provides evidence that the carbon debt from battery production is paid off in a relatively short time (less than two years or 11,000-16,000 miles), meaning it does not offset the significant long-term operational emission advan…",Y,,error,,no response,,
t08_ev/c1/e3/ev-c4472ad6e3c3,t08_ev,To what extent do the environmental impacts of battery production for electric cars offset their operational emission advantages over petrol cars?,supported,supports,Calculates that the break-even point where operational emission savings outweigh battery production impacts occurs within 2 to 3 years.,felss.com,https://felss.com/en/blog/understanding-the-electric-vehicle-ecological-impact/,commentary,"- Producing an electric vehicle battery can generate between 150 to 200 kilograms of CO2 per kilowatt-hour of battery capacity. - For a typical 60 kWh battery, production generates approximately 9 to 12 tons of CO2 emissions. - In countries with a high share of renewable energy, such as Norway or Iceland, EVs can reduce greenhouse gas emissions by up to 70% compared to conventional vehicles. - In areas heavily dependent on coal-fired power plants, greenhouse gas reduction might be as low as 20-30%. - The break-even point, where environmental benefits outweigh production emissions, typically occurs after 2 to 3 years of driving.",supports,0.9,The passage provides data on battery production emissions and explicitly states the break-even point where operational emission advantages outweigh production impacts.,Y,,error,,no response,,
t08_ev/c1/e3/ev-e4ebffdf505f,t08_ev,To what extent do the environmental impacts of battery production for electric cars offset their operational emission advantages over petrol cars?,supported,challenges,Cites lifecycle data indicating an EV must be driven for at least 8 years to break even on initial production emissions.,earth.org,https://earth.org/environmental-impact-of-battery-production/,reporting,"- A 2021 study comparing EV and ICE emissions found that 46% of EV carbon emissions come from the production process while for an ICE vehicle, they only account for 26%. - Almost 4 tonnes of CO2 are released during the production process of a single electric car. - To break even, an electric vehicle must be used for at least 8 years to offset initial emissions by 0.5 tonnes of prevented emissions annually, based on data retrieved from Lifecycle Analysis of UK Road Vehicles – Ricardo.",supports,0.9,"The passage provides specific data on production emissions and the timeframe needed to break even, directly addressing the extent to which production impacts offset operational advantages.",N,direction,neither,,,N,neither
t08_ev/c1/e3/ev-58c1f0d5d0af,t08_ev,To what extent do the environmental impacts of battery production for electric cars offset their operational emission advantages over petrol cars?,supported,supports,"This source provides specific figures on how much more emission-intensive EV production is due to batteries, directly addressing the trade-off aspect of the element.",reddit.com,https://www.reddit.com/r/electricvehicles/comments/189dk4x/debunking_the_myth_of_ev_mfg_creating_more/,commentary,"""EV production generates approximately 50-70% more emissions than gas vehicle manufacturing, primarily due to battery production",supports,0.9,"The passage provides specific data on the higher emissions of EV manufacturing compared to gas vehicles due to battery production, which directly informs the comparison of environmental impacts mentioned in the element.",Y,,error,,,,
t08_ev/c1/e3/ev-rec-e2_1_6e4ef01c,t08_ev,To what extent do the environmental impacts of battery production for electric cars offset their operational emission advantages over petrol cars?,supported,supports,Points out that producing an electric car emits more greenhouse gases than an equivalent ICE car due to battery manufacturing.,carbone4.com,https://carbone4.com/en/analysis-faq-electric-vehicles,commentary,"Producing an electric car emits more greenhouse gases (CO₂e) than an equivalent ICE car (Internal Combustion Engine), mainly due to the manufacturing of ...",neither,1.0,The passage mentions higher manufacturing emissions for electric cars but does not provide information on whether or how these offset their operational emission advantages over petrol cars.,N,neither,error,,no response,,
t08_ev/c1/e3/ev-rec-e2_6_cf7d5506,t08_ev,To what extent do the environmental impacts of battery production for electric cars offset their operational emission advantages over petrol cars?,supported,supports,"Addresses lifetime emissions inclusive of manufacturing, concluding that overall emissions of EVs remain lower than gasoline cars.",edf.org,https://www.edf.org/have-questions-about-electric-vehicles-our-clean-car-expert-has-answers,commentary,"EVs are also quiet, odorless and fun to drive, with instant torque and intuitive one-pedal driving. There’s a reason that, of American EV drivers surveyed, 92% said their next vehicle would likely be an EV again. Q: Is an EV cleaner than a gasoline-powered vehicle today, even in cases where we’re burning coal for electricity to charge it. A: Yes, by and large, over the life of the vehicle, the total emissions of EVs are lower than for similar cars that run on gasoline — even in places where coal",supports,0.9,"The passage explicitly states that, over the life of the vehicle, total emissions of EVs are lower than gasoline cars despite production and charging impacts, thus addressing the extent to which emissions are offset.",Y,,neither,0.85,"The element is framed as an open question, and the passage discusses lifetime emissions versus gasoline cars charged with coal power without specifically addressing the emissions from battery production.",N,neither
t09_sqlite_url/c1/e1/ev-d4a06d06240b,t09_sqlite_url,"SQLite made the Write-Ahead Log option available beginning with version 3.7.0 on July 21, 2010.",supported,supports,Affirms that SQLite has supported Write-Ahead Logging since version 3.7.0 released on 2010-07-21.,wiki.tnonline.net,https://wiki.tnonline.net/w/Blog/SQLite_Performance_on_Btrfs,commentary,"- SQLite has since version 3.7.0 (2010-07-21) supported a new journaling mode called Write-Ahead Logging, or simply WAL.",supports,1.0,"The passage confirms that SQLite has supported the Write-Ahead Logging mode since version 3.7.0 on July 21, 2010.",Y,,supports,1.0,"The passage directly confirms that SQLite has supported Write-Ahead Logging since version 3.7.0, released on July 21, 2010.",Y,
t09_sqlite_url/c1/e1/ev-rec-e1_1_314a5303,t09_sqlite_url,"SQLite made the Write-Ahead Log option available beginning with version 3.7.0 on July 21, 2010.",supported,supports,States that a .WAL file is a Write-Ahead Log used by SQLite databases in version 3.7.0 and newer.,youtube.com,https://www.youtube.com/watch?v=hcHxpsftiko,commentary,Rated) https://www.filemagic.com/?utm_source=youtube&utm_content=WAL A .WAL file is a Write-Ahead Log used by SQLite databases (version 3.7.0 and newer) ...,supports,0.9,The passage confirms that SQLite uses a Write-Ahead Log starting with version 3.7.0 and newer.,Y,,supports,0.85,The passage,Y,
t09_sqlite_url/c1/e1/ev-rec-e1_4_25a742eb,t09_sqlite_url,"SQLite made the Write-Ahead Log option available beginning with version 3.7.0 on July 21, 2010.",supported,supports,Confirms that SQLite version 3.7.0 was released in July 2010.,finance.biggo.com,https://finance.biggo.com/news/794779f2-8f84-474f-85f8-503ce0f1eea4,reporting,"SQLite maintainers confirmed the bug dates back to version 3.7.0 released in July 2010, and a fix is now available with users advised to upgrade.",supports,0.9,"The passage confirms that SQLite version 3.7.0 was released in July 2010, which aligns with the date and version mentioned in the element.",Y,,neither,0.9,"The passage confirms that SQLite version 3.7.0 was released in July 2010, but it does not mention the Write-Ahead Log option.",N,neither
t09_sqlite_url/c2/e1/ev-07381f83994a,t09_sqlite_url,SQLite performs an automatic checkpoint by default when the WAL file reaches a threshold size of 1000 pages.,unresolved,supports,"States SQLite triggers a checkpoint by default once the WAL reaches a threshold size of 1,000 pages.",theconsensus.dev,https://theconsensus.dev/p/2026/08/23/another-look-at-sqlite-wal-reset.html,commentary,"- Once the WAL has reached a threshold size of 1,000 pages (by default), SQLite triggers a checkpoint.",supports,1.0,"The passage explicitly states that SQLite triggers a checkpoint once the WAL reaches a threshold size of 1,000 pages by default, which directly aligns with the element.",Y,,supports,1.0,The passage directly states that SQLite triggers a checkpoint by default when the WAL reaches a,Y,
t09_sqlite_url/c2/e2/ev-a8a662803c5c,t09_sqlite_url,An SQLite database connection defaults to journal_mode=DELETE.,unresolved,supports,"Confirms that by default, SQLite operates in DELETE journal mode.",dev.to,https://dev.to/lumin-playstar/sqlite-wal-mode-10x-performance-for-python-apps-4ic,commentary,"- According to DEV Community, by default, SQLite operates in DELETE journal mode (or TRUNCATE, which is similar). - According to DEV Community, when the WAL file reaches a certain size (default: 1000 pages, configurable via PRAGMA wal_autocheckpoint), an automatic checkpoint is triggered.",supports,1.0,"The passage explicitly states that by default, SQLite operates in DELETE journal mode.",Y,,supports,0.95,"The passage explicitly states that by default, SQLite operates in DELETE journal mode.",Y,
t09_sqlite_url/c2/e2/ev-rec-e2_4_86c9b258,t09_sqlite_url,An SQLite database connection defaults to journal_mode=DELETE.,unresolved,supports,"States that the default journal mode for SQLite uses a rollback journal and that 'The default, DELETE, uses a rollback journal'.",coddy.tech,https://coddy.tech/docs/sqlite/pragma-settings,commentary,"The Production Baseline If you only remember five PRAGMAs, remember these: That's a sensible default for almost any application using SQLite as its primary store. Each one is worth understanding individually - the rest of this page walks through them. journal_mode = WAL The journal mode controls how SQLite makes writes durable. The default, DELETE, uses a rollback journal: writers block readers and readers block writers. Fine for a CLI tool, painful for a web app",supports,1.0,The passage explicitly states that the default journal mode for SQLite is DELETE.,Y,,supports,0.95,"The passage explicitly states that 'The default, DELETE, uses a rollback journal' when discussing SQLite's journal mode.",Y,
t09_sqlite_url/c2/e3/ev-e41783bc703b,t09_sqlite_url,The SQLite journal_mode=WAL setting is persistent across closing and reopening the database.,supported,supports,Confirms the WAL setting is persistent because it is stored in the database file header across future connections.,coddy.tech,https://coddy.tech/docs/sqlite/wal-mode-and-concurrency,commentary,"- The setting is persistent - it's stored in the database file header, so future connections automatically use WAL too. - SQLite checkpoints automatically when the WAL passes ~1000 pages (the default wal_autocheckpoint).",supports,1.0,The passage explicitly states that the WAL setting is persistent because it is stored in the database file header so future connections automatically use it.,Y,,supports,0.99,The passage explicitly states that the WAL setting is persistent and stored in the database file header so future connections automatically use it.,Y,
t09_sqlite_url/c2/e3/ev-f3a5ec081d48,t09_sqlite_url,The SQLite journal_mode=WAL setting is persistent across closing and reopening the database.,supported,supports,Notes that WAL mode is set per-database and persists across connections.,oneuptime.com,https://oneuptime.com/blog/post/2026-03-02-how-to-set-up-sqlite-with-wal-mode-on-ubuntu/view,commentary,"- WAL mode is set per-database and persists across connections. - By default, an automatic checkpoint triggers after 1000 pages are written to the WAL.",supports,1.0,"The passage explicitly states that WAL mode persists across connections, which directly supports the claim that the setting persists across closing and reopening the database.",Y,,supports,0.95,"The passage explicitly states that WAL mode persists across connections, which directly supports the claim that the setting persists across closing and reopening the database.",Y,
t09_sqlite_url/c2/e3/ev-rec-e3_2_72e91004,t09_sqlite_url,The SQLite journal_mode=WAL setting is persistent across closing and reopening the database.,supported,supports,Confirms that WAL mode persists across connections once set in SQLite.,khimananda.com,https://khimananda.com/blog/sqlite-for-production-small-sites-and-cli,commentary,WAL mode persists across connections once set and significantly improves throughput for web applications serving multiple simultaneous requests on Linux servers.,supports,1.0,"The passage explicitly states that WAL mode persists across connections once set, which directly supports the element that the setting is persistent across closing and reopening the database.",Y,,supports,0.95,"The passage explicitly states that WAL mode persists across connections once set, supporting the claim that the setting is persistent across closing and reopening the database.",Y,
t11_inflation/c1/e1/ev-e78891724300,t11_inflation,Inflation falling from 10% to 3% implies a mathematical price level change.,supported,supports,"Defines inflation as the percentage change in price level over a period, confirming that changes in the inflation rate mathematically reflect price level dynamics.",calculatorlib.com,https://calculatorlib.com/inflation-calculator,primary,"- Inflation rate is the percentage increase in the general price level over a period, usually one year. - A 3% annual rate means prices are, on average, 3% higher than a year earlier.",neither,0.9,"The passage defines the inflation rate and what a 3% annual rate means, but it does not discuss falling inflation from 10% to 3% or its implication for a mathematical price level change.",N,neither,error,,no response,,
t11_inflation/c1/e2/ev-a5f53649d595,t11_inflation,A decrease in the inflation rate from 10% to 3% causes prices to fall by 7%.,disputed,challenges,"Clarifies that when the inflation rate decreases (disinflation), prices do not fall but continue rising at a slower rate.",stlouisfed.org,https://www.stlouisfed.org/publications/page-one-economics/2024/03/01/the-inflation-rate-is-falling-but-prices-are-not,primary,"- When the inflation rate falls, say from 8% to 4%, it is called disinflation, meaning the price level is rising at a slower rate. - When the annual inflation rate is 4%, the average level of prices still increases by 4% that year. - When the inflation rate decreases, prices do not.",challenges,1.0,"The passage explicitly states that when the inflation rate decreases, prices do not fall, which directly contradicts the claim.",Y,,error,,,,
t11_inflation/c1/e2/ev-d9de53080f33,t11_inflation,A decrease in the inflation rate from 10% to 3% causes prices to fall by 7%.,disputed,challenges,"States that falling inflation does not mean prices drop, as prices only fall during deflation when inflation is negative.",dnb.nl,https://www.dnb.nl/en/the-euro-and-europe/inflation/falling-inflation-yet-rising-prices-how-does-that-work/,primary,"- When inflation falls, it doesn’t mean prices are dropping, but rather that they are rising more slowly. - Prices only fall when inflation for a product or service is negative: below 0%, which is called deflation.",challenges,1.0,"The passage explicitly states that falling inflation does not mean prices are dropping, which directly contradicts the claim that a decrease in inflation causes prices to fall.",Y,,challenges,0.95,"The passage directly contradicts the claim by stating that falling inflation means prices are rising more slowly, not dropping, and that prices only fall when inflation is below 0%.",Y,
t11_inflation/c1/e2/ev-8d50f530836a,t11_inflation,A decrease in the inflation rate from 10% to 3% causes prices to fall by 7%.,disputed,challenges,"Explains that a falling positive inflation rate is disinflation where prices still rise, contradicting the assertion that prices decrease.",hisabhkaro.com,https://hisabhkaro.com/learn/deflation-formula/,commentary,"- Disinflation refers to a slower rate of price increase, where the inflation rate is positive but falling (e.g., 7% to 4%). - Deflation refers to an absolute fall in the price level, where the inflation rate is negative. - Disinflation means prices are still rising, just more slowly, whereas deflation means prices are falling in absolute terms.",challenges,1.0,"The passage explicitly states that disinflation means prices are still rising, just more slowly, which contradicts the element's claim that a falling inflation rate causes prices to fall.",Y,,challenges,0.95,"The passage explains that when the inflation rate is positive but falling, prices are still rising more slowly rather than falling in absolute terms.",Y,
t11_inflation/c1/e2/ev-64d666b68d08,t11_inflation,A decrease in the inflation rate from 10% to 3% causes prices to fall by 7%.,disputed,challenges,"The evidence points out that even if inflation goes to zero, high prices persist, directly contradicting the claim that falling inflation rates mean prices themselves fall.",crr.bc.edu,https://crr.bc.edu/low-inflation-does-not-mean-americans-are-fine/,commentary,"- Even if inflation went to zero, the high prices would persist. - According to the Consumer Price Index for all Urban Consumers (CPI-U), inflation took off in mid-2021 and hit a peak of 9 percent in June, 2022. - The rate of inflation has declined sharply and in the most recent report stood at 3 percent.",challenges,1.0,"A decrease in the inflation rate means prices are still rising but at a slower pace, not falling by 7% as claimed by the element.",Y,,error,,no response,,
t12_venus_image/c1/e1/ev-bb86ce72ee6d,t12_venus_image,Venus is a planet in the Solar System.,supported,supports,NASA Science profile identifies Venus as a planet within our solar system.,science.nasa.gov,https://science.nasa.gov/venus/venus-facts/,primary,- Venus is the hottest planet in our solar system. - Venus has a thick atmosphere that traps heat in a runaway greenhouse effect. - Surface temperatures on Venus are about 872 degrees Fahrenheit (467 Celsius).,supports,1.0,"The passage refers to Venus as 'the hottest planet in our solar system,' which supports the element that Venus is a planet in the Solar System.",Y,,supports,1.0,"The passage explicitly states that Venus is the hottest planet in our solar system, directly supporting the element.",Y,
t12_venus_image/c1/e1/ev-22b457bf6120,t12_venus_image,Venus is a planet in the Solar System.,supported,supports,NASA Planetary Fact Sheet details planetary data for Venus in our solar system.,science.nasa.gov,https://science.nasa.gov/resource/solar-system-temperatures/,primary,"- According to the NASA Planetary Fact Sheet, Venus is our solar system's hottest planet due to its proximity to the Sun and its dense atmosphere. - According to NASA, the mean temperature of Venus is 867°F (464°C). - According to NASA, the dense atmosphere of Venus acts as a greenhouse and heats the surface to above the melting point of lead.",supports,1.0,"The passage explicitly refers to Venus as 'our solar system's hottest planet', which supports the element that Venus is a planet in the Solar System.",Y,,supports,1.0,The passage explicitly refers to Venus as 'our solar system's hottest planet'.,Y,
t12_venus_image/c1/e2/ev-aba751eb759c,t12_venus_image,Venus has a higher surface temperature than any other planet in the Solar System.,supported,supports,"States directly that Venus is the hottest planet in the Solar System, with an average surface temperature of 464 °C.",nature.com,https://www.nature.com/articles/s44172-026-00647-y,primary,- Venus is the hottest planet in the Solar System. - Venus sustains an average surface temperature of 464 °C. - Venus has a dense atmosphere rich in carbon dioxide and sulphuric acid. - Venus generates atmospheric pressures up to 92 bar.,supports,1.0,"The passage explicitly states that Venus is the hottest planet in the Solar System, which directly supports the claim that it has the highest surface temperature.",Y,,supports,0.98,The passage explicitly states that Venus is the hottest planet in the Solar System and sustains an average surface temperature of 464 °C.,Y,
t12_venus_image/c1/e2/ev-158c84c69cd6,t12_venus_image,Venus has a higher surface temperature than any other planet in the Solar System.,supported,supports,"Confirms that Venus has the hottest surface of any planet in the Solar System, averaging 470 °C.",planetary.org,https://www.planetary.org/worlds/venus,reporting,"- According to planetary.org, Venus has average surface temperatures of 470 degrees Celsius (878 degrees Fahrenheit). - According to planetary.org, Venus has the hottest surface of any planet in the Solar System. - According to planetary.org, the surface temperature of Venus ranges from 440°C (820°F) to 480°C (900°F).",supports,1.0,"The passage explicitly states that Venus has the hottest surface of any planet in the Solar System, which directly supports the claim.",Y,,supports,1.0,The passage explicitly states that Venus has the hottest surface of any planet in the Solar System.,Y,
t12_venus_image/c1/e2/ev-7b65bca49f98,t12_venus_image,Venus has a higher surface temperature than any other planet in the Solar System.,supported,supports,"Reports that Venus's average surface temperature of 464°C makes it the hottest world in the solar system, well above Mercury's 167°C.",science.nasa.gov,https://science.nasa.gov/solar-system/planets/,primary,"- The surface of Venus averages a blistering 464°C (867°F), making it the hottest world in the solar system. - Mercury's average surface temperature is significantly lower at approximately 167°C (333°F) despite receiving greater solar energy. - Carbon dioxide makes up about 96.5% of the total gas volume in Venus's atmosphere. - The surface temperature on Venus reaches a constant high of 464°C (867°F) due to a runaway greenhouse effect.",supports,1.0,"The passage explicitly states that Venus has a surface temperature of 464°C, making it the hottest world in the solar system.",Y,,supports,1.0,"The passage states that the surface of Venus averages 464°C, making it the hottest world in the solar system.",Y,
t12_venus_image/c1/e2/ev-155511728061,t12_venus_image,Venus has a higher surface temperature than any other planet in the Solar System.,supported,supports,States Venus is the hottest planet in the solar system due to a thick carbon dioxide atmosphere.,brainly.com,https://brainly.com/question/24409175,commentary,"Venus is the hottest planet in the solar system mainly due to its thick atmosphere rich in carbon dioxide, causing a strong greenhouse effect.",supports,1.0,"The passage confirms that Venus is the hottest planet in the solar system, which directly matches the claim that it has the highest surface temperature.",Y,,supports,0.95,The passage explicitly states that Venus is the hottest planet in the solar system.,Y,
t13_sweden/c1/e1/ev-842a98804320,t13_sweden,Sweden chose not to impose a general lockdown during the 2020-22 period.,supported,supports,Confirms Sweden decided against implementing a mandatory lockdown during 2020.,nature.com,https://www.nature.com/articles/s41598-023-45934-2,primary,"- Sweden decided not to implement a mandatory lockdown from the end of February 2020 to the end of September 2020. - Compared to the average number of deaths in the previous 5 years, 7,144 more Swedes died in the year 2020.",supports,1.0,The passage confirms the element by stating that Sweden decided not to implement a mandatory lockdown during a portion of the specified period.,Y,,error,,no response,,
t13_sweden/c1/e1/ev-0ef47dcd1457,t13_sweden,Sweden chose not to impose a general lockdown during the 2020-22 period.,supported,supports,Reports that Sweden never enacted a lockdown involving severe movement restrictions or stay-at-home orders.,bbc.com,https://www.bbc.com/future/article/20250304-the-countries-that-never-locked-down-for-covid-19,reporting,"- Sweden, Taiwan, Uruguay, Iceland, and a few others never enacted a lockdown involving severe restrictions on the movement of people such as legally binding stay-at-home orders. - A study published in May 2024 compared excess deaths in Sweden, Norway, Denmark, and Finland during the first years of the pandemic, finding a noticeable spike in excess deaths in Sweden during the initial waves in 2020. - Excess mortality fell in Norway, Denmark, and Finland in 2020, but rose compared to Sweden in 2021 and 2022. - Official figures suggest around 840 people have died of Covid-19 in Tanzania since the start of the pandemic.",supports,1.0,The passage explicitly states that Sweden never enacted a lockdown involving severe restrictions such as legally binding stay-at-home orders.,Y,,supports,0.95,The passage explicitly states that Sweden never enacted a lockdown involving severe restrictions on movement such as legally binding stay-at-home orders.,Y,
t13_sweden/c1/e1/ev-aed744939436,t13_sweden,Sweden chose not to impose a general lockdown during the 2020-22 period.,supported,supports,States that Sweden's pandemic response was less invasive and did not include a general lockdown.,pmc.ncbi.nlm.nih.gov,https://pmc.ncbi.nlm.nih.gov/articles/PMC7537539/,primary,"- According to the paper, Sweden's response to COVID-19 was less invasive than many other countries, with no general lockdown.",supports,1.0,The passage explicitly states that Sweden had no general lockdown during its COVID-19 response.,Y,,supports,0.95,The passage explicitly notes that Sweden's response to COVID-19 included no general lockdown.,Y,
t13_sweden/c1/e3/ev-271cb07adc3a,t13_sweden,Sweden experienced lower excess mortality in 2020-22 compared to every other European country.,disputed,challenges,"Shows Sweden's 2020-2022 cumulative excess mortality (158 per 100,000) was higher than Denmark (97) and Norway (129).",pmc.ncbi.nlm.nih.gov,https://pmc.ncbi.nlm.nih.gov/articles/PMC10399217/,primary,"- According to available data on excess all-cause mortality rates, Sweden experienced fewer deaths per population unit during the pandemic (2020–2022) than most high-income countries. - From January 2020 to December 2022, cumulative excess all-cause mortality across 42 European countries ranged from 46 to 1,080 deaths per 100,000 inhabitants, with a median of 351/100,000. - In Sweden, the excess mortality rate for 2020–2022 was 158/100,000 inhabitants. - Other Nordic excess mortality rates for 2020–2022 were Norway at 129, Denmark at 97, and Finland at 228 per 100,000 inhabitants. - In 2020, estimated excess mortality was 85/100,000 in Sweden, while Nordic neighbors recorded 2 (Norway), 3 (Denmark), and 26/100,000 (Finland). - During 2021–2022, Sweden's excess mortality was 69/100,000, compared to 97–204 for other Nordic countries and a median of 192 for Europe in general. - Approximately 40% of COVID-19-associated deaths in Sweden were among patients in nursing homes, and 67% of all COVID-19 deaths were among individuals above 80 years of age.",challenges,1.0,"The passage shows that Denmark and Norway had lower excess mortality than Sweden, contradicting the claim that Sweden experienced lower excess mortality than every other European country.",Y,,challenges,0.95,,Y,
t13_sweden/c1/e3/ev-c503cefd1697,t13_sweden,Sweden experienced lower excess mortality in 2020-22 compared to every other European country.,disputed,challenges,"Indicates Sweden was one of five European countries with the lowest cumulative excess mortality, rather than lower than all others.",ons.gov.uk,https://www.ons.gov.uk/peoplepopulationandcommunity/birthsdeathsandmarriages/deaths/articles/comparingdifferentinternationalmeasuresofexcessmortality/2022-12-20,primary,"The five countries with the lowest cumulative excess mortality up to week 26 2022 in the ONS' comparisons of all-cause mortality between European countries and regions release, were amongst the lowest across all measures available; these were Denmark, Iceland, Luxembourg, Norway, and Sweden",challenges,1.0,"The passage states that five countries were among the lowest in cumulative excess mortality (listing Denmark, Iceland, Luxembourg, Norway, and Sweden), which contradicts the claim that Sweden experienced lower excess mortality than *every*…",Y,,error,,no response,,
t13_sweden/c1/e3/ev-e58856a4a31f,t13_sweden,Sweden experienced lower excess mortality in 2020-22 compared to every other European country.,disputed,supports,Reports Statistics Sweden findings that Sweden had the lowest excess mortality rate (4.4% increase) in the EU and Nordic countries for 2020-2022.,pmc.ncbi.nlm.nih.gov,https://pmc.ncbi.nlm.nih.gov/articles/PMC12048725/,primary,"- An article published in the newspaper Svenska Dagbladet on March 4, 2023, stated that Sweden's excess mortality was lowest in the European Union and the Nordic countries for the 2020-2022 period, according to Statistics Sweden. - According to calculations reported in the newspaper from Statistics Sweden, Norway had 5.0% more deaths in 2020-2022 compared to 2017-2019, while Sweden had 4.4% more deaths. - Total excess mortality for the years 2020-2022 was 11,897 individuals in Sweden and 6089 in Norway. - In Sweden, 60% of excess mortality was observed in 2020, 8% in 2021, and 32% in 2022.",challenges,0.9,"The element claims Sweden had lower excess mortality than *every other European country*, whereas the passage specifies it was lowest only in the European Union and the Nordic countries, leaving open countries outside the EU/Nordic region …",N,direction,error,,,,
t13_sweden/c1/e3/ev-818d6871061b,t13_sweden,Sweden experienced lower excess mortality in 2020-22 compared to every other European country.,disputed,challenges,Data showing Sweden ranks 30th out of 47 European countries in per capita deaths contradicts the assertion that Sweden had lower excess mortality than every other European country.,en.wikipedia.org,https://en.wikipedia.org/wiki/COVID-19_pandemic_in_Sweden,primary,"The COVID-19 pandemic in Sweden is a part of the pandemic of coronavirus disease 2019 caused by severe acute respiratory syndrome coronavirus 2. As of 22 March 2023, there have been 2,701,192 confirmed cumulative cases and 23,851 deaths with confirmed COVID-19 in Sweden. Sweden ranks 57th in per capita deaths worldwide, and out of 47 European countries, Sweden places 30th. A 2022 estimate of excess mortality during the pandemic using IHME COVID model estimated 18,300 excess deaths during 2020–2021 The Economist model value estimated 13,670 excess deaths between 16th 2020-Mar 6th 2022.",challenges,1.0,"The passage states that Sweden places 30th out of 47 European countries in per capita deaths, which contradicts the claim that it experienced lower excess mortality than every other European country.",Y,,error,,no response,,
t14_bankrate_375/c1/e1/ev-5dfc06e10fd6,t14_bankrate_375,The Bank of England's Bank Rate is 3.75% as of 7 September 2026.,supported,supports,Directly confirms that the Bank of England base rate was 3.75% on 7 September 2026 with no change.,stoozemax.com,https://stoozemax.com/tools/base-rate,primary,- The Bank of England base rate was 3.75% on 7 September 2026 with no change.,supports,1.0,The passage explicitly confirms that the Bank of England base rate was 3.75% on 7 September 2026.,Y,,supports,1.0,The passage directly confirms that the Bank of England base rate was 3.75% on 7 September 2026.,Y,
t14_bankrate_375/c1/e1/ev-3895d68c4dff,t14_bankrate_375,The Bank of England's Bank Rate is 3.75% as of 7 September 2026.,supported,supports,Official parliamentary record confirming the MPC's decision to hold the Bank Rate at 3.75%.,committees.parliament.uk,https://committees.parliament.uk/event/28071/formal-meeting-oral-evidence-session/,primary,"The session will focus on July's Monetary Policy Report, and the MPC's most recent decision to hold the Bank Rate at 3.75%. The Governor of the Bank of England ...",neither,1.0,"The passage mentions the Bank Rate is 3.75%, but does not provide any date or temporal context matching 7 September 2026.",N,neither,neither,0.9,The passage mentions the Bank Rate being held,N,neither
t14_bankrate_375/c1/e1/ev-53fa1f6d1a26,t14_bankrate_375,The Bank of England's Bank Rate is 3.75% as of 7 September 2026.,supported,supports,Reports on the Bank of England's recent decision to hold the Bank Rate at 3.75%.,theguardian.com,https://www.theguardian.com/business/live/2026/sep/08/oil-price-approaches-100-a-barrel-saudi-attacks-bank-of-england-latest-news-updates?CMP=share_btn_url&page=with%3Ablock-6a9fa3a38f08b1fc6ac22c25,reporting,- MPs in London will question Bank of England governor Andrew Bailey and colleagues about their recent decision to hold the Bank Rate at 3.75%.,supports,1.0,The passage confirms the element by stating that the Bank Rate is 3.75%.,Y,,neither,0.85,"The passage confirms the Bank Rate was held at 3.75%, but does not mention the specific date of 7 September 2026.",N,neither
t14_bankrate_375/c1/e1/ev-8744c3909849,t14_bankrate_375,The Bank of England's Bank Rate is 3.75% as of 7 September 2026.,supported,supports,Confirms the majority of the committee voted to hold benchmark rates at 3.75%.,independent.co.uk,https://www.independent.co.uk/news/uk/politics/bank-of-england-interest-rate-huw-pill-b3044335.html,reporting,"- The majority, which featured governor Andrew Bailey, voted instead to hold benchmark rates at 3.75 per cent.",supports,1.0,"The passage confirms that the benchmark rate is held at 3.75 per cent, which directly supports the claim about the Bank Rate.",Y,,neither,,,N,neither
t14_bankrate_375/c1/e2/ev-7212239c72ba,t14_bankrate_375,The next Bank of England interest rate decision is scheduled for 17 September 2026.,supported,supports,Explicitly confirms the next Bank of England interest rate decision is scheduled for Thursday 17 September 2026 at 12:00 UK time.,cambridgecurrencies.com,https://cambridgecurrencies.com/next-bank-of-england-interest-rate-decision/,reporting,"- The Bank of England held Bank Rate at 3.75% on 30 July 2026, where it has stood since late 2025. - The next Bank of England interest rate decision is on Thursday 17 September 2026, announced at 12:00 UK time along with the minutes of the meeting. - The current UK interest rate (Bank Rate) is 3.75%.",supports,1.0,The passage explicitly states that the next Bank of England interest rate decision is on Thursday 17 September 2026.,Y,,supports,1.0,The passage explicitly states that the next Bank of England interest rate decision is on Thursday 17 September 2026.,Y,
t14_bankrate_375/c1/e2/ev-75cea332ed1d,t14_bankrate_375,The next Bank of England interest rate decision is scheduled for 17 September 2026.,supported,supports,Official statement confirming the Monetary Policy Summary and MPC meeting minutes will be published on 17 September 2026.,bankofengland.co.uk,https://www.bankofengland.co.uk/news/2026/september/statement-announcing-governors-interview,primary,"Statement Following the publication of Monetary Policy Summary and minutes of the Monetary Policy Committee meeting on 17 September 2026, the Governor will give his usual pooled broadcast interview",supports,0.9,"The passage confirms that a Monetary Policy Committee meeting and summary are scheduled for 17 September 2026, which aligns with the Bank of England interest rate decision date.",Y,,error,,,,
t14_bankrate_375/c1/e2/ev-254c5e93ea61,t14_bankrate_375,The next Bank of England interest rate decision is scheduled for 17 September 2026.,supported,supports,"Records the event date for the Bank of England rate decision as September 17, 2026.",robinhood.com,https://robinhood.com/us/en/prediction-markets/economics/events/bank-of-england-rate-decision-in-september-sep-17-2026/,primary,"- The event day for the Bank of England rate decision is September 17, 2026.",supports,1.0,"The passage explicitly states that the event day for the Bank of England rate decision is September 17, 2026, which directly supports the element.",Y,,supports,0.95,"The passage explicitly states that the Bank of England rate decision is set for September 17, 2026.",Y,
